"dataset","arm","parameter","mean","sd","q2.5","q50","q97.5"
"c_proliferum","A","bot_Intercept",-1.0360734750675,0.248789555785475,-1.5764260075,-1.01086095,-0.611503085
"c_proliferum","A","top_Intercept",0.130009463671375,0.0095826015768229,0.11113142675,0.12978866,0.1490522605
"c_proliferum","A","beta_Intercept",-3.5731265367375,0.276075507178298,-4.0819059975,-3.58209755,-2.9949191775
"c_proliferum","A","nec_Intercept",1.30459836676925,0.568713442112336,0.43636483275,1.23477455,2.6104246125
"c_proliferum","A","sigma",0.074948236706875,0.00643716293522817,0.063448231675,0.0746034845,0.08864674405
"c_proliferum","B1","bot_Intercept",-0.0233963458211881,0.0134790912061478,-0.057269415025,-0.0209563305,-0.00426364009
"c_proliferum","B1","top_Intercept",0.1179013587875,0.00169582521789324,0.1145255485,0.11790538,0.12120202
"c_proliferum","B1","beta_Intercept",-2.0603432622875,0.237881083305434,-2.5858332225,-2.0358651,-1.6576410225
"c_proliferum","B1","nec_Intercept",2.04812008631375,0.476017324016037,1.0075241325,2.1020171,2.8960803625
"c_proliferum","B1","sigma",0.0124553530261125,0.00110107059282233,0.0105270497,0.012351963,0.014869110925
"c_proliferum","B2","top_Intercept",0.12003147271425,0.0191729552785177,0.082059806475,0.120042695,0.15817450375
"c_proliferum","B2","beta_Intercept",-0.338063977520656,2.10675946459122,-1.97561173,-0.979420715,7.08957005
"c_proliferum","B2","nec_Intercept",0.688611000794,0.301797524492781,0.225094678,0.636977835,1.36744725
"c_proliferum","B2","bot_Intercept",0,0,0,0,0
"c_proliferum","B2","sigma",0.13974656194375,0.0113338677755298,0.1196119925,0.13903499,0.16445485675
"c_proliferum","B3","top_Intercept",0.1178091864925,0.00163669491689215,0.11466171125,0.117804225,0.1210712625
"c_proliferum","B3","beta_Intercept",-1.6244461991875,0.11056522478574,-1.840693435,-1.6270909,-1.39623363
"c_proliferum","B3","nec_Intercept",2.50081250834625,0.400798600467548,1.7137309525,2.47406665,3.3422239925
"c_proliferum","B3","bot_Intercept",0,0,0,0,0
"c_proliferum","B3","sigma",0.012400699863725,0.001066494126931,0.01053310845,0.012318313,0.01470979885
"c_proliferum","C","bot_Intercept",-0.611008423441125,0.270554681251081,-1.21479556,-0.584433165,-0.17878737775
"c_proliferum","C","top_Intercept",0.11817797546625,0.00171057616965089,0.1148517235,0.118194335,0.1215564135
"c_proliferum","C","beta_Intercept",-3.971150448425,0.442214479097234,-4.70636457,-4.0163462,-3.0055578375
"c_proliferum","C","nec_Intercept",1.66350126720625,0.447545652725827,0.82415793325,1.6661343,2.5113675525
"c_proliferum","C","sigma",0.0128123032617625,0.00117530415733931,0.010789672425,0.012707316,0.015388788575
"c_proliferum","C2","bot_Intercept",-0.610105022361875,0.26959485569824,-1.2060138575,-0.57676553,-0.1875112815
"c_proliferum","C2","top_Intercept",0.1181671101575,0.0017067571302864,0.11487281125,0.118151765,0.1216227255
"c_proliferum","C2","beta_Intercept",-3.9712032219,0.431224576620853,-4.7176395925,-4.00332355,-3.037871655
"c_proliferum","C2","nec_Intercept",1.67107640178,0.449933298312441,0.8357859075,1.6757118,2.5268927075
"c_proliferum","C2","sigma",0.012799932818425,0.00115533352107633,0.0107762844,0.0127166515,0.01532277945
"c_proliferum","D","bot_Intercept",-0.414212730721481,0.30116269308521,-1.08937928,-0.372215135,0.0349270980749999
"c_proliferum","D","top_Intercept",0.1176811834175,0.00154793759882976,0.11467884325,0.11769315,0.1206797075
"c_proliferum","D","beta_Intercept",-3.95031216118125,0.765596928897786,-5.136040735,-4.0559517,-2.1499973775
"c_proliferum","D","nec_Intercept",1.092008550235,0.448010966424376,0.4094482885,1.02169195,2.13516841
"c_proliferum","D","sigma",0.011462064309575,0.00109515761735994,0.00955381817,0.01138777,0.013863452825
"c_proliferum","SQ","bot_Intercept",0.0341471127281138,0.016927266880952,0.0082025263575,0.0320920875,0.07310780375
"c_proliferum","SQ","top_Intercept",0.93936085097125,0.0114216064095085,0.91452623475,0.940646935,0.9583595215
"c_proliferum","SQ","beta_Intercept",-1.34564758796125,0.146179381359671,-1.6327763,-1.34756915,-1.047838515
"c_proliferum","SQ","nec_Intercept",2.5733127662975,0.284484323665506,2.0665711775,2.534175,3.22407541
"c_proliferum2","A","bot_Intercept",-1.2655196642025,0.183222263597493,-1.6508719225,-1.25464915,-0.94618583475
"c_proliferum2","A","top_Intercept",0.16338166793625,0.00230692550267967,0.15870556675,0.163414505,0.1678215805
"c_proliferum2","A","beta_Intercept",-7.6164561478,0.155848234648259,-7.9117855525,-7.62006995,-7.3092237125
"c_proliferum2","A","nec_Intercept",238.63281672875,8.27851133157355,222.26779475,238.6038,254.654101
"c_proliferum2","A","sigma",0.015367857083875,0.00146026433712849,0.0128187883,0.015254088,0.018522198625
"c_proliferum2","B1","bot_Intercept",-0.0111490478409705,0.00579417815695357,-0.023210625775,-0.010888764,-0.000329391797500005
"c_proliferum2","B1","top_Intercept",0.16363907144,0.00175837485012502,0.16023250775,0.1635984,0.16714005225
"c_proliferum2","B1","beta_Intercept",-5.309811499325,0.137838511953971,-5.58865063,-5.30212235,-5.0556492025
"c_proliferum2","B1","nec_Intercept",212.4934787825,15.4217850811156,181.74128625,215.41209,236.85559175
"c_proliferum2","B1","sigma",0.0110381565846,0.000995657672680427,0.0093062083175,0.010961368,0.01321228315
"c_proliferum2","B2","top_Intercept",0.158609893886875,0.0130583005516487,0.1335255715,0.15885869,0.18396412075
"c_proliferum2","B2","beta_Intercept",-1.82475310478701,4.00447235142008,-5.3464427925,-3.83501965,7.8850880725
"c_proliferum2","B2","nec_Intercept",306.989995712625,74.2840109404166,168.82881775,308.18276,423.13080475
"c_proliferum2","B2","bot_Intercept",0,0,0,0,0
"c_proliferum2","B2","sigma",0.085476633503125,0.00748465852556084,0.0723434231,0.085059313,0.101363179
"c_proliferum2","B3","top_Intercept",0.1634480928375,0.00172972347357871,0.16006792625,0.163453095,0.1668767945
"c_proliferum2","B3","beta_Intercept",-5.12663864765,0.0902718885104222,-5.3190319825,-5.1217199,-4.9579877075
"c_proliferum2","B3","nec_Intercept",222.06866169125,11.884949671014,191.6808535,223.688805,241.09473025
"c_proliferum2","B3","bot_Intercept",0,0,0,0,0
"c_proliferum2","B3","sigma",0.011254868670875,0.000978232338970123,0.0094807767775,0.011186924,0.013331805675
"c_proliferum2","C","bot_Intercept",-0.42703026032,0.177119437120717,-0.8394842505,-0.4023449,-0.16098688775
"c_proliferum2","C","top_Intercept",0.164442125305,0.00157273603695217,0.1612643145,0.164443415,0.16754446875
"c_proliferum2","C","beta_Intercept",-6.9926052867125,0.348601169277005,-7.6501026475,-7.00367225,-6.3017670375
"c_proliferum2","C","nec_Intercept",180.73187932125,9.53652500813101,161.833616,180.72436,200.248061
"c_proliferum2","C","sigma",0.0097888064520625,0.000950056279888528,0.008170855295,0.00970071285,0.011894986825
"c_proliferum2","C2","bot_Intercept",-0.430775661718,0.178304197669547,-0.8518573485,-0.40591169,-0.165142227
"c_proliferum2","C2","top_Intercept",0.16448046033125,0.00156170571567945,0.161460536,0.164461205,0.16749529425
"c_proliferum2","C2","beta_Intercept",-7.0006439851125,0.347404350425162,-7.6566868875,-7.00921425,-6.32544906
"c_proliferum2","C2","nec_Intercept",180.50930523125,9.50135417236875,161.42718475,180.561515,199.791033
"c_proliferum2","C2","sigma",0.009778856999125,0.000945525002215972,0.0081559495925,0.00969730675,0.011848742025
"c_proliferum2","D","bot_Intercept",-0.285368120351494,0.187820139117951,-0.72658567325,-0.25471163,-0.0184381352
"c_proliferum2","D","top_Intercept",0.16442351924875,0.00157654540437214,0.1613545645,0.164442375,0.16755647825
"c_proliferum2","D","beta_Intercept",-6.648605092,0.509101127143706,-7.535467745,-6.6810788,-5.5919181825
"c_proliferum2","D","nec_Intercept",179.471872935,10.4212947800432,158.44767475,179.728175,199.8594375
"c_proliferum2","D","sigma",0.0099225902448875,0.000949701231813008,0.008291294965,0.00985337165,0.012022990125
"c_proliferum2","SQ","bot_Intercept",0.0437160511211,0.0185578001829047,0.013041601675,0.0421403635,0.0837831173
"c_proliferum2","SQ","top_Intercept",0.9580489188775,0.00761817490259839,0.941188693,0.9587203,0.9714443445
"c_proliferum2","SQ","beta_Intercept",-5.0529733890375,0.181801597050077,-5.3575932775,-5.0720773,-4.6787644825
"c_proliferum2","SQ","nec_Intercept",208.426306975,23.9024466130539,174.569782,199.940445,250.76452375
"r_salina","A","bot_Intercept",-1.9854303412875,0.0141477382481166,-2.0131294225,-1.98546915,-1.95754973
"r_salina","A","top_Intercept",1.42148409335,0.00698401340455795,1.4079091625,1.421461,1.43523051
"r_salina","A","beta_Intercept",0.4308657924025,0.214923518025621,0.21268704825,0.39010483,0.902628368
"r_salina","A","nec_Intercept",4.8668043438125,0.0215410321697901,4.834207395,4.86421165,4.9185393925
"r_salina","A","sigma",0.052769982080625,0.00429209428832916,0.045172845725,0.0524946195,0.062029112
"r_salina","B1","bot_Intercept",-0.0033898201035278,0.00929573915101539,-0.021590301125,-0.0032249572,0.014607774675
"r_salina","B1","top_Intercept",1.421545591625,0.00480206997319107,1.4121441975,1.42156535,1.43113461
"r_salina","B1","beta_Intercept",0.67253380153075,0.474972311981969,0.12209363975,0.54268617,2.028987165
"r_salina","B1","nec_Intercept",4.680067466225,0.112850194582924,4.4856218875,4.6668572,4.923817405
"r_salina","B1","sigma",0.03760149510625,0.0030430965267809,0.03231569335,0.037363085,0.0441853083
"r_salina","B2","top_Intercept",1.45779837765125,0.142421065596199,1.1788090575,1.45745735,1.73865704
"r_salina","B2","beta_Intercept",-0.434116900755444,1.26604374680953,-1.33632181,-0.69363836,4.087105435
"r_salina","B2","nec_Intercept",0.775657254685125,0.334608600087624,0.24253950075,0.734399235,1.5321195175
"r_salina","B2","bot_Intercept",0,0,0,0,0
"r_salina","B2","sigma",1.02193424861875,0.0800893126544907,0.8808232495,1.01662025,1.196229035
"r_salina","B3","top_Intercept",1.4214054889,0.00478720065910085,1.4119763125,1.4214027,1.43076818
"r_salina","B3","beta_Intercept",0.713703077389925,0.442016490813372,0.17729869525,0.594427935,1.89988488
"r_salina","B3","nec_Intercept",4.6946287352625,0.105280048900058,4.5121411975,4.6841354,4.9151312325
"r_salina","B3","bot_Intercept",0,0,0,0,0
"r_salina","B3","sigma",0.037426609669125,0.00295025233047673,0.0322673415,0.037164312,0.0436571226
"r_salina","C","bot_Intercept",-5.91741681125,2.23352295242108,-11.00035115,-5.64155235,-2.5131000175
"r_salina","C","top_Intercept",1.4216072485,0.00563591981533302,1.41060354,1.4215364,1.4325931575
"r_salina","C","beta_Intercept",-0.971805591631362,0.749117977449289,-2.0450022425,-1.1090881,0.791371801
"r_salina","C","nec_Intercept",4.7237178634,0.107057674068651,4.5546647225,4.7092724,4.94862899
"r_salina","C","sigma",0.042797142838375,0.0039119113410595,0.036029745275,0.042535169,0.05114291055
"r_salina","C2","bot_Intercept",-2.4285945338875,0.170612000044274,-2.68342506,-2.4485576,-2.096488865
"r_salina","C2","top_Intercept",1.421547050825,0.00558351399652472,1.4106084025,1.42160005,1.43257382
"r_salina","C2","beta_Intercept",0.408149501438048,0.664742902259134,-0.3469220355,0.221953495,2.2360355125
"r_salina","C2","nec_Intercept",4.8633627789625,0.0609209559062445,4.7628385725,4.85785755,4.98094291
"r_salina","C2","sigma",0.0426612903543125,0.00381384302548474,0.03588965695,0.042397832,0.050803296575
"r_salina","D","bot_Intercept",-3.39047053822005,2.67894785893318,-9.41846276,-3.0655229,0.5337167855
"r_salina","D","top_Intercept",1.427020573175,0.00533882533684073,1.4169284075,1.42696305,1.4376645825
"r_salina","D","beta_Intercept",-2.76332042917409,0.802505274542706,-3.865523065,-2.9272224,-0.80355121075
"r_salina","D","nec_Intercept",2.216489961625,0.0966294017296941,2.0105499825,2.22014455,2.3940918475
"r_salina","D","sigma",0.040264575793875,0.00379877037613134,0.03358318415,0.039954075,0.04859440025
"r_salina","SQ","bot_Intercept",0.0589825459665,0.00796204192010967,0.044105803,0.0587393315,0.075339519975
"r_salina","SQ","top_Intercept",0.98628074369625,0.00208514977230281,0.98155241775,0.986461575,0.98983196425
"r_salina","SQ","beta_Intercept",0.402146093343449,0.401278819437831,-0.14198052025,0.32277806,1.4803987425
"r_salina","SQ","nec_Intercept",4.5243448758,0.198398767110231,4.154139015,4.53350555,4.8578735575
"r_salina","A_raw_dropped","bot_Intercept",-1.9782725717,0.0576361601712189,-2.0922247475,-1.97847975,-1.871751565
"r_salina","A_raw_dropped","top_Intercept",1.4215480483125,0.00729142161079874,1.4075663825,1.42142745,1.4359397425
"r_salina","A_raw_dropped","beta_Intercept",0.351825758278556,0.378826638115897,-0.016476254225,0.24711976,1.5509812025
"r_salina","A_raw_dropped","nec_Intercept",4.8507375654625,0.0377708244485971,4.7965582725,4.8432254,4.956203085
"r_salina","A_raw_dropped","sigma",0.056675567492125,0.00509357549590327,0.047498289925,0.0563058225,0.067601492025
"r_salina2","A","bot_Intercept",-2.6103568079375,0.382274535296355,-3.50495415,-2.5577007,-2.018612015
"r_salina2","A","top_Intercept",0.91377600571625,0.029767639525938,0.85358117375,0.913820445,0.97146952425
"r_salina2","A","beta_Intercept",-6.591254732325,0.176289716308598,-6.9713445575,-6.5817756,-6.2748548375
"r_salina2","A","nec_Intercept",32.3159563179375,9.15899407851569,15.5288399,31.8225525,51.6597267
"r_salina2","A","sigma",0.1642829489325,0.014783780494608,0.13875486275,0.16317852,0.19651096575
"r_salina2","B1","bot_Intercept",0.00122481387020752,0.0137197603310892,-0.025512962475,0.00121755655,0.02783088985
"r_salina2","B1","top_Intercept",0.9334353748775,0.0106318717778567,0.91303454175,0.933378225,0.95420839
"r_salina2","B1","beta_Intercept",-3.554474380825,0.143660038343166,-3.8211876375,-3.5588288,-3.258814625
"r_salina2","B1","nec_Intercept",83.256412095,3.20562020074846,76.292681275,83.5287195,88.81601675
"r_salina2","B1","sigma",0.062337481151125,0.00564692895320978,0.052512183825,0.061913354,0.074535626325
"r_salina2","B2","top_Intercept",0.89710795741125,0.0914353065785963,0.7195512535,0.896691305,1.08099552
"r_salina2","B2","beta_Intercept",1.25501182554041,3.93426823033403,-4.067909725,0.623725025,10.277538275
"r_salina2","B2","nec_Intercept",114.12689144375,21.5408414928306,68.3105723,115.6424,148.44995425
"r_salina2","B2","bot_Intercept",0,0,0,0,0
"r_salina2","B2","sigma",0.5573694249225,0.0479584351047796,0.47228591975,0.55362593,0.66121584425
"r_salina2","B3","top_Intercept",0.93344058328625,0.0103952327242395,0.91320005325,0.9334365,0.95418519925
"r_salina2","B3","beta_Intercept",-3.558192507575,0.126295676740331,-3.7956830675,-3.55808155,-3.3014229725
"r_salina2","B3","nec_Intercept",83.286106019125,3.06957831019908,76.719767625,83.583346,88.55736715
"r_salina2","B3","bot_Intercept",0,0,0,0,0
"r_salina2","B3","sigma",0.06166908369775,0.00541846087397022,0.05186450815,0.0614082985,0.07298974085
"r_salina2","C","bot_Intercept",-3.0552504525375,0.772235270885357,-5.1359691075,-2.82000025,-2.23307253
"r_salina2","C","top_Intercept",0.933839170085,0.0171507708544551,0.89950298725,0.93412234,0.96801976425
"r_salina2","C","beta_Intercept",-6.2162607309625,0.216886753803404,-6.71925336,-6.1783016,-5.88728504
"r_salina2","C","nec_Intercept",53.38950605225,5.61618205224682,42.295149575,53.381639,64.517635925
"r_salina2","C","sigma",0.093971782707875,0.0102733009369061,0.076915856525,0.093066974,0.11650700175
"r_salina2","C2","bot_Intercept",-2.7116061704375,0.32743763521778,-3.42587484,-2.66096225,-2.2183228175
"r_salina2","C2","top_Intercept",0.9341706559325,0.0166887906266698,0.9014943275,0.934043615,0.96668982325
"r_salina2","C2","beta_Intercept",-6.1274300459,0.140234887142698,-6.413734715,-6.11912925,-5.872754545
"r_salina2","C2","nec_Intercept",53.5818294615,5.5649321897762,42.444146575,53.6279035,64.845324
"r_salina2","C2","sigma",0.092951011196125,0.00995264015997662,0.075939061825,0.092106936,0.1145611925
"r_salina2","D","bot_Intercept",-0.0193910801197018,0.0827225995968399,-0.22355209975,-0.0059792202,0.097449414025
"r_salina2","D","top_Intercept",0.93321622968375,0.0131563647275563,0.9065275975,0.9332849,0.959085964
"r_salina2","D","beta_Intercept",-3.58104675339875,0.383547588094767,-4.335280885,-3.57749385,-2.85589983
"r_salina2","D","nec_Intercept",82.4671043135,5.95700184970512,67.720498275,83.456577,91.508771525
"r_salina2","D","sigma",0.07671064537475,0.00832725977169509,0.0628019435,0.076020286,0.094842201075
"r_salina2","SQ","bot_Intercept",0.0251440449512,0.00649944863016628,0.0146190637,0.024314236,0.03994377235
"r_salina2","SQ","top_Intercept",0.9684779088125,0.00627821544023542,0.953887588,0.969134775,0.97891538075
"r_salina2","SQ","beta_Intercept",-3.488727451925,0.164039915208977,-3.8006364475,-3.4941692,-3.14786486
"r_salina2","SQ","nec_Intercept",84.181471914125,4.59439992290785,73.627833575,84.739075,91.4356488
"r_salina2","A_raw_dropped","bot_Intercept",-0.9849248765475,0.0930020858731262,-1.1853912125,-0.97858588,-0.8173243695
"r_salina2","A_raw_dropped","top_Intercept",0.93285056200125,0.0188884932743892,0.8949703025,0.93327472,0.96923501225
"r_salina2","A_raw_dropped","beta_Intercept",-5.558069472025,0.119288714919201,-5.79747868,-5.5560595,-5.3201552625
"r_salina2","A_raw_dropped","nec_Intercept",46.9258163385,6.43810162172503,33.8849895,47.1124785,58.764872025
"r_salina2","A_raw_dropped","sigma",0.103087929527125,0.00955258426066666,0.086276403575,0.102441395,0.123875115
