"cell","arm","endpoint","delta","top_factor","R","sigma_ratio","truth","n","bias","bias_mcse","rmse","rmse_mcse","coverage","coverage_mcse","rel_bias","f_neg"
"d2.0_t0.8_R2.3_s8.1","A","ErC10",2,0.8,2.3,8.09002951790214,2.50768524465496,500,0.328931275454169,0.0216458316832265,0.584806170087092,0.0559171112152636,0.95,0.00974679434480897,0.131169282969334,0.0181142857142857
"d2.0_t0.8_R2.3_s8.1","D","ErC50",2,0.8,2.3,8.09002951790214,7.79489604573253,500,-0.31099838824791,0.0402820519666932,0.952060507061309,0.0390740549188938,0.754,0.0192605295877346,-0.0398976954180386,0.0181142857142857
"d2.0_t0.8_R2.3_s8.1","C","ErC50",2,0.8,2.3,8.09002951790214,7.79489604573253,500,-0.222507600574369,0.0403760329332732,0.928973318234877,0.0404250941572652,0.792,0.0181513635851415,-0.0285452941602968,0.0181142857142857
"d2.0_t0.8_R2.3_s8.1","A","ErC50",2,0.8,2.3,8.09002951790214,7.79489604573253,500,-0.315397238144879,0.0403512261780656,0.954964880721824,0.0390218235786676,0.752,0.0193130008025682,-0.04046201980045,0.0181142857142857
"d2.0_t0.8_R2.3_s8.1","F","ErC10",2,0.8,2.3,8.09002951790214,2.50768524465496,500,0.561312809444122,0.0306365342934923,0.885116992024615,0.062869737491711,0.958,0.00897061870775924,0.223837026851971,0.0181142857142857
"d2.0_t0.8_R2.3_s8.1","C","NSEC",2,0.8,2.3,8.09002951790214,1.3,500,1.04767625064188,0.0234771281706016,1.17160664225725,0.0431205377454974,0.206,0.0180866801818355,0.80590480818606,0.0181142857142857
"d2.0_t0.8_R2.3_s8.1","E","ErC10",2,0.8,2.3,8.09002951790214,2.50768524465496,500,0.386944790118544,0.0267846263503889,0.712542601362282,0.0551270875958921,0.908,0.01292563344676,0.154303571767351,0.0181142857142857
"d2.0_t0.8_R2.3_s8.1","B1","ErC10",2,0.8,2.3,8.09002951790214,2.50768524465496,500,0.290125448558611,0.0197520697610863,0.528067004806113,0.0311953925769705,0.948,0.00992935043192656,0.115694523137225,0.0181142857142857
"d2.0_t0.8_R2.3_s8.1","B3","ErC10",2,0.8,2.3,8.09002951790214,2.50768524465496,500,0.304131316623479,0.0233045058313285,0.602911895537234,0.0561071761666051,0.934,0.0111035129576184,0.121279700979907,0.0181142857142857
"d2.0_t0.8_R2.3_s8.1","E","ErC50",2,0.8,2.3,8.09002951790214,7.79489604573253,500,-0.692132417720679,0.0450665771523002,1.22168509665779,0.036617735560164,0.642,0.0214399626865347,-0.0887930273425007,0.0181142857142857
"d2.0_t0.8_R2.3_s8.1","B2","ErC10",2,0.8,2.3,8.09002951790214,2.50768524465496,500,0.368996622859158,0.0249283239930648,0.66801778037412,0.0565068489015569,0.912,0.0126693330526907,0.147146306995928,0.0181142857142857
"d2.0_t0.8_R2.3_s8.1","D","ErC10",2,0.8,2.3,8.09002951790214,2.50768524465496,500,0.327707880471957,0.0216071141779803,0.58340318741884,0.0560385170827277,0.95,0.00974679434480897,0.13068142470051,0.0181142857142857
"d2.0_t0.8_R2.3_s8.1","C","ErC10",2,0.8,2.3,8.09002951790214,2.50768524465496,500,0.306599976821964,0.0217442523909865,0.574401418257865,0.0554529995675234,0.946,0.0101078187557949,0.1222641388011,0.0181142857142857
"d2.0_t0.8_R2.3_s8.1","B2","ErC50",2,0.8,2.3,8.09002951790214,7.79489604573253,500,-0.408362446945955,0.0412178055675871,1.00723121897784,0.0301890712899191,0.71,0.0202928558857545,-0.0523884404038359,0.0181142857142857
"d2.0_t0.8_R2.3_s8.1","B1","NSEC",2,0.8,2.3,8.09002951790214,1.3,500,1.01949553113329,0.021456370962418,1.12654280415096,0.0298957037234889,0.22,0.0185256578830551,0.784227331640989,0.0181142857142857
"d2.0_t0.8_R2.3_s8.1","B3","NSEC",2,0.8,2.3,8.09002951790214,1.3,500,1.05082331073547,0.0254054030896465,1.19427863120488,0.045325689476967,0.216,0.0184034779321736,0.808325623642667,0.0181142857142857
"d2.0_t0.8_R2.3_s8.1","B2","NSEC",2,0.8,2.3,8.09002951790214,1.3,500,1.16107639644984,0.0276886905373534,1.31554685459924,0.0470106701335303,0.176,0.017030795636141,0.893135689576804,0.0181142857142857
"d2.0_t0.8_R2.3_s8.1","D","NSEC",2,0.8,2.3,8.09002951790214,1.3,500,1.09010391051613,0.0234122095791117,1.2090674848218,0.0430413686447862,0.176,0.017030795636141,0.838541469627791,0.0181142857142857
"d2.0_t0.8_R2.3_s8.1","E","NSEC",2,0.8,2.3,8.09002951790214,1.3,500,1.23447171734611,0.0293785794220251,1.39807288237299,0.0463073231373203,0.188,0.0174731794473702,0.94959362872778,0.0181142857142857
"d2.0_t0.8_R2.3_s8.1","A","NSEC",2,0.8,2.3,8.09002951790214,1.3,500,1.09164366610406,0.0234726161891703,1.21103954742047,0.0430162132740033,0.176,0.017030795636141,0.839725897003119,0.0181142857142857
"d2.0_t0.8_R2.3_s8.1","F","ErC50",2,0.8,2.3,8.09002951790214,7.79489604573253,500,-0.18118273265995,0.0489167120582017,1.10763563376593,0.0396117765927412,0.806,0.0176841171676734,-0.0232437650992333,0.0181142857142857
"d2.0_t0.8_R2.3_s8.1","F","NSEC",2,0.8,2.3,8.09002951790214,1.3,500,1.91031180974855,0.0325332501643399,2.04387841644906,0.0453421614513815,0.014,0.00525433154644813,1.4694706228835,0.0181142857142857
"d2.0_t0.8_R2.3_s8.1","B1","ErC50",2,0.8,2.3,8.09002951790214,7.79489604573253,500,-0.169872238485263,0.0404908809766472,0.920311244687489,0.0409795227092953,0.806,0.0176841171676734,-0.0217927522687442,0.0181142857142857
"d2.0_t0.8_R2.3_s8.1","B3","ErC50",2,0.8,2.3,8.09002951790214,7.79489604573253,500,-0.226701803870773,0.039726283509317,0.91591720750738,0.0309596448400406,0.776,0.0186453211289052,-0.0290833646197098,0.0181142857142857
"d2.0_t1.0_R2.3_s8.1","C","NSEC",2,1,2.3,8.09002951790214,1.3,500,1.16948647903026,0.0220772852814505,1.26921805880963,0.0307955843435642,0.086,0.0125382614424808,0.899604983869433,0.0428
"d2.0_t1.0_R2.3_s8.1","E","ErC50",2,1,2.3,8.09002951790214,7.79489604573253,500,-0.916733263763625,0.0344206444368421,1.19649717001379,0.0262345490376226,0.55,0.022248595461287,-0.117606862026789,0.0428
"d2.0_t1.0_R2.3_s8.1","F","ErC10",2,1,2.3,8.09002951790214,2.50768524465496,500,1.41241490088424,0.0734255293543443,2.16452736743191,0.113489132372966,0.84,0.0163951212255354,0.563234522312858,0.0428
"d2.0_t1.0_R2.3_s8.1","A","ErC10",2,1,2.3,8.09002951790214,2.50768524465496,500,0.494822721751278,0.0234378810023359,0.720393867710777,0.0595076925399732,0.908,0.01292563344676,0.197322500025063,0.0428
"d2.0_t1.0_R2.3_s8.1","D","ErC50",2,1,2.3,8.09002951790214,7.79489604573253,500,-0.28100892753088,0.0346913674954807,0.8243227618637,0.0248812719353412,0.828,0.0168769665520792,-0.0360503752560913,0.0428
"d2.0_t1.0_R2.3_s8.1","C","ErC50",2,1,2.3,8.09002951790214,7.79489604573253,500,-0.238150845301498,0.0338720510134134,0.793237939842519,0.0229348749271758,0.84,0.0163951212255354,-0.030552151549459,0.0428
"d2.0_t1.0_R2.3_s8.1","B3","ErC10",2,1,2.3,8.09002951790214,2.50768524465496,500,0.457068594481095,0.0241108257004449,0.706396720068534,0.0403542369060367,0.86,0.0155177317930167,0.18226713079535,0.0428
"d2.0_t1.0_R2.3_s8.1","D","NSEC",2,1,2.3,8.09002951790214,1.3,500,1.23662601022103,0.023033808966195,1.33939968289726,0.032226727335976,0.066,0.0111035129576184,0.951250777093098,0.0428
"d2.0_t1.0_R2.3_s8.1","B2","ErC50",2,1,2.3,8.09002951790214,7.79489604573253,500,-0.729552772055864,0.0335270537945987,1.04554045926076,0.024472437836604,0.646,0.0213861637513604,-0.0935936499698764,0.0428
"d2.0_t1.0_R2.3_s8.1","E","ErC10",2,1,2.3,8.09002951790214,2.50768524465496,500,0.60257470133307,0.0274471140064318,0.859659793325469,0.0422976988748778,0.84,0.0163951212255354,0.240291201863326,0.0428
"d2.0_t1.0_R2.3_s8.1","A","ErC50",2,1,2.3,8.09002951790214,7.79489604573253,500,-0.373659508109868,0.0317151294781792,0.800962107388312,0.0231637052928816,0.798,0.0179552777756291,-0.047936432496035,0.0428
"d2.0_t1.0_R2.3_s8.1","F","ErC50",2,1,2.3,8.09002951790214,7.79489604573253,500,0.0664799339106705,0.0492394757857053,1.10193377453577,0.0370756421330795,0.868,0.0151377673386798,0.00852864919822328,0.0428
"d2.0_t1.0_R2.3_s8.1","B3","ErC50",2,1,2.3,8.09002951790214,7.79489604573253,500,-0.364827120537485,0.0339319031666811,0.841210128376775,0.0233006543446005,0.766,0.0189337793374698,-0.0468033336682171,0.0428
"d2.0_t1.0_R2.3_s8.1","B2","ErC10",2,1,2.3,8.09002951790214,2.50768524465496,500,0.712294681710847,0.0337255339080846,1.03678933281976,0.0677697813879277,0.814,0.0174013792556797,0.284044691505474,0.0428
"d2.0_t1.0_R2.3_s8.1","B1","ErC10",2,1,2.3,8.09002951790214,2.50768524465496,500,0.379497875106535,0.0198113687961917,0.5829848314203,0.0325676487463849,0.92,0.0121326007104825,0.151333934717453,0.0428
"d2.0_t1.0_R2.3_s8.1","C","ErC10",2,1,2.3,8.09002951790214,2.50768524465496,500,0.414181921134981,0.0206440961433528,0.619846624478576,0.0346804179412786,0.912,0.0126693330526907,0.165165034973107,0.0428
"d2.0_t1.0_R2.3_s8.1","B1","ErC50",2,1,2.3,8.09002951790214,7.79489604573253,500,-0.150929050023426,0.035836920431603,0.814639629704739,0.0240446047089283,0.854,0.015791390059143,-0.0193625481517557,0.0428
"d2.0_t1.0_R2.3_s8.1","B1","NSEC",2,1,2.3,8.09002951790214,1.3,500,1.11613003720094,0.0213908258669105,1.2141138365677,0.0297107287407948,0.126,0.0148407546977908,0.858561567077644,0.0428
"d2.0_t1.0_R2.3_s8.1","B3","NSEC",2,1,2.3,8.09002951790214,1.3,500,1.25732334558545,0.0257608509462384,1.38275416999909,0.0362436481428324,0.078,0.0119929979571415,0.967171804296503,0.0428
"d2.0_t1.0_R2.3_s8.1","B2","NSEC",2,1,2.3,8.09002951790214,1.3,500,1.61982538710623,0.0362180628522365,1.810634301846,0.0580981802646842,0.03,0.00762889244910426,1.24601952854325,0.0428
"d2.0_t1.0_R2.3_s8.1","E","NSEC",2,1,2.3,8.09002951790214,1.3,500,1.51424470965744,0.0292329292942747,1.64904959116833,0.0381262584354957,0.044,0.00917213170424411,1.16480362281341,0.0428
"d2.0_t1.0_R2.3_s8.1","A","NSEC",2,1,2.3,8.09002951790214,1.3,500,1.30129908996685,0.0249042086219732,1.41522751014981,0.0444334742371887,0.044,0.00917213170424411,1.0009992999745,0.0428
"d2.0_t1.0_R2.3_s8.1","F","NSEC",2,1,2.3,8.09002951790214,1.3,500,3.03551576758906,0.067736165715963,3.39173434397303,0.0951614428768015,0,0,2.33501212891466,0.0428
"d2.0_t1.0_R2.3_s8.1","D","ErC10",2,1,2.3,8.09002951790214,2.50768524465496,500,0.446083110734117,0.0213639012955542,0.653254823699565,0.0365757999908349,0.92,0.0121326007104825,0.177886404079191,0.0428
"d2.0_t2.0_R2.3_s8.1","F","ErC10",2,2,2.3,8.09002951790214,2.50768524465496,500,2.61579228360701,0.0888423185584129,3.28343647674633,0.176042319135796,0.494,0.022359069748091,1.04311029032949,0.147971428571429
"d2.0_t2.0_R2.3_s8.1","C","NSEC",2,2,2.3,8.09002951790214,1.3,500,1.53299972799861,0.0233874793948397,1.61957657678586,0.0270828794087803,0.008,0.00398396787135639,1.17923055999893,0.147971428571429
"d2.0_t2.0_R2.3_s8.1","B3","ErC10",2,2,2.3,8.09002951790214,2.50768524465496,500,0.765052847049621,0.0279298734503362,0.987200433763923,0.0363319477633542,0.722,0.0200357680162254,0.305083282951999,0.147971428571429
"d2.0_t2.0_R2.3_s8.1","E","ErC50",2,2,2.3,8.09002951790214,7.79489604573253,500,-0.436651277587771,0.0301100666176466,0.801913822032562,0.0204655515516078,0.862,0.01542439626047,-0.0560175883072648,0.147971428571429
"d2.0_t2.0_R2.3_s8.1","A","ErC50",2,2,2.3,8.09002951790214,7.79489604573253,500,0.266098190649055,0.0308236039416534,0.738177101028408,0.0270354152831142,0.91,0.0127984374046209,0.0341374906205114,0.147971428571429
"d2.0_t2.0_R2.3_s8.1","D","NSEC",2,2,2.3,8.09002951790214,1.3,500,1.63023893210419,0.0287674787768892,1.75232283712289,0.0369218103081187,0.008,0.00398396787135639,1.25402994777245,0.147971428571429
"d2.0_t2.0_R2.3_s8.1","A","ErC10",2,2,2.3,8.09002951790214,2.50768524465496,500,1.06636164091817,0.0242795663835752,1.19636379239976,0.0350039030174174,0.76,0.0190997382181013,0.425237434877873,0.147971428571429
"d2.0_t2.0_R2.3_s8.1","D","ErC50",2,2,2.3,8.09002951790214,7.79489604573253,500,-0.0735383547712249,0.0385396288554976,0.864045185618142,0.0463710905740378,0.874,0.0148407546977908,-0.00943416747828022,0.147971428571429
"d2.0_t2.0_R2.3_s8.1","B1","ErC10",2,2,2.3,8.09002951790214,2.50768524465496,500,0.715207322888904,0.0267021322642682,0.931295036267073,0.0349593181027693,0.76,0.0190997382181013,0.285206177455222,0.147971428571429
"d2.0_t2.0_R2.3_s8.1","F","ErC50",2,2,2.3,8.09002951790214,7.79489604573253,500,1.09117858836433,0.0804671094828627,2.10277759410256,0.142577772283253,0.832,0.0167198086113448,0.139986291281167,0.147971428571429
"d2.0_t2.0_R2.3_s8.1","C","ErC10",2,2,2.3,8.09002951790214,2.50768524465496,500,0.695495826916314,0.0217129640716792,0.84792063121394,0.0277608828462584,0.81,0.0175442298206561,0.277345742811519,0.147971428571429
"d2.0_t2.0_R2.3_s8.1","B2","ErC50",2,2,2.3,8.09002951790214,7.79489604573253,500,-0.660468072113596,0.0295756579043986,0.934185808594832,0.0214485381585042,0.948,0.00992935043192656,-0.0847308377480137,0.147971428571429
"d2.0_t2.0_R2.3_s8.1","C","ErC50",2,2,2.3,8.09002951790214,7.79489604573253,500,0.114105553173513,0.038456687224675,0.866602305917182,0.0278755201084532,0.834,0.0166399519230075,0.0146384958188098,0.147971428571429
"d2.0_t2.0_R2.3_s8.1","B2","NSEC",2,2,2.3,8.09002951790214,1.3,500,3.4458489250853,0.0389444946622767,3.55396890435146,0.042232074620427,0,0,2.65065301929639,0.147971428571429
"d2.0_t2.0_R2.3_s8.1","D","ErC10",2,2,2.3,8.09002951790214,2.50768524465496,500,0.766326333753208,0.0255778829229141,0.955884861852078,0.0345832036977513,0.812,0.0174731794473702,0.305591116503399,0.147971428571429
"d2.0_t2.0_R2.3_s8.1","B3","ErC50",2,2,2.3,8.09002951790214,7.79489604573253,500,-0.338282725801238,0.0316624845938419,0.784021144467736,0.0214731045578777,0.756,0.0192074985357282,-0.0433979778327433,0.147971428571429
"d2.0_t2.0_R2.3_s8.1","E","ErC10",2,2,2.3,8.09002951790214,2.50768524465496,500,0.552729177172351,0.0218349380447496,0.737166900021449,0.0277196063274501,0.85,0.0159687194226713,0.220414096366549,0.147971428571429
"d2.0_t2.0_R2.3_s8.1","A","NSEC",2,2,2.3,8.09002951790214,1.3,500,2.13167520576874,0.0263949771249231,2.21171650461454,0.0315930878720377,0,0,1.63975015828365,0.147971428571429
"d2.0_t2.0_R2.3_s8.1","B1","ErC50",2,2,2.3,8.09002951790214,7.79489604573253,500,-0.218470837341648,0.0365952332011193,0.846165375206211,0.0273877317115459,0.788,0.0182787308093314,-0.0280274215409524,0.147971428571429
"d2.0_t2.0_R2.3_s8.1","B1","NSEC",2,2,2.3,8.09002951790214,1.3,500,1.56985151258427,0.0281799957878669,1.69135914007127,0.034095246339632,0.008,0.00398396787135639,1.20757808660328,0.147971428571429
"d2.0_t2.0_R2.3_s8.1","B3","NSEC",2,2,2.3,8.09002951790214,1.3,500,1.64025165649574,0.0289497294126547,1.763130972542,0.0349427592331624,0.006,0.00345369367489359,1.26173204345826,0.147971428571429
"d2.0_t2.0_R2.3_s8.1","E","NSEC",2,2,2.3,8.09002951790214,1.3,500,1.50187850618136,0.0224855402655951,1.58364554377751,0.0261355390659294,0.008,0.00398396787135639,1.15529115860104,0.147971428571429
"d2.0_t2.0_R2.3_s8.1","B2","ErC10",2,2,2.3,8.09002951790214,2.50768524465496,500,2.0656337250877,0.0342118639839709,2.20247543759546,0.0372910167907969,0.668,0.0210606742532142,0.823721290178074,0.147971428571429
"d2.0_t2.0_R2.3_s8.1","F","NSEC",2,2,2.3,8.09002951790214,1.3,500,4.70153212156001,0.0870754807948692,5.08801452715436,0.137996754911965,0,0,3.61656317043078,0.147971428571429
"d4.0_t0.8_R2.3_s8.1","A","ErC50",4,0.8,2.3,8.09002951790214,5.0532895646328,500,-0.202212592835696,0.0183095508661959,0.456261459592327,0.014084363713478,0.748,0.0194162818273736,-0.0400160311910387,0.0102449490434472
"d4.0_t0.8_R2.3_s8.1","B1","ErC10",4,0.8,2.3,8.09002951790214,2.01968716248917,500,0.0576038215597739,0.0126944049319672,0.289363112075623,0.0232155905471908,0.956,0.00917213170424412,0.0285211604201019,0.0102449490434472
"d4.0_t0.8_R2.3_s8.1","F","ErC10",4,0.8,2.3,8.09002951790214,2.01968716248917,500,0.141674534743993,0.0196671830802885,0.461610139469885,0.0298326968582176,0.948,0.00992935043192656,0.0701467719235221,0.0102449490434472
"d4.0_t0.8_R2.3_s8.1","C","ErC50",4,0.8,2.3,8.09002951790214,5.0532895646328,495,-0.180327590897352,0.0181613591121254,0.442104639932488,0.0142197599896777,0.767676767676768,0.0189816044944593,-0.0356851885471667,0.0102449490434472
"d4.0_t0.8_R2.3_s8.1","B3","ErC10",4,0.8,2.3,8.09002951790214,2.01968716248917,500,0.0877929176512732,0.0140410938228079,0.325709382647215,0.0242063308166997,0.934,0.0111035129576184,0.0434685724016152,0.0102449490434472
"d4.0_t0.8_R2.3_s8.1","C","NSEC",4,0.8,2.3,8.09002951790214,1.3,495,0.45088633822221,0.0143177554907795,0.551876401387616,0.0229573307993295,0.626262626262626,0.0217449750010547,0.346835644786316,0.0102449490434472
"d4.0_t0.8_R2.3_s8.1","E","ErC10",4,0.8,2.3,8.09002951790214,2.01968716248917,500,0.0410220165742225,0.0141792787592447,0.319386485255508,0.0247187482245267,0.954,0.00936845771725528,0.0203110745743736,0.0102449490434472
"d4.0_t0.8_R2.3_s8.1","B2","NSEC",4,0.8,2.3,8.09002951790214,1.3,500,0.532839698704045,0.0162584921760652,0.644843461521295,0.0234276258845929,0.516,0.0223492281745925,0.409876691310804,0.0102449490434472
"d4.0_t0.8_R2.3_s8.1","D","NSEC",4,0.8,2.3,8.09002951790214,1.3,500,0.460363977785318,0.0141294431008176,0.558171955628015,0.0220998076409345,0.62,0.0217071416819442,0.354126136757937,0.0102449490434472
"d4.0_t0.8_R2.3_s8.1","A","ErC10",4,0.8,2.3,8.09002951790214,2.01968716248917,500,0.0657874343728127,0.0127425610821339,0.292150723299434,0.0240990488082047,0.958,0.00897061870775924,0.0325730814131298,0.0102449490434472
"d4.0_t0.8_R2.3_s8.1","D","ErC50",4,0.8,2.3,8.09002951790214,5.0532895646328,500,-0.202212592835696,0.0183095508661959,0.456261459592327,0.014084363713478,0.748,0.0194162818273736,-0.0400160311910387,0.0102449490434472
"d4.0_t0.8_R2.3_s8.1","A","NSEC",4,0.8,2.3,8.09002951790214,1.3,500,0.460363977785318,0.0141294431008176,0.558171955628015,0.0220998076409345,0.62,0.0217071416819442,0.354126136757937,0.0102449490434472
"d4.0_t0.8_R2.3_s8.1","F","ErC50",4,0.8,2.3,8.09002951790214,5.0532895646328,500,-0.366972544470357,0.0212775028555656,0.600484954142551,0.0149203947768915,0.704,0.0204148965219028,-0.0726205256549597,0.0102449490434472
"d4.0_t0.8_R2.3_s8.1","C","ErC10",4,0.8,2.3,8.09002951790214,2.01968716248917,495,0.0615681957796326,0.0129284079889983,0.293870119096476,0.0244913329332414,0.957575757575758,0.00905922444993422,0.0304840259041666,0.0102449490434472
"d4.0_t0.8_R2.3_s8.1","E","ErC50",4,0.8,2.3,8.09002951790214,5.0532895646328,500,-0.447410207120035,0.0219900690322779,0.664435021895536,0.0153539270417988,0.662,0.0211544794310803,-0.088538406793743,0.0102449490434472
"d4.0_t0.8_R2.3_s8.1","B3","NSEC",4,0.8,2.3,8.09002951790214,1.3,500,0.50603267433659,0.0156991754885772,0.615674149933057,0.0232793310253647,0.532,0.0223148381127894,0.389255903335839,0.0102449490434472
"d4.0_t0.8_R2.3_s8.1","B2","ErC10",4,0.8,2.3,8.09002951790214,2.01968716248917,500,0.103531203775444,0.0144447217749191,0.33887321190299,0.0243967875584884,0.928,0.0115599307956406,0.0512610099713895,0.0102449490434472
"d4.0_t0.8_R2.3_s8.1","D","ErC10",4,0.8,2.3,8.09002951790214,2.01968716248917,500,0.0657874343728127,0.0127425610821339,0.292150723299434,0.0240990488082047,0.958,0.00897061870775924,0.0325730814131298,0.0102449490434472
"d4.0_t0.8_R2.3_s8.1","B2","ErC50",4,0.8,2.3,8.09002951790214,5.0532895646328,500,-0.274703419896583,0.0195945105862771,0.516769239231231,0.0140351985538526,0.708,0.0203340109176719,-0.0543613059143079,0.0102449490434472
"d4.0_t0.8_R2.3_s8.1","B1","NSEC",4,0.8,2.3,8.09002951790214,1.3,500,0.442850194398529,0.01404989916039,0.542787921955676,0.0220390984553184,0.64,0.021466252583998,0.340653995691176,0.0102449490434472
"d4.0_t0.8_R2.3_s8.1","B3","ErC50",4,0.8,2.3,8.09002951790214,5.0532895646328,500,-0.232076120243856,0.018921072197631,0.48218752075133,0.0134853050471427,0.742,0.0195671152702691,-0.0459257513893764,0.0102449490434472
"d4.0_t0.8_R2.3_s8.1","E","NSEC",4,0.8,2.3,8.09002951790214,1.3,500,0.507121698643931,0.0161065069702964,0.621789981473508,0.0238592579129524,0.628,0.0216155499583055,0.390093614341486,0.0102449490434472
"d4.0_t0.8_R2.3_s8.1","B1","ErC50",4,0.8,2.3,8.09002951790214,5.0532895646328,500,-0.16656282201,0.017989394763787,0.435004272778614,0.0142681386215462,0.79,0.018215378118502,-0.0329612660979785,0.0102449490434472
"d4.0_t0.8_R2.3_s8.1","F","NSEC",4,0.8,2.3,8.09002951790214,1.3,500,0.811571070574557,0.0209709617573509,0.937069068890144,0.0282977471517859,0.486,0.0223519126698366,0.624285438903506,0.0102449490434472
"d4.0_t1.0_R2.3_s8.1","A","ErC10",4,1,2.3,8.09002951790214,2.01968716248917,500,0.161706257879708,0.0130416320224735,0.333198008061952,0.0177276662374279,0.954,0.00936845771725528,0.0800650025820893,0.0365428571428571
"d4.0_t1.0_R2.3_s8.1","D","ErC50",4,1,2.3,8.09002951790214,5.0532895646328,500,-0.195239389055574,0.0152853108745178,0.39332574613873,0.0112532495674748,0.832,0.0167198086113448,-0.0386360976465755,0.0365428571428571
"d4.0_t1.0_R2.3_s8.1","F","ErC10",4,1,2.3,8.09002951790214,2.01968716248917,500,0.839999012464937,0.046900509187137,1.34284308993509,0.0565497797474827,0.764,0.0189896814085966,0.415905506588297,0.0365428571428571
"d4.0_t1.0_R2.3_s8.1","C","NSEC",4,1,2.3,8.09002951790214,1.3,500,0.516911717311776,0.0139695568798253,0.60380198300778,0.0178266521733758,0.552,0.0222394244529844,0.397624397932135,0.0365428571428571
"d4.0_t1.0_R2.3_s8.1","C","ErC10",4,1,2.3,8.09002951790214,2.01968716248917,500,0.126679877089724,0.0127082238382706,0.310862942256131,0.01650386020004,0.956,0.00917213170424412,0.0627225242812342,0.0365428571428571
"d4.0_t1.0_R2.3_s8.1","B2","ErC50",4,1,2.3,8.09002951790214,5.0532895646328,500,-0.520763051262945,0.0150966201990506,0.62041938907198,0.0125230350595323,0.506,0.022359069748091,-0.103054266849793,0.0365428571428571
"d4.0_t1.0_R2.3_s8.1","C","ErC50",4,1,2.3,8.09002951790214,5.0532895646328,500,-0.203463072551249,0.0143033224370824,0.378794341600859,0.0107790729163822,0.798,0.0179552777756291,-0.0402634897424553,0.0365428571428571
"d4.0_t1.0_R2.3_s8.1","A","ErC50",4,1,2.3,8.09002951790214,5.0532895646328,500,-0.265145389289671,0.0138624936637189,0.40766931944815,0.0104896237052491,0.742,0.0195671152702691,-0.0524698586729292,0.0365428571428571
"d4.0_t1.0_R2.3_s8.1","B2","NSEC",4,1,2.3,8.09002951790214,1.3,500,0.862911779920692,0.0209541575620983,0.981690390487439,0.0300926330574511,0.228,0.0187625158227781,0.663778292246686,0.0365428571428571
"d4.0_t1.0_R2.3_s8.1","D","NSEC",4,1,2.3,8.09002951790214,1.3,500,0.529425418753661,0.0136049449036638,0.61045347276637,0.0169635900329325,0.55,0.022248595461287,0.407250322118201,0.0365428571428571
"d4.0_t1.0_R2.3_s8.1","B1","NSEC",4,1,2.3,8.09002951790214,1.3,500,0.485147302104024,0.0141117317089416,0.578566547321535,0.0193078558902233,0.602,0.0218904545407353,0.373190232387711,0.0365428571428571
"d4.0_t1.0_R2.3_s8.1","B3","NSEC",4,1,2.3,8.09002951790214,1.3,500,0.699353207810043,0.0169128266271147,0.794877800563771,0.020689521058799,0.304,0.0205710476155202,0.537964006007725,0.0365428571428571
"d4.0_t1.0_R2.3_s8.1","D","ErC10",4,1,2.3,8.09002951790214,2.01968716248917,500,0.127129072909356,0.0124014232616846,0.304804290221779,0.0161195990660137,0.956,0.00917213170424412,0.0629449328938027,0.0365428571428571
"d4.0_t1.0_R2.3_s8.1","B3","ErC50",4,1,2.3,8.09002951790214,5.0532895646328,500,-0.378659720273424,0.0147214750807672,0.501525050427015,0.0117024895324058,0.662,0.0211544794310803,-0.0749333113470492,0.0365428571428571
"d4.0_t1.0_R2.3_s8.1","E","NSEC",4,1,2.3,8.09002951790214,1.3,500,0.812375273834243,0.0174497190852587,0.901052407420528,0.0209140899380705,0.304,0.0205710476155202,0.624904056795572,0.0365428571428571
"d4.0_t1.0_R2.3_s8.1","B1","ErC10",4,1,2.3,8.09002951790214,2.01968716248917,500,0.105776887761664,0.012672841635602,0.302206231950875,0.0178500580718363,0.962,0.00855055553750749,0.0523729069165834,0.0365428571428571
"d4.0_t1.0_R2.3_s8.1","B2","ErC10",4,1,2.3,8.09002951790214,2.01968716248917,500,0.356816240125473,0.0193222799874929,0.560017616393357,0.0332450298706497,0.83,0.016798809481627,0.176669063780013,0.0365428571428571
"d4.0_t1.0_R2.3_s8.1","E","ErC10",4,1,2.3,8.09002951790214,2.01968716248917,500,0.283951749007571,0.0161945577963469,0.459889316218424,0.0214570302283011,0.898,0.0135348439222623,0.140591946258456,0.0365428571428571
"d4.0_t1.0_R2.3_s8.1","F","NSEC",4,1,2.3,8.09002951790214,1.3,500,1.67890116410867,0.0444388435533079,1.95042039473719,0.0546389076855259,0.07,0.0114105214604767,1.29146243392975,0.0365428571428571
"d4.0_t1.0_R2.3_s8.1","B3","ErC10",4,1,2.3,8.09002951790214,2.01968716248917,500,0.239602265012859,0.0155866306209996,0.422655686585332,0.020128151139194,0.864,0.0153299706457645,0.118633355433899,0.0365428571428571
"d4.0_t1.0_R2.3_s8.1","B1","ErC50",4,1,2.3,8.09002951790214,5.0532895646328,500,-0.155256709552201,0.0149366595488099,0.368012827631085,0.0110924910638112,0.842,0.0163117135825762,-0.0307238893727403,0.0365428571428571
"d4.0_t1.0_R2.3_s8.1","A","NSEC",4,1,2.3,8.09002951790214,1.3,500,0.572661919284652,0.0141923475379995,0.654562155482444,0.0177647906987406,0.486,0.0223519126698366,0.440509168680502,0.0365428571428571
"d4.0_t1.0_R2.3_s8.1","E","ErC50",4,1,2.3,8.09002951790214,5.0532895646328,500,-0.696551642045737,0.0147382547943917,0.77043822015424,0.0123115284108826,0.402,0.0219269696948758,-0.13784122859707,0.0365428571428571
"d4.0_t1.0_R2.3_s8.1","F","ErC50",4,1,2.3,8.09002951790214,5.0532895646328,500,-0.313416496060975,0.0238818263099763,0.618732876389461,0.0123702920583849,0.784,0.0184034779321736,-0.0620222712457502,0.0365428571428571
"d4.0_t2.0_R17.0_s8.1","C","NSEC",4,2,17,8.09002951790214,1.3,500,0.200761902407886,0.00497047931278616,0.229419851131615,0.00541143339903915,0.458,0.0222816516443463,0.154432232621451,0.143628571428571
"d4.0_t2.0_R17.0_s8.1","F","ErC10",4,2,17,8.09002951790214,2.01968716248917,500,0.481198275737752,0.0132399939770341,0.564823161165,0.0224353350673696,0.916,0.0124051602166195,0.238253866576395,0.143628571428571
"d4.0_t2.0_R17.0_s8.1","A","ErC10",4,2,17,8.09002951790214,2.01968716248917,500,0.0697608521672089,0.00403298687003265,0.113942103977982,0.0043178469919169,0.964,0.0083311463797007,0.0345404246077556,0.143628571428571
"d4.0_t2.0_R17.0_s8.1","A","ErC50",4,2,17,8.09002951790214,5.05328956463279,500,-0.0300792504522102,0.00382153523486599,0.0905108996302468,0.00260593709409677,0.9,0.0134164078649987,-0.00595240982482585,0.143628571428571
"d4.0_t2.0_R17.0_s8.1","D","NSEC",4,2,17,8.09002951790214,1.3,500,0.202331359700187,0.00501725479028645,0.23129900364641,0.0054549368442058,0.464,0.0223026455829796,0.155639507461683,0.143628571428571
"d4.0_t2.0_R17.0_s8.1","D","ErC50",4,2,17,8.09002951790214,5.05328956463279,500,-0.0668942520809774,0.00445293592953247,0.11987214655349,0.00367760866748718,0.794,0.0180866801818355,-0.0132377634856233,0.143628571428571
"d4.0_t2.0_R17.0_s8.1","B3","NSEC",4,2,17,8.09002951790214,1.3,500,0.712248569752678,0.00606385974323752,0.725014794478415,0.00811722147669339,0,0,0.547883515194368,0.143628571428571
"d4.0_t2.0_R17.0_s8.1","C","ErC10",4,2,17,8.09002951790214,2.01968716248917,500,0.0472855140843831,0.00418825552327498,0.104829006110035,0.00426856430505773,0.93,0.0114105214604767,0.023412296202401,0.143628571428571
"d4.0_t2.0_R17.0_s8.1","B2","ErC50",4,2,17,8.09002951790214,5.05328956463279,500,-0.570449271913531,0.00411068264296822,0.577792635822305,0.00403352625818045,1,0,-0.112886717576214,0.143628571428571
"d4.0_t2.0_R17.0_s8.1","C","ErC50",4,2,17,8.09002951790214,5.05328956463279,500,-0.065651328751201,0.0044616996162691,0.11934643662984,0.00365389970101866,0.79,0.018215378118502,-0.012991800274159,0.143628571428571
"d4.0_t2.0_R17.0_s8.1","B2","ErC10",4,2,17,8.09002951790214,2.01968716248917,500,1.00562283100369,0.00436798114568105,1.01034540065321,0.00436145253983068,0.98,0.00626099033699941,0.497910196034669,0.143628571428571
"d4.0_t2.0_R17.0_s8.1","B2","NSEC",4,2,17,8.09002951790214,1.3,500,1.74431563218899,0.00468886099166004,1.74745750963537,0.00468461583981403,0,0,1.34178125552999,0.143628571428571
"d4.0_t2.0_R17.0_s8.1","B3","ErC50",4,2,17,8.09002951790214,5.05328956463279,500,-0.508868695388653,0.00421700568903456,0.517514380959837,0.00411953925522635,0.004,0.00282276460230038,-0.100700482107764,0.143628571428571
"d4.0_t2.0_R17.0_s8.1","B1","NSEC",4,2,17,8.09002951790214,1.3,500,0.621192569754217,0.00373441405635416,0.626768846578746,0.00407881204316524,0,0,0.477840438272475,0.143628571428571
"d4.0_t2.0_R17.0_s8.1","B3","ErC10",4,2,17,8.09002951790214,2.01968716248917,500,0.316434624458963,0.00539755885395095,0.33862746301184,0.00897044238586395,0.034,0.00810481338464989,0.156675068464055,0.143628571428571
"d4.0_t2.0_R17.0_s8.1","D","ErC10",4,2,17,8.09002951790214,2.01968716248917,500,0.0480980972716019,0.0042013295740465,0.105457863082074,0.00425252610687652,0.928,0.0115599307956406,0.0238146274160218,0.143628571428571
"d4.0_t2.0_R17.0_s8.1","B1","ErC50",4,2,17,8.09002951790214,5.05328956463279,500,-0.411235086828033,0.00451019328121257,0.423396831013144,0.00440961065297068,0.022,0.00655987804764692,-0.0813796798240505,0.143628571428571
"d4.0_t2.0_R17.0_s8.1","E","NSEC",4,2,17,8.09002951790214,1.3,500,0.677329409921614,0.00359366927537041,0.682069970396199,0.00418768916837412,0,0,0.521022623016626,0.143628571428571
"d4.0_t2.0_R17.0_s8.1","B1","ErC10",4,2,17,8.09002951790214,2.01968716248917,500,0.264621108434276,0.00319797198769164,0.274094174365638,0.00394651219426422,0.18,0.0171813852759316,0.131020839934509,0.143628571428571
"d4.0_t2.0_R17.0_s8.1","E","ErC50",4,2,17,8.09002951790214,5.05328956463279,500,-0.759778560207952,0.00481322761149563,0.767348599667492,0.00482705837885924,0,0,-0.150353260087355,0.143628571428571
"d4.0_t2.0_R17.0_s8.1","F","NSEC",4,2,17,8.09002951790214,1.3,500,1.32164489870466,0.0143766737412325,1.36010401199875,0.0186629207733391,0,0,1.0166499220805,0.143628571428571
"d4.0_t2.0_R17.0_s8.1","F","ErC50",4,2,17,8.09002951790214,5.05328956463279,500,-0.74527595522282,0.00650322567837199,0.759302264978172,0.00561637045980941,0.374,0.0216390387956582,-0.147483326591631,0.143628571428571
"d4.0_t2.0_R17.0_s8.1","E","ErC10",4,2,17,8.09002951790214,2.01968716248917,500,0.255205514126327,0.00292916660620128,0.263460211278512,0.00434556001036009,0.41,0.0219954540757858,0.126358932643706,0.143628571428571
"d4.0_t2.0_R17.0_s8.1","A","NSEC",4,2,17,8.09002951790214,1.3,500,0.232242642026964,0.00476818200374469,0.255502816083231,0.00517082693612322,0.416,0.022042867327097,0.178648186174588,0.143628571428571
"d4.0_t2.0_R2.3_s8.1","F","ErC10",4,2,2.3,8.09002951790214,2.01968716248917,500,0.994893863029991,0.0398951619140952,1.3356774112137,0.0806268712123098,0.678,0.0208957411928843,0.492598003051043,0.152257142857143
"d4.0_t2.0_R2.3_s8.1","C","NSEC",4,2,2.3,8.09002951790214,1.3,500,0.608790289086503,0.012509833997095,0.669863488672752,0.0137941825788475,0.372,0.0216155499583055,0.468300222374233,0.152257142857143
"d4.0_t2.0_R2.3_s8.1","A","ErC50",4,2,2.3,8.09002951790214,5.0532895646328,500,-0.0200717130836505,0.0122587725631892,0.274574850522325,0.0101593307864079,0.948,0.00992935043192656,-0.00397200928759938,0.152257142857143
"d4.0_t2.0_R2.3_s8.1","A","ErC10",4,2,2.3,8.09002951790214,2.01968716248917,500,0.38493353550481,0.0132273595574952,0.48526321120295,0.017603992240926,0.894,0.0137669168661687,0.190590672978481,0.152257142857143
"d4.0_t2.0_R2.3_s8.1","C","ErC50",4,2,2.3,8.09002951790214,5.0532895646328,500,-0.0332979408443257,0.0155578003165415,0.349126457116146,0.0108103533760095,0.85,0.0159687194226713,-0.00658935935066395,0.152257142857143
"d4.0_t2.0_R2.3_s8.1","D","NSEC",4,2,2.3,8.09002951790214,1.3,500,0.675043681629922,0.0146470029080219,0.750157839729808,0.0179916500634366,0.33,0.0210285520186246,0.519264370484555,0.152257142857143
"d4.0_t2.0_R2.3_s8.1","C","ErC10",4,2,2.3,8.09002951790214,2.01968716248917,500,0.210883777462581,0.0115779165663397,0.333709447653841,0.0130270274900105,0.92,0.0121326007104825,0.104414080249278,0.152257142857143
"d4.0_t2.0_R2.3_s8.1","D","ErC50",4,2,2.3,8.09002951790214,5.0532895646328,500,-0.103836227743938,0.0163166647689734,0.378988790380977,0.0138072578792764,0.84,0.0163951212255354,-0.0205482441518238,0.152257142857143
"d4.0_t2.0_R2.3_s8.1","B1","NSEC",4,2,2.3,8.09002951790214,1.3,500,0.806578927212989,0.017264534063931,0.894037789978661,0.020366224725435,0.174,0.0169542914921267,0.620445328625376,0.152257142857143
"d4.0_t2.0_R2.3_s8.1","B2","NSEC",4,2,2.3,8.09002951790214,1.3,500,1.89463624338546,0.0174278210366676,1.93422005957098,0.0185448300781965,0,0,1.4574124949119,0.152257142857143
"d4.0_t2.0_R2.3_s8.1","D","ErC10",4,2,2.3,8.09002951790214,2.01968716248917,500,0.253963115465258,0.0130034914547078,0.38584137703613,0.0156340287764748,0.894,0.0137669168661687,0.125743788534191,0.152257142857143
"d4.0_t2.0_R2.3_s8.1","B2","ErC50",4,2,2.3,8.09002951790214,5.0532895646328,500,-0.514492154464528,0.0140045988772047,0.602138225884673,0.0118582315923607,0.97,0.00762889244910426,-0.10181331346325,0.152257142857143
"d4.0_t2.0_R2.3_s8.1","B3","ErC10",4,2,2.3,8.09002951790214,2.01968716248917,500,0.431586047969737,0.0170780990186456,0.576025683786216,0.019944265888744,0.698,0.0205327056181108,0.213689553503835,0.152257142857143
"d4.0_t2.0_R2.3_s8.1","B3","NSEC",4,2,2.3,8.09002951790214,1.3,500,0.924857928870259,0.0180755916240381,1.00915755353717,0.0206155472953395,0.064,0.0109456840809517,0.711429176054045,0.152257142857143
"d4.0_t2.0_R2.3_s8.1","E","ErC50",4,2,2.3,8.09002951790214,5.0532895646328,500,-0.535210161586145,0.0132406382670347,0.611499675733831,0.0114293057671962,0.584,0.022042867327097,-0.105913218457141,0.152257142857143
"d4.0_t2.0_R2.3_s8.1","B3","ErC50",4,2,2.3,8.09002951790214,5.0532895646328,500,-0.382951307462903,0.0138719446836385,0.492620236786111,0.01139284438432,0.598,0.0219269696948758,-0.0757825773814984,0.152257142857143
"d4.0_t2.0_R2.3_s8.1","E","NSEC",4,2,2.3,8.09002951790214,1.3,500,0.746685173094885,0.0122554801458405,0.795290480094335,0.0136413528708843,0.228,0.0187625158227781,0.574373210072988,0.152257142857143
"d4.0_t2.0_R2.3_s8.1","B2","ErC10",4,2,2.3,8.09002951790214,2.01968716248917,500,1.08978973493526,0.0157174522580162,1.14495143163642,0.0169132806653834,0.896,0.013651666564929,0.539583434095873,0.152257142857143
"d4.0_t2.0_R2.3_s8.1","B1","ErC50",4,2,2.3,8.09002951790214,5.0532895646328,500,-0.283911834133316,0.0154801831359067,0.44741963351157,0.011817690918314,0.708,0.0203340109176719,-0.0561835672589141,0.152257142857143
"d4.0_t2.0_R2.3_s8.1","B1","ErC10",4,2,2.3,8.09002951790214,2.01968716248917,500,0.339834873574004,0.016017105393943,0.493462284508347,0.0196396523926684,0.782,0.0184648855940133,0.168261144540412,0.152257142857143
"d4.0_t2.0_R2.3_s8.1","F","ErC50",4,2,2.3,8.09002951790214,5.0532895646328,500,-0.281026111712805,0.0306765134585321,0.740647599045725,0.0610178848726735,0.892,0.0138806339912844,-0.0556125090633364,0.152257142857143
"d4.0_t2.0_R2.3_s8.1","F","NSEC",4,2,2.3,8.09002951790214,1.3,500,1.97009825264728,0.0401997070372675,2.16510492391918,0.0657370449003607,0,0,1.51546019434406,0.152257142857143
"d4.0_t2.0_R2.3_s8.1","A","NSEC",4,2,2.3,8.09002951790214,1.3,500,0.882100522812052,0.0141673090443246,0.937153638673211,0.0163798680549835,0.09,0.0127984374046209,0.678538863701578,0.152257142857143
"d4.0_t2.0_R2.3_s8.1","E","ErC10",4,2,2.3,8.09002951790214,2.01968716248917,500,0.216914197392623,0.011674517841718,0.339208870877437,0.0136817573447431,0.928,0.0115599307956406,0.107399899064213,0.152257142857143
"d4.0_t2.0_R3.3_s8.1","A","ErC50",4,2,3.3,8.09002951790214,5.0532895646328,500,-0.044193392803819,0.00842660728667275,0.193354346832576,0.00576563053362967,0.938,0.0107848041243223,-0.00874547010191575,0.151228571428571
"d4.0_t2.0_R3.3_s8.1","C","ErC50",4,2,3.3,8.09002951790214,5.0532895646328,500,-0.0731246098915058,0.0109524270903592,0.255352858800194,0.00791690294810902,0.824,0.017030795636141,-0.0144706945755283,0.151228571428571
"d4.0_t2.0_R3.3_s8.1","F","ErC10",4,2,3.3,8.09002951790214,2.01968716248917,500,0.796981400356614,0.0251873254126169,0.975574513747401,0.0322023371044343,0.668,0.0210606742532142,0.394606360409982,0.151228571428571
"d4.0_t2.0_R3.3_s8.1","D","ErC50",4,2,3.3,8.09002951790214,5.0532895646328,500,-0.102216722127997,0.0109073497168334,0.264224198224538,0.00856771830155956,0.818,0.0172554918793989,-0.0202277587343097,0.151228571428571
"d4.0_t2.0_R3.3_s8.1","B2","NSEC",4,2,3.3,8.09002951790214,1.3,500,1.8019489261825,0.0114539708984642,1.82002347891239,0.011725403935654,0,0,1.38611455860192,0.151228571428571
"d4.0_t2.0_R3.3_s8.1","A","ErC10",4,2,3.3,8.09002951790214,2.01968716248917,500,0.243847606650726,0.00878026854071372,0.312939482931067,0.009649616492141,0.918,0.0122699633251286,0.120735335243798,0.151228571428571
"d4.0_t2.0_R3.3_s8.1","C","NSEC",4,2,3.3,8.09002951790214,1.3,500,0.438522540068905,0.00951860882454768,0.487353435621324,0.0100240517456411,0.422,0.0220869192057199,0.337325030822235,0.151228571428571
"d4.0_t2.0_R3.3_s8.1","B3","NSEC",4,2,3.3,8.09002951790214,1.3,500,0.855454349758731,0.0147507237393908,0.916720505982173,0.0168039600244791,0.008,0.00398396787135639,0.658041807506716,0.151228571428571
"d4.0_t2.0_R3.3_s8.1","D","NSEC",4,2,3.3,8.09002951790214,1.3,500,0.467590155805138,0.0102267491325721,0.520412496312622,0.012356116934005,0.396,0.0218716254539986,0.359684735234722,0.151228571428571
"d4.0_t2.0_R3.3_s8.1","C","ErC10",4,2,3.3,8.09002951790214,2.01968716248917,500,0.136280453604115,0.0084089886129652,0.2320715314112,0.00878804913619881,0.926,0.0117067501895274,0.0674760211062372,0.151228571428571
"d4.0_t2.0_R3.3_s8.1","B2","ErC50",4,2,3.3,8.09002951790214,5.0532895646328,500,-0.543478866214148,0.00984959663868905,0.586327161608524,0.00895449426686271,0.994,0.00345369367489359,-0.107549519825239,0.151228571428571
"d4.0_t2.0_R3.3_s8.1","B1","NSEC",4,2,3.3,8.09002951790214,1.3,500,0.722440519388132,0.0135041766390617,0.782891649346566,0.0160880456677814,0.074,0.0117067501895274,0.55572347645241,0.151228571428571
"d4.0_t2.0_R3.3_s8.1","B2","ErC10",4,2,3.3,8.09002951790214,2.01968716248917,500,1.04100992709623,0.0106462700847773,1.06782950821056,0.0109321962484659,0.906,0.0130509769749241,0.515431273927215,0.151228571428571
"d4.0_t2.0_R3.3_s8.1","D","ErC10",4,2,3.3,8.09002951790214,2.01968716248917,500,0.153129865801705,0.00896428879814473,0.252086560837866,0.0111961157498491,0.916,0.0124051602166195,0.0758186062899859,0.151228571428571
"d4.0_t2.0_R3.3_s8.1","B1","ErC10",4,2,3.3,8.09002951790214,2.01968716248917,500,0.303411877125375,0.0121661726057348,0.407331105319907,0.0154349364305422,0.718,0.0201234191925726,0.150227165256343,0.151228571428571
"d4.0_t2.0_R3.3_s8.1","B3","ErC10",4,2,3.3,8.09002951790214,2.01968716248917,500,0.401896403835634,0.0136303939006141,0.504211018048077,0.0159461893890486,0.546,0.0222658482883541,0.198989433264662,0.151228571428571
"d4.0_t2.0_R3.3_s8.1","F","ErC50",4,2,3.3,8.09002951790214,5.0532895646328,500,-0.53493268827648,0.0160738676076586,0.644266421367047,0.0121104481990813,0.8,0.0178885438199983,-0.105858309015259,0.151228571428571
"d4.0_t2.0_R3.3_s8.1","E","ErC50",4,2,3.3,8.09002951790214,5.0532895646328,500,-0.667583428516763,0.00984088893294563,0.702845885262546,0.00911084609385292,0.236,0.0189896814085966,-0.13210868286454,0.151228571428571
"d4.0_t2.0_R3.3_s8.1","B3","ErC50",4,2,3.3,8.09002951790214,5.0532895646328,500,-0.448675485412105,0.00973156480842035,0.498564604305611,0.00888961011034763,0.338,0.0211544794310803,-0.0887887938487269,0.151228571428571
"d4.0_t2.0_R3.3_s8.1","E","NSEC",4,2,3.3,8.09002951790214,1.3,500,0.737502364935449,0.00926599912069062,0.765998204565778,0.0104755065753504,0.062,0.0107848041243223,0.567309511488807,0.151228571428571
"d4.0_t2.0_R3.3_s8.1","E","ErC10",4,2,3.3,8.09002951790214,2.01968716248917,500,0.251616859321332,0.00852745037489075,0.315589973593819,0.010926583717546,0.874,0.0148407546977908,0.124582095680217,0.151228571428571
"d4.0_t2.0_R3.3_s8.1","A","NSEC",4,2,3.3,8.09002951790214,1.3,500,0.606539988494617,0.00984692251862363,0.645193565764454,0.0104929580478057,0.198,0.0178211110764733,0.466569221918936,0.151228571428571
"d4.0_t2.0_R3.3_s8.1","B1","ErC50",4,2,3.3,8.09002951790214,5.0532895646328,500,-0.35592540710158,0.0105124221555066,0.426412821323002,0.0091440474851843,0.512,0.0223542389716134,-0.0704343977421454,0.151228571428571
"d4.0_t2.0_R3.3_s8.1","F","NSEC",4,2,3.3,8.09002951790214,1.3,500,1.71439642675082,0.0258325331462075,1.80890786737805,0.0303380728642418,0,0,1.31876648211602,0.151228571428571
"d4.0_t2.0_R73.0_s8.1","A","ErC10",4,2,73,8.09002951790214,2.01968716248917,500,0.0293422400594112,0.00249022899600828,0.0628918598670111,0.00302797025761344,0.982,0.005945754788082,0.0145281113849574,0.142857142857143
"d4.0_t2.0_R73.0_s8.1","D","ErC50",4,2,73,8.09002951790214,5.0532895646328,500,-0.047997490314833,0.00294055679842007,0.0813544672688906,0.00244939466145252,0.794,0.0180866801818355,-0.00949826636707306,0.142857142857143
"d4.0_t2.0_R73.0_s8.1","C","ErC10",4,2,73,8.09002951790214,2.01968716248917,500,0.0193162044702,0.00245386662577627,0.0581190588556524,0.00305407901380085,0.958,0.00897061870775924,0.00956395863129303,0.142857142857143
"d4.0_t2.0_R73.0_s8.1","B2","ErC50",4,2,73,8.09002951790214,5.0532895646328,500,-0.573778951629513,0.00278727403132907,0.57714726430903,0.0027645731236214,1,0,-0.113545630878805,0.142857142857143
"d4.0_t2.0_R73.0_s8.1","D","ErC10",4,2,73,8.09002951790214,2.01968716248917,500,0.0193890939958998,0.00245750373197465,0.0582199273249619,0.00303323391308504,0.95,0.00974679434480897,0.00960004814409164,0.142857142857143
"d4.0_t2.0_R73.0_s8.1","B3","ErC50",4,2,73,8.09002951790214,5.0532895646328,500,-0.515065599304501,0.00269704675344754,0.518577215196402,0.0026815270263873,0,0,-0.101926792976473,0.142857142857143
"d4.0_t2.0_R73.0_s8.1","B1","NSEC",4,2,73,8.09002951790214,1.3,500,0.609476589604026,0.00223215766999348,0.611512873682432,0.00222676968914324,0,0,0.46882814584925,0.142857142857143
"d4.0_t2.0_R73.0_s8.1","B3","NSEC",4,2,73,8.09002951790214,1.3,500,0.683145917316299,0.00220050861309633,0.684912126616201,0.00236985919795269,0,0,0.525496859474076,0.142857142857143
"d4.0_t2.0_R73.0_s8.1","B2","ErC10",4,2,73,8.09002951790214,2.01968716248917,500,1.00064680965037,0.00294570782111107,1.00280803634224,0.00294378752328042,0.996,0.00282276460230038,0.495446437564677,0.142857142857143
"d4.0_t2.0_R73.0_s8.1","C","ErC50",4,2,73,8.09002951790214,5.0532895646328,500,-0.0480780191391222,0.00293628150467956,0.0813249575015487,0.00247436340647096,0.768,0.0188772879408034,-0.00951420228827037,0.142857142857143
"d4.0_t2.0_R73.0_s8.1","E","NSEC",4,2,73,8.09002951790214,1.3,500,0.652406997191589,0.0017853901042567,0.653624901054811,0.00178330296052989,0,0,0.501851536301222,0.142857142857143
"d4.0_t2.0_R73.0_s8.1","A","ErC50",4,2,73,8.09002951790214,5.0532895646328,500,-0.0190913073895025,0.00270464643132619,0.0633618107756142,0.00178397560929568,0.888,0.014103616557465,-0.00377799592628129,0.142857142857143
"d4.0_t2.0_R73.0_s8.1","F","ErC10",4,2,73,8.09002951790214,2.01968716248917,500,0.317803492786641,0.0062804661734817,0.347392779789904,0.00915698223009029,0.988,0.00486949689393063,0.157352831017138,0.142857142857143
"d4.0_t2.0_R73.0_s8.1","B1","ErC50",4,2,73,8.09002951790214,5.0532895646328,500,-0.41295542134796,0.00297214157362027,0.418258483670036,0.0029464356175032,0.002,0.00199799899899875,-0.0817201183637232,0.142857142857143
"d4.0_t2.0_R73.0_s8.1","F","NSEC",4,2,73,8.09002951790214,1.3,500,1.1350295363102,0.00708863659139206,1.14602189503091,0.00815619087357378,0,0,0.873099643315541,0.142857142857143
"d4.0_t2.0_R73.0_s8.1","B1","ErC10",4,2,73,8.09002951790214,2.01968716248917,500,0.264658104875564,0.00190531834595087,0.268058577997486,0.00190093533341883,0.018,0.005945754788082,0.131039157841349,0.142857142857143
"d4.0_t2.0_R73.0_s8.1","B3","ErC10",4,2,73,8.09002951790214,2.01968716248917,500,0.301136595986126,0.00189930847707028,0.304110717362864,0.00220760296949511,0,0,0.149100613985678,0.142857142857143
"d4.0_t2.0_R73.0_s8.1","C","NSEC",4,2,73,8.09002951790214,1.3,500,0.123145301910996,0.00303389863707391,0.140562553021172,0.00366180524790325,0.49,0.0223562071917398,0.0947271553161508,0.142857142857143
"d4.0_t2.0_R73.0_s8.1","E","ErC10",4,2,73,8.09002951790214,2.01968716248917,500,0.250821435833627,0.00146069693735074,0.252934926037296,0.00145826595358666,0.126,0.0148407546977908,0.124188260683155,0.142857142857143
"d4.0_t2.0_R73.0_s8.1","B2","NSEC",4,2,73,8.09002951790214,1.3,500,1.73612696918154,0.00318649754843193,1.73758556125042,0.00318457632544414,0,0,1.3354822839858,0.142857142857143
"d4.0_t2.0_R73.0_s8.1","E","ErC50",4,2,73,8.09002951790214,5.0532895646328,500,-0.748735122483311,0.00309723782445265,0.751924950928328,0.00310422516046458,0,0,-0.148167864300434,0.142857142857143
"d4.0_t2.0_R73.0_s8.1","A","NSEC",4,2,73,8.09002951790214,1.3,500,0.134085309728009,0.00311911059489985,0.151107798890597,0.00358530710707566,0.582,0.0220579237463547,0.103142545944622,0.142857142857143
"d4.0_t2.0_R73.0_s8.1","D","NSEC",4,2,73,8.09002951790214,1.3,500,0.123146174866899,0.00301092676505522,0.140316623023173,0.0036253192806145,0.5,0.0223606797749979,0.0947278268206918,0.142857142857143
"d4.0_t2.0_R73.0_s8.1","F","ErC50",4,2,73,8.09002951790214,5.0532895646328,500,-0.789153734591109,0.00364434262400558,0.793341636476055,0.00358254994412104,0.116,0.0143208938268531,-0.156166339667981,0.142857142857143
"d8.0_t0.8_R2.3_s8.1","A","ErC10",8,0.8,2.3,8.09002951790214,1.69802987177516,500,-0.0140576317924589,0.00751736031207617,0.168512490149365,0.00791905539272975,0.948,0.00992935043192656,-0.00827878945248634,0.00328571428571429
"d8.0_t0.8_R2.3_s8.1","B3","NSEC",8,0.8,2.3,8.09002951790214,1.3,500,0.225558887996411,0.0093585285008058,0.307539034512165,0.0114251864295864,0.756,0.0192074985357282,0.173506836920316,0.00328571428571429
"d8.0_t0.8_R2.3_s8.1","C","ErC10",8,0.8,2.3,8.09002951790214,1.69802987177516,500,-0.0145500573323325,0.00751178282357142,0.168430157280212,0.00790900000307966,0.948,0.00992935043192656,-0.00856878761333071,0.00328571428571429
"d8.0_t0.8_R2.3_s8.1","B2","ErC10",8,0.8,2.3,8.09002951790214,1.69802987177516,500,0.00738046581846617,0.00829303672039523,0.185399368500984,0.00978257181565263,0.934,0.0111035129576184,0.0043464876214165,0.00328571428571429
"d8.0_t0.8_R2.3_s8.1","D","ErC10",8,0.8,2.3,8.09002951790214,1.69802987177516,500,-0.0140576317924589,0.00751736031207617,0.168512490149365,0.00791905539272975,0.948,0.00992935043192656,-0.00827878945248634,0.00328571428571429
"d8.0_t0.8_R2.3_s8.1","D","ErC50",8,0.8,2.3,8.09002951790214,3.33617149040127,500,-0.128872049506417,0.00905414464193181,0.239822424321202,0.00663753232052723,0.778,0.0185858010319706,-0.0386287245356554,0.00328571428571429
"d8.0_t0.8_R2.3_s8.1","F","ErC10",8,0.8,2.3,8.09002951790214,1.69802987177516,500,0.0271170573228638,0.0121714481457219,0.273238477579359,0.0114031730687408,0.902,0.0132963152790538,0.0159697174788303,0.00328571428571429
"d8.0_t0.8_R2.3_s8.1","C","NSEC",8,0.8,2.3,8.09002951790214,1.3,500,0.191462095779496,0.00849892138401904,0.269631850495177,0.00934427615131754,0.832,0.0167198086113448,0.147278535214997,0.00328571428571429
"d8.0_t0.8_R2.3_s8.1","B2","ErC50",8,0.8,2.3,8.09002951790214,3.33617149040127,500,-0.156408309829884,0.00968117690600385,0.266894037663315,0.00716483055473012,0.746,0.0194671004517879,-0.0468825749155574,0.00328571428571429
"d8.0_t0.8_R2.3_s8.1","B1","NSEC",8,0.8,2.3,8.09002951790214,1.3,500,0.189841160468693,0.00849106791113923,0.26835924636505,0.00935255502506794,0.834,0.0166399519230075,0.146031661898994,0.00328571428571429
"d8.0_t0.8_R2.3_s8.1","B3","ErC10",8,0.8,2.3,8.09002951790214,1.69802987177516,500,0.00540636700236581,0.00825272490638898,0.184431167447507,0.00962872657018687,0.934,0.0111035129576184,0.00318390570874579,0.00328571428571429
"d8.0_t0.8_R2.3_s8.1","E","ErC50",8,0.8,2.3,8.09002951790214,3.33617149040127,500,-0.209744151117442,0.0120121550187217,0.340579287621375,0.00893619935393399,0.782,0.0184648855940133,-0.0628697150973538,0.00328571428571429
"d8.0_t0.8_R2.3_s8.1","B3","ErC50",8,0.8,2.3,8.09002951790214,3.33617149040127,500,-0.150138677509708,0.00949934757150432,0.259942661027778,0.0069388795423542,0.766,0.0189337793374698,-0.0450032853352061,0.00328571428571429
"d8.0_t0.8_R2.3_s8.1","E","NSEC",8,0.8,2.3,8.09002951790214,1.3,500,0.142620539455063,0.00949022675003128,0.255504903581499,0.0104820901910766,0.912,0.0126693330526907,0.109708107273126,0.00328571428571429
"d8.0_t0.8_R2.3_s8.1","A","ErC50",8,0.8,2.3,8.09002951790214,3.33617149040127,500,-0.128872049506417,0.00905414464193181,0.239822424321202,0.00663753232052723,0.778,0.0185858010319706,-0.0386287245356554,0.00328571428571429
"d8.0_t0.8_R2.3_s8.1","D","NSEC",8,0.8,2.3,8.09002951790214,1.3,500,0.192629118476978,0.0085069020835172,0.270586957245603,0.0093391527839778,0.83,0.016798809481627,0.148176244982291,0.00328571428571429
"d8.0_t0.8_R2.3_s8.1","B1","ErC50",8,0.8,2.3,8.09002951790214,3.33617149040127,500,-0.123116826009145,0.00890878987528799,0.234012082659295,0.00651398662966577,0.788,0.0182787308093314,-0.0369036263163848,0.00328571428571429
"d8.0_t0.8_R2.3_s8.1","F","NSEC",8,0.8,2.3,8.09002951790214,1.3,500,0.336645611438767,0.012695910049662,0.440184220030143,0.0150038945279277,0.704,0.0204148965219028,0.258958162645205,0.00328571428571429
"d8.0_t0.8_R2.3_s8.1","B1","ErC10",8,0.8,2.3,8.09002951790214,1.69802987177516,500,-0.0152974889553549,0.00751276801378394,0.168518287136969,0.00791255357003286,0.944,0.0102824121683582,-0.00900896339318376,0.00328571428571429
"d8.0_t0.8_R2.3_s8.1","F","ErC50",8,0.8,2.3,8.09002951790214,3.33617149040127,500,-0.240485574106693,0.0102355463651714,0.331830905192416,0.00830080809216034,0.566,0.0221650174825106,-0.072084296265528,0.00328571428571429
"d8.0_t0.8_R2.3_s8.1","C","ErC50",8,0.8,2.3,8.09002951790214,3.33617149040127,500,-0.126216468916385,0.0089727430939007,0.236865249079858,0.00658372278310788,0.784,0.0184034779321736,-0.0378327281075122,0.00328571428571429
"d8.0_t0.8_R2.3_s8.1","B2","NSEC",8,0.8,2.3,8.09002951790214,1.3,500,0.229065085711486,0.00943110005119425,0.311214864573743,0.0115398513741302,0.764,0.0189896814085966,0.176203912085759,0.00328571428571429
"d8.0_t0.8_R2.3_s8.1","E","ErC10",8,0.8,2.3,8.09002951790214,1.69802987177516,500,-0.0920499233265442,0.00821416759310351,0.205285144272475,0.00788405199490821,0.952,0.00955991631762538,-0.0542098374455057,0.00328571428571429
"d8.0_t0.8_R2.3_s8.1","A","NSEC",8,0.8,2.3,8.09002951790214,1.3,500,0.192629118476978,0.0085069020835172,0.270586957245603,0.0093391527839778,0.83,0.016798809481627,0.148176244982291,0.00328571428571429
"d8.0_t1.0_R2.3_s8.1","B1","NSEC",8,1,2.3,8.09002951790214,1.3,500,0.237345855328885,0.00972879874750196,0.321812318054217,0.00946960065202449,0.72,0.0200798406368178,0.182573734868373,0.0352285714285714
"d8.0_t1.0_R2.3_s8.1","A","ErC10",8,1,2.3,8.09002951790214,1.69802987177516,500,0.0792745946400099,0.00938274243102741,0.224085593609478,0.0114750573448569,0.904,0.0131745208641529,0.0466862191046937,0.0352285714285714
"d8.0_t1.0_R2.3_s8.1","F","ErC10",8,1,2.3,8.09002951790214,1.69802987177516,500,0.55338256392879,0.0256019402150721,0.795805550436593,0.0236017237103813,0.646,0.0213861637513604,0.325896836756041,0.0352285714285714
"d8.0_t1.0_R2.3_s8.1","C","ErC10",8,1,2.3,8.09002951790214,1.69802987177516,500,0.060220584073696,0.00916888128202642,0.213486866912605,0.00949275870230738,0.902,0.0132963152790538,0.0354649733050574,0.0352285714285714
"d8.0_t1.0_R2.3_s8.1","B3","ErC10",8,1,2.3,8.09002951790214,1.69802987177516,500,0.177517886501396,0.0104153989211435,0.292650622477579,0.0108684104499089,0.786,0.0183414285157945,0.104543441462438,0.0352285714285714
"d8.0_t1.0_R2.3_s8.1","B2","ErC10",8,1,2.3,8.09002951790214,1.69802987177516,500,0.235245987738362,0.0104246956219697,0.331012295653113,0.0114747633721504,0.752,0.0193130008025682,0.138540547282853,0.0352285714285714
"d8.0_t1.0_R2.3_s8.1","D","ErC10",8,1,2.3,8.09002951790214,1.69802987177516,500,0.0459475708579156,0.00894058006037101,0.204934699853097,0.0064739766829967,0.926,0.0117067501895274,0.0270593419006705,0.0352285714285714
"d8.0_t1.0_R2.3_s8.1","D","ErC50",8,1,2.3,8.09002951790214,3.33617149040127,500,-0.138162999305917,0.00726844577531954,0.213193189543189,0.00523959933869487,0.806,0.0176841171676734,-0.0414136382687267,0.0352285714285714
"d8.0_t1.0_R2.3_s8.1","E","NSEC",8,1,2.3,8.09002951790214,1.3,500,0.492382402424444,0.0111476779257214,0.551771257915759,0.0104812244104397,0.424,0.022100859711785,0.378755694172649,0.0352285714285714
"d8.0_t1.0_R2.3_s8.1","D","NSEC",8,1,2.3,8.09002951790214,1.3,500,0.254560722606001,0.00984911221251871,0.336461977301607,0.00934433683213065,0.716,0.0201665068864194,0.195815940466155,0.0352285714285714
"d8.0_t1.0_R2.3_s8.1","B3","NSEC",8,1,2.3,8.09002951790214,1.3,500,0.434492751301535,0.0112400258154005,0.501823378210583,0.0116797352026577,0.364,0.0215176206863119,0.334225193308873,0.0352285714285714
"d8.0_t1.0_R2.3_s8.1","B2","ErC50",8,1,2.3,8.09002951790214,3.33617149040127,500,-0.322703052639158,0.00677102738967038,0.35639138503414,0.00610586076479733,0.382,0.0217290588843604,-0.0967285565408222,0.0352285714285714
"d8.0_t1.0_R2.3_s8.1","A","ErC50",8,1,2.3,8.09002951790214,3.33617149040127,500,-0.183125692860481,0.00651666891898695,0.233935972675595,0.00551613359025514,0.682,0.0208267136149706,-0.0548909710988672,0.0352285714285714
"d8.0_t1.0_R2.3_s8.1","F","ErC50",8,1,2.3,8.09002951790214,3.33617149040127,500,-0.23730349388809,0.0123481096095288,0.363865878951345,0.00750936065465143,0.696,0.0205710476155202,-0.0711304843203813,0.0352285714285714
"d8.0_t1.0_R2.3_s8.1","C","NSEC",8,1,2.3,8.09002951790214,1.3,500,0.267004960935836,0.0100273536220672,0.348518308951879,0.0110387995128315,0.664,0.0211236360506424,0.205388431489105,0.0352285714285714
"d8.0_t1.0_R2.3_s8.1","B3","ErC50",8,1,2.3,8.09002951790214,3.33617149040127,500,-0.261935762523285,0.00664637168540312,0.301086860760044,0.00597235564561254,0.508,0.0223578174247846,-0.0785138783413618,0.0352285714285714
"d8.0_t1.0_R2.3_s8.1","B1","ErC10",8,1,2.3,8.09002951790214,1.69802987177516,500,0.0379570141849918,0.00879850573891053,0.200175355229915,0.00657828739788221,0.896,0.013651666564929,0.0223535609213463,0.0352285714285714
"d8.0_t1.0_R2.3_s8.1","B2","NSEC",8,1,2.3,8.09002951790214,1.3,500,0.512071177099227,0.0112962239842833,0.570869182817775,0.0118004718464954,0.292,0.0203340109176719,0.393900905460944,0.0352285714285714
"d8.0_t1.0_R2.3_s8.1","E","ErC50",8,1,2.3,8.09002951790214,3.33617149040127,500,-0.427667733286989,0.00663482427401689,0.45262138236635,0.00613271055496611,0.258,0.0195671152702691,-0.128191171981855,0.0352285714285714
"d8.0_t1.0_R2.3_s8.1","B1","ErC50",8,1,2.3,8.09002951790214,3.33617149040127,500,-0.133014799193434,0.00661188426784722,0.198765506506036,0.00548641378442258,0.804,0.017752971582245,-0.0398704921423076,0.0352285714285714
"d8.0_t1.0_R2.3_s8.1","F","NSEC",8,1,2.3,8.09002951790214,1.3,500,0.980339848195856,0.0246208514195141,1.12407882016652,0.0250593748174264,0.32,0.0208614476966485,0.754107575535274,0.0352285714285714
"d8.0_t1.0_R2.3_s8.1","A","NSEC",8,1,2.3,8.09002951790214,1.3,500,0.293841847890296,0.010195194175234,0.371766165381783,0.0122016367537983,0.62,0.0217071416819442,0.226032190684843,0.0352285714285714
"d8.0_t1.0_R2.3_s8.1","C","ErC50",8,1,2.3,8.09002951790214,3.33617149040127,500,-0.159784942103303,0.006524440001384,0.216270243148368,0.00548893556738855,0.73,0.0198544705293292,-0.0478947028241898,0.0352285714285714
"d8.0_t1.0_R2.3_s8.1","E","ErC10",8,1,2.3,8.09002951790214,1.69802987177516,500,0.196918133775434,0.010400836789146,0.304560793538682,0.00895632084936385,0.87,0.0150399468084166,0.115968592218918,0.0352285714285714
"d8.0_t2.0_R2.3_s8.1","B2","ErC50",8,2,2.3,8.09002951790214,3.33617149040127,500,-0.328957296661213,0.00589387242393378,0.354326165233824,0.00601891994727393,0.992,0.0039839678713564,-0.0986032335590899,0.151057142857143
"d8.0_t2.0_R2.3_s8.1","D","ErC50",8,2,2.3,8.09002951790214,3.33617149040127,500,-0.0726153887194882,0.007565151033329,0.183933461467088,0.00626886239326428,0.836,0.0165592270351004,-0.0217660839463484,0.151057142857143
"d8.0_t2.0_R2.3_s8.1","A","ErC10",8,2,2.3,8.09002951790214,1.69802987177516,500,0.181595785503475,0.00689285004135355,0.238086557321545,0.00767898958603136,0.86,0.0155177317930167,0.10694498873193,0.151057142857143
"d8.0_t2.0_R2.3_s8.1","A","ErC50",8,2,2.3,8.09002951790214,3.33617149040127,500,-0.0439660154593749,0.00554784842473145,0.131497311626998,0.00437680202493163,0.93,0.0114105214604767,-0.0131785837706103,0.151057142857143
"d8.0_t2.0_R2.3_s8.1","F","ErC10",8,2,2.3,8.09002951790214,1.69802987177516,500,0.173418004216288,0.0135483625747987,0.348811281765665,0.0190238339782983,0.906,0.0130509769749241,0.102128947846479,0.151057142857143
"d8.0_t2.0_R2.3_s8.1","C","ErC10",8,2,2.3,8.09002951790214,1.69802987177516,500,0.0810222656409006,0.00663970435524045,0.169006978607864,0.00513112863634136,0.932,0.0112584190719657,0.0477154536487619,0.151057142857143
"d8.0_t2.0_R2.3_s8.1","B1","ErC10",8,2,2.3,8.09002951790214,1.69802987177516,500,0.217824235937031,0.0108651251744913,0.326120866160349,0.0166573715795011,0.734,0.0197607692157972,0.128280567708337,0.151057142857143
"d8.0_t2.0_R2.3_s8.1","B3","ErC10",8,2,2.3,8.09002951790214,1.69802987177516,500,0.270562131926171,0.0118438880740042,0.378420971805865,0.0176189034426444,0.618,0.0217290588843604,0.15933885288091,0.151057142857143
"d8.0_t2.0_R2.3_s8.1","B2","ErC10",8,2,2.3,8.09002951790214,1.69802987177516,500,0.554827964788017,0.00858191128059563,0.587013647135731,0.00843372234467119,0.998,0.00199799899899875,0.326748059036198,0.151057142857143
"d8.0_t2.0_R2.3_s8.1","D","ErC10",8,2,2.3,8.09002951790214,1.69802987177516,500,0.0929973245238549,0.00675137347549709,0.177181949497155,0.005319280503215,0.944,0.0102824121683582,0.0547677788651819,0.151057142857143
"d8.0_t2.0_R2.3_s8.1","B3","ErC50",8,2,2.3,8.09002951790214,3.33617149040127,500,-0.25492859105745,0.00723162446047248,0.301802064795539,0.00618719667664689,0.496,0.0223599642217961,-0.0764135152497174,0.151057142857143
"d8.0_t2.0_R2.3_s8.1","E","NSEC",8,2,2.3,8.09002951790214,1.3,500,0.366109458108018,0.0061606407755227,0.391120095627798,0.00585597871938908,0.51,0.0223562071917398,0.281622660083091,0.151057142857143
"d8.0_t2.0_R2.3_s8.1","B1","NSEC",8,2,2.3,8.09002951790214,1.3,500,0.472927358647157,0.0118288475478926,0.541739035032835,0.0165763095487638,0.23,0.0188202019117755,0.363790275882429,0.151057142857143
"d8.0_t2.0_R2.3_s8.1","B3","NSEC",8,2,2.3,8.09002951790214,1.3,500,0.540877813688202,0.0127114065254587,0.610882277867029,0.017546431921946,0.094,0.0130509769749241,0.416059856683232,0.151057142857143
"d8.0_t2.0_R2.3_s8.1","C","ErC50",8,2,2.3,8.09002951790214,3.33617149040127,500,-0.052077846897471,0.00699097899395635,0.164621146871087,0.00521505466179327,0.85,0.0159687194226713,-0.0156100629261139,0.151057142857143
"d8.0_t2.0_R2.3_s8.1","B2","NSEC",8,2,2.3,8.09002951790214,1.3,500,1.03502642004527,0.00960345000679726,1.05702440367109,0.00984693238773766,0.026,0.00711674082709213,0.796174169265596,0.151057142857143
"d8.0_t2.0_R2.3_s8.1","D","NSEC",8,2,2.3,8.09002951790214,1.3,500,0.295221827835641,0.00753851514257802,0.339873069979811,0.00724526464417382,0.634,0.0215427017804174,0.227093713719724,0.151057142857143
"d8.0_t2.0_R2.3_s8.1","C","NSEC",8,2,2.3,8.09002951790214,1.3,500,0.272947475140704,0.0072579173812198,0.31746862707562,0.00678579900215173,0.644,0.0214132669156297,0.20995959626208,0.151057142857143
"d8.0_t2.0_R2.3_s8.1","E","ErC10",8,2,2.3,8.09002951790214,1.69802987177516,500,0.0862323037190274,0.00585300133412641,0.15662236394818,0.00490764738012173,0.98,0.00626099033699941,0.050783737761267,0.151057142857143
"d8.0_t2.0_R2.3_s8.1","A","NSEC",8,2,2.3,8.09002951790214,1.3,500,0.405294842979017,0.00737380243740776,0.437488306101958,0.00785534984554714,0.316,0.020791536739741,0.311765263830013,0.151057142857143
"d8.0_t2.0_R2.3_s8.1","F","ErC50",8,2,2.3,8.09002951790214,3.33617149040127,500,-0.445699521192404,0.00918105156154072,0.490621672341528,0.00754614469029609,0.586,0.0220274374360705,-0.133596106337686,0.151057142857143
"d8.0_t2.0_R2.3_s8.1","E","ErC50",8,2,2.3,8.09002951790214,3.33617149040127,500,-0.329078204717878,0.00652260606786801,0.359891810671929,0.00598958385041853,0.476,0.0223349054173059,-0.0986394751183182,0.151057142857143
"d8.0_t2.0_R2.3_s8.1","B1","ErC50",8,2,2.3,8.09002951790214,3.33617149040127,500,-0.211434665582454,0.00738174336208505,0.268132793978551,0.0063031612522379,0.62,0.0217071416819442,-0.0633764379891106,0.151057142857143
"d8.0_t2.0_R2.3_s8.1","F","NSEC",8,2,2.3,8.09002951790214,1.3,500,0.678345768078487,0.0138982544797013,0.746016459861094,0.0176961113725846,0.212,0.0182787308093314,0.521804436983452,0.151057142857143
