"dataset","arm","endpoint","estimate","lower","upper","n","n_censored","escalated","n_requested","n_averaged","dropped_rhat","elapsed"
"c_proliferum","A","ErC10",1.42235035035035,0.501475475475475,2.54341541541542,85,0,FALSE,14,6,"",99.691187620163
"c_proliferum","A","ErC50",3.42425225225225,2.50337737737738,4.32510810810811,85,0,FALSE,14,6,"",99.691187620163
"c_proliferum","A","NSEC",1.80739854936426,0.585632777472283,3.01266395523983,85,0,FALSE,14,6,"",99.691187620163
"c_proliferum","B1","ErC10",2.78364364364364,1.86276876876877,3.44427127127127,85,0,FALSE,14,7,"ecxll5",1964.67862510681
"c_proliferum","B1","ErC50",6.34702902902903,5.76647747747748,7.02767567567568,85,0,FALSE,14,7,"ecxll5",1964.67862510681
"c_proliferum","B1","NSEC",2.32671596975075,1.26212161537134,3.15080529464673,85,0,FALSE,14,7,"ecxll5",1964.67862510681
"c_proliferum","B2","ErC10",0.681646646646647,0.20119019019019,1.44236936936937,85,0,FALSE,6,6,"",85.7975389957428
"c_proliferum","B2","ErC50",3.18402402402402,0.801260285285286,6.5272002002002,85,0,FALSE,6,6,"",85.7975389957428
"c_proliferum","B2","NSEC",2.19640271000955,0.504536701853396,5.23127637329444,85,0,FALSE,6,6,"",85.7975389957428
"c_proliferum","B3","ErC10",3.00385285285285,2.26314914914915,3.80461361361361,85,0,FALSE,6,6,"",71.0299785137177
"c_proliferum","B3","ErC50",6.04674374374374,5.52624924924925,6.58725725725726,85,0,FALSE,6,6,"",71.0299785137177
"c_proliferum","B3","NSEC",2.61341574968199,1.71475511563752,3.55067011041898,85,0,FALSE,6,6,"",71.0299785137177
"c_proliferum","C","ErC10",2.54341541541542,1.5029269019019,3.30413813813814,85,12,FALSE,14,8,"",2105.29425477982
"c_proliferum","C","ErC50",6.56723823823824,6.04674374374374,7.08773273273273,85,12,FALSE,14,8,"",2105.29425477982
"c_proliferum","C","NSEC",1.88776108477538,0.626666653296838,2.76022952090872,85,12,FALSE,14,8,"",2105.29425477982
"c_proliferum","C2","ErC10",2.56343443443443,1.30223623623624,3.30413813813814,85,12,FALSE,14,7,"",280.361973524094
"c_proliferum","C2","ErC50",6.56723823823824,6.04674374374374,7.06771371371371,85,12,FALSE,14,7,"",280.361973524094
"c_proliferum","C2","NSEC",1.91165376041576,0.692455666639063,2.78351972003628,85,12,FALSE,14,7,"",280.361973524094
"c_proliferum","D","ErC10",2.53803003003003,1.94255355355355,3.29363463463463,65,0,FALSE,14,6,"ecx4param ecxll4",3654.38644480705
"c_proliferum","D","ErC50",5,5,5,65,0,FALSE,14,6,"ecx4param ecxll4",3654.38644480705
"c_proliferum","D","NSEC",1.46531738052861,0.694677986153275,2.48848940675465,65,0,FALSE,14,6,"ecx4param ecxll4",3654.38644480705
"c_proliferum","SQ","ErC10",3.20404304304304,2.5233963963964,4.04484184184184,85,0,FALSE,14,8,"ecx4param ecxwb1 ecxll4",173.555025577545
"c_proliferum","SQ","ErC50",5.6864014014014,4.9456976976977,6.34702902902903,85,0,FALSE,14,8,"ecx4param ecxwb1 ecxll4",173.555025577545
"c_proliferum","SQ","NSEC",2.68456650290974,1.66328877554824,3.61274459121777,85,0,FALSE,14,8,"ecx4param ecxwb1 ecxll4",173.555025577545
"c_proliferum2","A","ErC10",155.23963963964,121.209009009009,241.317117117117,70,0,FALSE,14,8,"",137.007588148117
"c_proliferum2","A","ErC50",369.432432432432,355.41981981982,381.443243243243,70,0,FALSE,14,8,"",137.007588148117
"c_proliferum2","A","NSEC",66.791050603642,21.6734430621213,226.435790126243,70,0,FALSE,14,8,"",137.007588148117
"c_proliferum2","B1","ErC10",188.269369369369,156.240540540541,220.298198198198,70,0,FALSE,14,7,"",264.189438581467
"c_proliferum2","B1","ErC50",357.421621621622,343.409009009009,369.432432432432,70,0,FALSE,14,7,"",264.189438581467
"c_proliferum2","B1","NSEC",88.4526909039297,32.008117012556,169.605203027621,70,0,FALSE,14,7,"",264.189438581467
"c_proliferum2","B2","ErC10",239.315315315315,70.1630630630631,396.456756756757,70,0,FALSE,6,4,"nec4param ecxwb1",301.084370136261
"c_proliferum2","B2","ErC50",349.414414414414,255.32972972973,432.489189189189,70,0,FALSE,6,4,"nec4param ecxwb1",301.084370136261
"c_proliferum2","B2","NSEC",269.836317740874,138.113879326854,406.242694138257,70,0,FALSE,6,4,"nec4param ecxwb1",301.084370136261
"c_proliferum2","B3","ErC10",187.268468468468,157.241441441441,221.299099099099,70,0,FALSE,6,6,"",80.3691563606262
"c_proliferum2","B3","ErC50",357.421621621622,342.408108108108,369.432432432432,70,0,FALSE,6,6,"",80.3691563606262
"c_proliferum2","B3","NSEC",85.7052072566192,29.653103598032,171.03877003893,70,0,FALSE,6,6,"",80.3691563606262
"c_proliferum2","C","ErC10",207.286486486486,157.241441441441,225.302702702703,70,10,FALSE,14,7,"",316.712062597275
"c_proliferum2","C","ErC50",356.420720720721,344.40990990991,370.433333333333,70,10,FALSE,14,7,"",316.712062597275
"c_proliferum2","C","NSEC",178.291403500286,49.4125659263151,201.980783278373,70,10,FALSE,14,7,"",316.712062597275
"c_proliferum2","C2","ErC10",207.286486486486,158.242342342342,225.302702702703,70,10,FALSE,14,7,"",165.854724884033
"c_proliferum2","C2","ErC50",356.420720720721,344.40990990991,370.433333333333,70,10,FALSE,14,7,"",165.854724884033
"c_proliferum2","C2","NSEC",178.543257273601,49.2569787431767,201.741352129953,70,10,FALSE,14,7,"",165.854724884033
"c_proliferum2","D","ErC10",206.897597597598,161.072174674675,224.971371371371,60,0,FALSE,14,7,"",960.447060108185
"c_proliferum2","D","ErC50",356.531631631632,342.661061061061,369.561561561562,60,0,FALSE,14,7,"",960.447060108185
"c_proliferum2","D","NSEC",178.349738775198,59.4569861902845,201.169652412576,60,0,FALSE,14,7,"",960.447060108185
"c_proliferum2","SQ","ErC10",210.289189189189,186.267567567568,236.312612612613,70,0,FALSE,14,11,"",148.591892719269
"c_proliferum2","SQ","ErC50",354.418918918919,329.396396396396,377.43963963964,70,0,FALSE,14,11,"",148.591892719269
"c_proliferum2","SQ","NSEC",106.854334162627,45.3106296445704,173.02073215912,70,0,FALSE,14,11,"",148.591892719269
"r_salina","A","ErC10",4.88564064064064,4.54531731731732,4.92567867867868,85,0,FALSE,14,4,"ecx4param ecxwb1 ecxwb2 ecxll4",279.550973892212
"r_salina","A","ErC50",5.02577377377377,5.00575475475476,5.04579279279279,85,0,FALSE,14,4,"ecx4param ecxwb1 ecxwb2 ecxll4",279.550973892212
"r_salina","A","NSEC",4.83446204774161,3.94767673873994,4.90908531715651,85,0,FALSE,14,4,"ecx4param ecxwb1 ecxwb2 ecxll4",279.550973892212
"r_salina","B1","ErC10",4.50527927927928,3.64446146146146,4.92567867867868,85,0,FALSE,14,5,"ecxwb1",777.961647748947
"r_salina","B1","ErC50",5.08583083083083,5.00575475475476,5.18592592592593,85,0,FALSE,14,5,"ecxwb1",777.961647748947
"r_salina","B1","NSEC",4.07448095375474,1.81319884684626,4.90640091448328,85,0,FALSE,14,5,"ecxwb1",777.961647748947
"r_salina","B2","ErC10",0.501475475475475,0.261247247247247,1.30223623623624,85,0,FALSE,6,6,"",82.5124566555023
"r_salina","B2","ErC50",2.38326326326326,1.14158360860861,3.74455655655656,85,0,FALSE,6,6,"",82.5124566555023
"r_salina","B2","NSEC",1.05743638236462,0.306470550899605,2.01241932361413,85,0,FALSE,6,6,"",82.5124566555023
"r_salina","B3","ErC10",4.44522222222222,3.6844994994995,4.92567867867868,85,0,FALSE,6,4,"ecxwb1 ecxll5",139.783412218094
"r_salina","B3","ErC50",5.08583083083083,5.00575475475476,5.18592592592593,85,0,FALSE,6,4,"ecxwb1 ecxll5",139.783412218094
"r_salina","B3","NSEC",3.87404681096791,1.87210223766205,4.89334424414711,85,0,FALSE,6,4,"ecxwb1 ecxll5",139.783412218094
"r_salina","C","ErC10",4.70546946946947,4.36514614614615,4.9456976976977,85,20,FALSE,14,7,"ecxwb2",329.248371124268
"r_salina","C","ErC50",5.04579279279279,5.00575475475476,5.08583083083083,85,20,FALSE,14,7,"ecxwb2",329.248371124268
"r_salina","C","NSEC",4.59320204636188,3.59762185422587,4.91373084427865,85,20,FALSE,14,7,"ecxwb2",329.248371124268
"r_salina","C2","ErC10",0.441418418418418,0.381361361361361,0.501475475475475,85,20,FALSE,14,4,"nec4param ecxwb1 ecxwb2",341.124109268188
"r_salina","C2","ErC50",2.18307307307307,1.92282582582583,2.50337737737738,85,20,FALSE,14,4,"nec4param ecxwb1 ecxwb2",341.124109268188
"r_salina","C2","NSEC",0.40296201280783,0.100790706593923,0.805779081756419,85,20,FALSE,14,4,"nec4param ecxwb1 ecxwb2",341.124109268188
"r_salina","D","ErC10",2.81325025025025,2.64311411411411,2.96837437437437,65,0,FALSE,14,6,"ecxwb1 ecxwb2",3807.70186018944
"r_salina","D","ErC50",5,5,5,65,0,FALSE,14,6,"ecxwb1 ecxwb2",3807.70186018944
"r_salina","D","NSEC",2.24437930889826,1.83077708551075,2.43984543638343,65,0,FALSE,14,6,"ecxwb1 ecxwb2",3807.70186018944
"r_salina","SQ","ErC10",3.60442342342342,3.2641001001001,4.62539339339339,85,0,FALSE,14,10,"ecxwb1",191.634010314941
"r_salina","SQ","ErC50",5.08583083083083,4.92567867867868,5.24598298298298,85,0,FALSE,14,10,"ecxwb1",191.634010314941
"r_salina","SQ","NSEC",1.65212401734448,0.800307115921641,4.55567932809466,85,0,FALSE,14,10,"ecxwb1",191.634010314941
"r_salina2","A","ErC10",49.0585585585586,26.0357657657658,68.1024121621618,70,0,FALSE,14,7,"",135.681066513062
"r_salina2","A","ErC50",134.142792792793,121.12990990991,150.158648648649,70,0,FALSE,14,7,"",135.681066513062
"r_salina2","A","NSEC",45.685455023122,11.8301859750313,66.1364891411827,70,0,FALSE,14,7,"",135.681066513062
"r_salina2","B1","ErC10",75.0843243243243,59.0684684684685,90.0991891891892,70,0,FALSE,14,7,"",645.497084379196
"r_salina2","B1","ErC50",109.118018018018,105.114054054054,116.124954954955,70,0,FALSE,14,7,"",645.497084379196
"r_salina2","B1","NSEC",61.1513000558534,24.5124594860733,88.8302381229288,70,0,FALSE,14,7,"",645.497084379196
"r_salina2","B2","ErC10",85.0942342342342,19.0288288288288,137.145765765766,70,0,FALSE,6,5,"nec4param",402.213068962097
"r_salina2","B2","ErC50",116.124954954955,78.0872972972973,170.228518018018,70,0,FALSE,6,5,"nec4param",402.213068962097
"r_salina2","B2","NSEC",98.9294658633491,43.8414357073665,148.06616372238,70,0,FALSE,6,5,"nec4param",402.213068962097
"r_salina2","B3","ErC10",76.0853153153153,59.0684684684685,90.0991891891892,70,0,FALSE,6,6,"",91.7038741111755
"r_salina2","B3","ErC50",109.118018018018,105.114054054054,116.124954954955,70,0,FALSE,6,6,"",91.7038741111755
"r_salina2","B3","NSEC",60.9235150150258,25.1155904151308,88.4239607301236,70,0,FALSE,6,6,"",91.7038741111755
"r_salina2","C","ErC10",65.0744144144144,51.0605405405405,75.0843243243243,70,21,FALSE,14,7,"",299.894017934799
"r_salina2","C","ErC50",117.125945945946,109.118018018018,124.132882882883,70,21,FALSE,14,7,"",299.894017934799
"r_salina2","C","NSEC",58.3477771998702,44.7343152552944,69.5086482242711,70,21,FALSE,14,7,"",299.894017934799
"r_salina2","C2","ErC10",65.0744144144144,54.0635135135135,75.0843243243243,70,21,FALSE,14,7,"",284.759401798248
"r_salina2","C2","ErC50",117.125945945946,110.119009009009,124.132882882883,70,21,FALSE,14,7,"",284.759401798248
"r_salina2","C2","NSEC",58.5158029850258,47.5833445406168,69.9309275946233,70,21,FALSE,14,7,"",284.759401798248
"r_salina2","D","ErC10",75.8820820820821,58.0651551551552,91.8972972972973,50,0,FALSE,14,8,"",1469.38498568535
"r_salina2","D","ErC50",109.313843843844,103.308138138138,117.121261261261,50,0,FALSE,14,8,"",1469.38498568535
"r_salina2","D","NSEC",63.3076831268787,31.9661021755279,90.3253655535112,50,0,FALSE,14,8,"",1469.38498568535
"r_salina2","SQ","ErC10",82.0912612612613,70.0793693693694,93.1021621621622,70,0,FALSE,14,11,"",341.199985980988
"r_salina2","SQ","ErC50",110.119009009009,103.112072072072,119.127927927928,70,0,FALSE,14,11,"",341.199985980988
"r_salina2","SQ","NSEC",68.7124976540615,38.8129018307007,91.4027553908028,70,0,FALSE,14,11,"",341.199985980988
