"cell","delta","top_factor","R","arm","iteration","f_neg","bot","top","beta","nec","sigma","dispersion_par","dispersion","divergences","max_rhat","ErC10","ErC50","ErC10_lwr","ErC10_upr","ErC50_lwr","ErC50_upr","phi","shape","true_ErC10","true_ErC50","true_nec","true_beta","true_top","true_bot"
"d2.0_t2.0_R2.3_s8.1",2,2,2.3,"A",1,0.171428571428571,-0.27020284560225,0.11319934655725,-3.42652118745,2.5483031424875,0.0263946559785,"sigma",0.0263946559785,0,1.00188282717556,3.40070537546273,7.62009908205539,2.20337369118523,5.38445017781599,6.51801863630357,8.94259561695756,NA,NA,2.50768524465496,7.79489604573253,1.3,-3.573,0.118987017562158,-0.237974035124315
"d2.0_t2.0_R2.3_s8.1",2,2,2.3,"B3",1,0.171428571428571,0,0.114514680035,-1.9154744586025,2.3159844028875,0.01748361473025,"sigma",0.01748361473025,0,1.00698292419076,2.86540915895471,7.0533148528116,2.07820884056056,4.94440519983367,6.04569844526708,8.28134734950647,NA,NA,2.50768524465496,7.79489604573253,1.3,-3.573,0.118987017562158,-0.237974035124315
"d2.0_t2.0_R2.3_s8.1",2,2,2.3,"E",1,0.171428571428571,NA,0.8070910687725,-2.027313839425,1.988299188915,NA,"phi",8.221513784725,0,1.00245955380266,2.70796909527588,7.24224292922619,1.8577927514102,4.12492966838535,6.23462652168168,8.65920350233566,8.221513784725,NA,2.50768524465496,7.79489604573253,1.3,-3.573,0.118987017562158,-0.237974035124315
"d2.0_t2.0_R2.3_s8.1",2,2,2.3,"F",1,0.171428571428571,NA,0.11162192487725,-1.820036904,3.275065155905,NA,"shape",2.99436259115,0,1.00121040842996,3.87302556649923,7.52563504384809,2.14118486603209,5.95123440705978,5.95123440705978,9.35272698284091,NA,2.99436259115,2.50768524465496,7.79489604573253,1.3,-3.573,0.118987017562158,-0.237974035124315
"d2.0_t2.0_R2.3_s8.1",2,2,2.3,"A",2,0.185714285714286,-0.09672299997325,0.1160120495545,-2.644404070655,3.070777297175,0.02576073722925,"sigma",0.02576073722925,0,1.00388840363435,3.81004954102769,7.68307510752692,2.36081375486406,5.79379434338095,6.51801863630357,9.10003568063639,NA,NA,2.50768524465496,7.79489604573253,1.3,-3.573,0.118987017562158,-0.237974035124315
"d2.0_t2.0_R2.3_s8.1",2,2,2.3,"B3",2,0.185714285714286,0,0.116758849095,-1.8900919192025,2.8378935661675,0.01855967490875,"sigma",0.01855967490875,0,1.00438559747791,3.5266574264058,7.46265901837655,2.29862492971092,5.1010580631941,6.42355459809627,8.7221795278072,NA,NA,2.50768524465496,7.79489604573253,1.3,-3.573,0.118987017562158,-0.237974035124315
"d2.0_t2.0_R2.3_s8.1",2,2,2.3,"E",2,0.185714285714286,NA,0.8012280091425,-2.02367733375,2.689807562035,NA,"phi",6.3394624294,0,1.00149306647527,3.49516941367003,7.90349119667728,2.33011294244669,4.72320191036491,6.83289876366123,9.41491580799405,6.3394624294,NA,2.50768524465496,7.79489604573253,1.3,-3.573,0.118987017562158,-0.237974035124315
"d2.0_t2.0_R2.3_s8.1",2,2,2.3,"F",2,0.185714285714286,NA,0.1150156247035,-1.79628425285,3.35579612946,NA,"shape",2.68156102135,0,1.00236769422219,3.93600159197076,7.49414703111232,2.17188567844946,6.07797365832125,5.88825838158825,9.44640382072982,NA,2.68156102135,2.50768524465496,7.79489604573253,1.3,-3.573,0.118987017562158,-0.237974035124315
"d2.0_t2.0_R2.3_s8.1",2,2,2.3,"A",3,0.157142857142857,-0.08641291802,0.11364595364,-2.4780820382,2.927010644385,0.0234671295755,"sigma",0.0234671295755,0,1.00455463924602,3.55814543914156,6.9588508146043,2.42457698065399,5.32147415234446,6.01421043253132,8.09241927309188,NA,NA,2.50768524465496,7.79489604573253,1.3,-3.573,0.118987017562158,-0.237974035124315
"d2.0_t2.0_R2.3_s8.1",2,2,2.3,"B3",3,0.157142857142857,0,0.1143350587475,-1.7826880971,2.6886980553925,0.012851556085675,"sigma",0.012851556085675,0,1.00227477625737,3.3377293499912,6.83289876366123,2.64499306980435,3.93600159197076,6.17165049621015,7.55712305658385,NA,NA,2.50768524465496,7.79489604573253,1.3,-3.573,0.118987017562158,-0.237974035124315
"d2.0_t2.0_R2.3_s8.1",2,2,2.3,"E",3,0.157142857142857,NA,0.8557820282225,-1.841649591375,2.50317703365,NA,"phi",10.323236888125,0,1.0039875510708,3.14880127357661,6.89587478913277,2.29862492971092,3.99897761744229,6.10867447073861,7.84051517120575,10.323236888125,NA,2.50768524465496,7.79489604573253,1.3,-3.573,0.118987017562158,-0.237974035124315
"d2.0_t2.0_R2.3_s8.1",2,2,2.3,"F",3,0.157142857142857,NA,0.1129917041095,-1.6689069298,3.1053128519975,NA,"shape",3.1849815034,0,1.00279571623433,3.6211214646131,6.73843472545394,2.10969685329633,5.38523737813439,5.38445017781599,8.37581138771377,NA,3.1849815034,2.50768524465496,7.79489604573253,1.3,-3.573,0.118987017562158,-0.237974035124315
"d2.0_t2.0_R2.3_s8.1",2,2,2.3,"A",4,0.114285714285714,-0.0649261607855,0.11423255088425,-2.492740567875,2.65993894722,0.02326539856275,"sigma",0.02326539856275,0,1.0036724668639,3.46368140093427,7.39968299290502,2.39308896791822,4.69171389762914,6.23462652168168,8.78515555327873,NA,NA,2.50768524465496,7.79489604573253,1.3,-3.573,0.118987017562158,-0.237974035124315
"d2.0_t2.0_R2.3_s8.1",2,2,2.3,"B3",4,0.114285714285714,0,0.1147263992075,-1.77717282315,2.862256857975,0.0136873936915,"sigma",0.0136873936915,0,1.00279049728917,3.49516941367003,6.99033882734006,2.77094512074741,4.12492966838535,6.26611453441744,7.80902715846998,NA,NA,2.50768524465496,7.79489604573253,1.3,-3.573,0.118987017562158,-0.237974035124315
"d2.0_t2.0_R2.3_s8.1",2,2,2.3,"E",4,0.114285714285714,NA,0.8165532919425,-1.8475159491,2.55159190118,NA,"phi",9.979128698825,0,1.00226018877275,3.21177729904814,6.9588508146043,2.33011294244669,4.12492966838535,6.14016248347438,7.90349119667728,9.979128698825,NA,2.50768524465496,7.79489604573253,1.3,-3.573,0.118987017562158,-0.237974035124315
"d2.0_t2.0_R2.3_s8.1",2,2,2.3,"F",4,0.114285714285714,NA,0.11220889312175,-1.79303229555,3.4936813293875,NA,"shape",1.752418179075,0,1.00317963049244,4.03046563017806,7.58861106931962,2.20416089150362,6.4873178238862,5.95123440705978,9.82425997355901,NA,1.752418179075,2.50768524465496,7.79489604573253,1.3,-3.573,0.118987017562158,-0.237974035124315
"d2.0_t2.0_R2.3_s8.1",2,2,2.3,"A",5,0.142857142857143,-0.2539059123685,0.114517389747,-3.515625668125,2.6328375437775,0.02731298393075,"sigma",0.02731298393075,0,1.00105751782241,3.71558550282039,8.56473946412837,2.36160095518245,5.38445017781599,7.27373094196196,9.91872401176631,NA,NA,2.50768524465496,7.79489604573253,1.3,-3.573,0.118987017562158,-0.237974035124315
"d2.0_t2.0_R2.3_s8.1",2,2,2.3,"B3",5,0.142857142857143,0,0.11582605862,-1.9877600712,2.6076567293175,0.0155232723205,"sigma",0.0155232723205,0,1.00166199379468,3.36921736272697,7.71456312026268,2.36160095518245,4.47129780847878,6.73843472545394,8.78515555327873,NA,NA,2.50768524465496,7.79489604573253,1.3,-3.573,0.118987017562158,-0.237974035124315
"d2.0_t2.0_R2.3_s8.1",2,2,2.3,"E",5,0.142857142857143,NA,0.8228889323175,-1.9205300737,2.6399933858275,NA,"phi",8.0517618477,0,1.00298654701969,3.36921736272697,7.36819498016926,2.17267287876786,4.69171389762914,6.29760254715321,8.65920350233566,8.0517618477,NA,2.50768524465496,7.79489604573253,1.3,-3.573,0.118987017562158,-0.237974035124315
"d2.0_t2.0_R2.3_s8.1",2,2,2.3,"F",5,0.142857142857143,NA,0.11348997910675,-1.419353111025,6.592930344575,NA,"shape",1.8355060316575,0,1.00437382756701,7.11629087828313,9.50937984620135,4.15641768112112,10.0769512757635,7.02103963975744,12.1236721035883,NA,1.8355060316575,2.50768524465496,7.79489604573253,1.3,-3.573,0.118987017562158,-0.237974035124315
"d2.0_t2.0_R2.3_s8.1",2,2,2.3,"A",6,0.142857142857143,-0.14532310214125,0.114948130874,-3.00819131315,2.48556405447,0.03211663360275,"sigma",0.03211663360275,0,1.00376413415847,3.36921736272697,7.84051517120575,2.23564890423939,5.22701011413716,6.29681534683482,9.50937984620135,NA,NA,2.50768524465496,7.79489604573253,1.3,-3.573,0.118987017562158,-0.237974035124315
"d2.0_t2.0_R2.3_s8.1",2,2,2.3,"B3",6,0.142857142857143,0,0.1165369481425,-1.952213761575,2.3965581068825,0.01976290516975,"sigma",0.01976290516975,0,1.00272013001589,3.11731326084084,7.30521895469772,2.23564890423939,4.09422885596798,6.14016248347438,8.69069151507143,NA,NA,2.50768524465496,7.79489604573253,1.3,-3.573,0.118987017562158,-0.237974035124315
"d2.0_t2.0_R2.3_s8.1",2,2,2.3,"E",6,0.142857142857143,NA,0.79393680899,-2.022020097525,2.2934781638675,NA,"phi",4.4678503781,0,1.00218038779173,3.08582524810507,7.52563504384809,2.04672082782479,4.25088171932842,6.29760254715321,9.10003568063639,4.4678503781,NA,2.50768524465496,7.79489604573253,1.3,-3.573,0.118987017562158,-0.237974035124315
"d2.0_t2.0_R2.3_s8.1",2,2,2.3,"F",6,0.142857142857143,NA,0.11323961039125,-1.862288188,3.98080465148,NA,"shape",1.0903583993375,0,1.00261379266918,4.53427383395031,8.344323374978,2.26713691697516,7.87279038425991,6.23462652168168,11.30419657214,NA,1.0903583993375,2.50768524465496,7.79489604573253,1.3,-3.573,0.118987017562158,-0.237974035124315
"d2.0_t2.0_R2.3_s8.1",2,2,2.3,"A",7,0.142857142857143,-0.19916318109075,0.11460799014925,-3.1808254699,3.5536049227425,0.0293541825915,"sigma",0.0293541825915,0,1.00278001449926,4.40832178300725,8.65920350233566,2.73945710801165,6.61248267451087,7.30521895469772,10.233604139124,NA,NA,2.50768524465496,7.79489604573253,1.3,-3.573,0.118987017562158,-0.237974035124315
"d2.0_t2.0_R2.3_s8.1",2,2,2.3,"B3",7,0.142857142857143,0,0.1146349664425,-1.74579178915,4.127573341125,0.01447618015475,"sigma",0.01447618015475,0,1.00454342072104,4.88064197404374,8.15539529856341,3.46368140093427,5.82528235611672,7.30521895469772,9.06854766790062,NA,NA,2.50768524465496,7.79489604573253,1.3,-3.573,0.118987017562158,-0.237974035124315
"d2.0_t2.0_R2.3_s8.1",2,2,2.3,"E",7,0.142857142857143,NA,0.80087276853,-1.90659560985,3.0701241307675,NA,"phi",9.922674601625,0,1.00363342608845,3.74707351555616,7.71456312026268,2.64499306980435,5.1955221014014,6.7699227381897,8.94259561695756,9.922674601625,NA,2.50768524465496,7.79489604573253,1.3,-3.573,0.118987017562158,-0.237974035124315
"d2.0_t2.0_R2.3_s8.1",2,2,2.3,"F",7,0.142857142857143,NA,0.11567811298125,-1.661791900675,4.246086798325,NA,"shape",3.0569342218,0,1.00333094981203,4.78617793583644,7.90349119667728,2.89689717169048,6.83289876366123,6.23462652168168,9.69830792261594,NA,3.0569342218,2.50768524465496,7.79489604573253,1.3,-3.573,0.118987017562158,-0.237974035124315
"d2.0_t2.0_R2.3_s8.1",2,2,2.3,"A",8,0.142857142857143,-0.1764718134195,0.1163677065925,-3.17701280145,2.81713959616,0.02352147329725,"sigma",0.02352147329725,0,1.00281421106548,3.74707351555616,8.344323374978,2.33011294244669,5.88825838158825,7.17926690375466,9.66681990988018,NA,NA,2.50768524465496,7.79489604573253,1.3,-3.573,0.118987017562158,-0.237974035124315
"d2.0_t2.0_R2.3_s8.1",2,2,2.3,"B3",8,0.142857142857143,0,0.1178438889725,-2.0732851913,2.33882209514,0.01562941924625,"sigma",0.01562941924625,0,1.0105366092407,3.02284922263354,7.90349119667728,2.17267287876786,4.94361799951527,6.83289876366123,9.03705965516486,NA,NA,2.50768524465496,7.79489604573253,1.3,-3.573,0.118987017562158,-0.237974035124315
"d2.0_t2.0_R2.3_s8.1",2,2,2.3,"E",8,0.142857142857143,NA,0.81581155414,-1.962248380675,2.40996093623,NA,"phi",9.44827698155,0,1.00312287049613,3.02284922263354,7.30521895469772,2.14118486603209,4.84915396130797,6.32909055988898,8.75366754054296,9.44827698155,NA,2.50768524465496,7.79489604573253,1.3,-3.573,0.118987017562158,-0.237974035124315
"d2.0_t2.0_R2.3_s8.1",2,2,2.3,"F",8,0.142857142857143,NA,0.11480423041375,-1.42306286565,5.70573823085,NA,"shape",3.01483441685,0,1.00377209212542,6.10867447073861,8.56473946412837,4.31385774479995,8.06093126035611,6.9588508146043,10.2965801645955,NA,3.01483441685,2.50768524465496,7.79489604573253,1.3,-3.573,0.118987017562158,-0.237974035124315
"d2.0_t2.0_R2.3_s8.1",2,2,2.3,"A",9,0.128571428571429,-0.1964860851975,0.1196998760175,-3.25239605685,2.284667263225,0.025920998918,"sigma",0.025920998918,0,1.00216954670399,3.27475332451967,7.93497920941305,2.23564890423939,4.62873787215761,6.7699227381897,9.19449971884369,NA,NA,2.50768524465496,7.79489604573253,1.3,-3.573,0.118987017562158,-0.237974035124315
"d2.0_t2.0_R2.3_s8.1",2,2,2.3,"B3",9,0.128571428571429,0,0.1207975211725,-1.879897993725,2.4960388362225,0.01498487086475,"sigma",0.01498487086475,0,1.00198041764181,3.18028928631237,7.0533148528116,2.39308896791822,3.99897761744229,6.26611453441744,7.99795523488458,NA,NA,2.50768524465496,7.79489604573253,1.3,-3.573,0.118987017562158,-0.237974035124315
"d2.0_t2.0_R2.3_s8.1",2,2,2.3,"E",9,0.128571428571429,NA,0.82024347841,-1.852897828975,2.4652574065675,NA,"phi",8.833313000675,0,1.00350438620176,3.08582524810507,6.864386776397,2.36160095518245,4.12492966838535,6.04569844526708,7.96646722214881,8.833313000675,NA,2.50768524465496,7.79489604573253,1.3,-3.573,0.118987017562158,-0.237974035124315
"d2.0_t2.0_R2.3_s8.1",2,2,2.3,"F",9,0.128571428571429,NA,0.11991554450225,-1.5714772237,4.908536917825,NA,"shape",1.4997189039425,0,1.00366624264218,5.2899861396087,8.12390728582764,2.73945710801165,8.59622747686413,5.91974639432402,10.9901036451008,NA,1.4997189039425,2.50768524465496,7.79489604573253,1.3,-3.573,0.118987017562158,-0.237974035124315
"d2.0_t2.0_R2.3_s8.1",2,2,2.3,"A",10,0.171428571428571,-0.1249764191115,0.11702277376175,-2.531713658325,3.64903034401,0.02689605356375,"sigma",0.02689605356375,0,1.00616308447196,4.18790569385688,7.24224292922619,2.67648108254011,5.95123440705978,6.14016248347438,8.40729940044954,NA,NA,2.50768524465496,7.79489604573253,1.3,-3.573,0.118987017562158,-0.237974035124315
"d2.0_t2.0_R2.3_s8.1",2,2,2.3,"B3",10,0.171428571428571,0,0.1158254936475,-1.0758666800175,4.97377687405,0.0149597172995,"sigma",0.0149597172995,0,1.0175501148335,5.44742620328753,7.08480286554736,3.65260947734886,5.88825838158825,6.42355459809627,7.71535032058108,NA,NA,2.50768524465496,7.79489604573253,1.3,-3.573,0.118987017562158,-0.237974035124315
"d2.0_t2.0_R2.3_s8.1",2,2,2.3,"E",10,0.171428571428571,NA,0.8264065967975,-1.80229390325,2.863294504465,NA,"phi",7.9054190286,0,1.00381368595292,3.49516941367003,7.0533148528116,2.58201704433282,4.56576184668608,6.23462652168168,8.18767051161757,7.9054190286,NA,2.50768524465496,7.79489604573253,1.3,-3.573,0.118987017562158,-0.237974035124315
"d2.0_t2.0_R2.3_s8.1",2,2,2.3,"F",10,0.171428571428571,NA,0.10975110624275,-1.969743852175,2.767763137965,NA,"shape",1.4355254011025,0,1.00181225397641,3.40070537546273,7.65158709479115,1.88928076414596,5.79379434338095,6.14016248347438,9.95021202450207,NA,1.4355254011025,2.50768524465496,7.79489604573253,1.3,-3.573,0.118987017562158,-0.237974035124315
"d2.0_t2.0_R2.3_s8.1",2,2,2.3,"A",11,0.171428571428571,-0.0822116413225,0.118563405495,-2.529407537875,1.7518466755,0.01857852387125,"sigma",0.01857852387125,0,1.0025824259546,2.51904101886128,6.17165049621015,1.79481672593867,3.36921736272697,5.4781270157049,7.02182684007583,NA,NA,2.50768524465496,7.79489604573253,1.3,-3.573,0.118987017562158,-0.237974035124315
"d2.0_t2.0_R2.3_s8.1",2,2,2.3,"B3",11,0.171428571428571,0,0.1191334734,-1.6785846947,1.918564704935,0.0118753843441,"sigma",0.0118753843441,0,1.00088797514999,2.48755300612552,5.63635427970212,1.98374480235326,2.95987319716201,5.13254607592987,6.23462652168168,NA,NA,2.50768524465496,7.79489604573253,1.3,-3.573,0.118987017562158,-0.237974035124315
"d2.0_t2.0_R2.3_s8.1",2,2,2.3,"E",11,0.171428571428571,NA,0.849405442355,-1.683877742725,1.731721623505,NA,"phi",8.21893762255,0,1.00350338319007,2.29862492971092,5.47891421602329,1.63737666225983,3.05433723536931,4.78617793583644,6.32909055988898,8.21893762255,NA,2.50768524465496,7.79489604573253,1.3,-3.573,0.118987017562158,-0.237974035124315
"d2.0_t2.0_R2.3_s8.1",2,2,2.3,"F",11,0.171428571428571,NA,0.116360832729,-1.1250892061625,4.780545481425,NA,"shape",1.2578117128875,0,1.0035361743035,5.1010580631941,6.89587478913277,3.05355003505091,7.17926690375466,5.00580682466841,8.87961959148603,NA,1.2578117128875,2.50768524465496,7.79489604573253,1.3,-3.573,0.118987017562158,-0.237974035124315
"d2.0_t2.0_R2.3_s8.1",2,2,2.3,"A",12,0.157142857142857,-0.1947027846045,0.1164565486175,-3.344382331525,1.65056353707,0.023559350981,"sigma",0.023559350981,0,1.00337178203672,2.73945710801165,7.74605113299845,1.88928076414596,3.90451357923499,6.54950664903934,9.00557164242909,NA,NA,2.50768524465496,7.79489604573253,1.3,-3.573,0.118987017562158,-0.237974035124315
"d2.0_t2.0_R2.3_s8.1",2,2,2.3,"B3",12,0.157142857142857,0,0.1188146272175,-1.850084609025,1.8544640948125,0.0154745523245,"sigma",0.0154745523245,0,1.00342813208848,2.51904101886128,6.29760254715321,1.82630473867443,3.49516941367003,5.51040222875906,7.17926690375466,NA,NA,2.50768524465496,7.79489604573253,1.3,-3.573,0.118987017562158,-0.237974035124315
"d2.0_t2.0_R2.3_s8.1",2,2,2.3,"E",12,0.157142857142857,NA,0.8397691276,-2.0055659532,1.5502320312575,NA,"phi",8.531929917875,0,1.00543040814226,2.29862492971092,6.70694671271817,1.63737666225983,3.14880127357661,5.76230633064519,7.90349119667728,8.531929917875,NA,2.50768524465496,7.79489604573253,1.3,-3.573,0.118987017562158,-0.237974035124315
"d2.0_t2.0_R2.3_s8.1",2,2,2.3,"F",12,0.157142857142857,NA,0.11316387252525,-1.932290818625,3.1981076803725,NA,"shape",2.306173066375,0,1.00266193430861,3.81004954102769,7.93497920941305,2.04672082782479,6.45504261083204,6.29681534683482,10.1706281136524,NA,2.306173066375,2.50768524465496,7.79489604573253,1.3,-3.573,0.118987017562158,-0.237974035124315
"d2.0_t2.0_R2.3_s8.1",2,2,2.3,"A",13,0.128571428571429,-0.44796085769,0.1197629036425,-3.904188620425,2.658071418065,0.02394731504175,"sigma",0.02394731504175,0,1.00629543317259,3.68409749008463,8.28134734950647,2.48755300612552,5.60486626696636,7.3359197671151,9.60384388440865,NA,NA,2.50768524465496,7.79489604573253,1.3,-3.573,0.118987017562158,-0.237974035124315
"d2.0_t2.0_R2.3_s8.1",2,2,2.3,"B3",13,0.128571428571429,0,0.1212459194775,-1.99155509365,2.2210544294225,0.013154029203675,"sigma",0.013154029203675,0,1.00771129470174,2.95987319716201,7.30521895469772,2.17267287876786,3.90451357923499,6.54950664903934,8.15539529856341,NA,NA,2.50768524465496,7.79489604573253,1.3,-3.573,0.118987017562158,-0.237974035124315
"d2.0_t2.0_R2.3_s8.1",2,2,2.3,"E",13,0.128571428571429,NA,0.8212892114125,-1.9318131461,2.2021498886575,NA,"phi",12.20121311205,0,1.00224300763844,2.89689717169048,6.99033882734006,2.01444561477063,3.96748960470652,6.14016248347438,7.96646722214881,12.20121311205,NA,2.50768524465496,7.79489604573253,1.3,-3.573,0.118987017562158,-0.237974035124315
"d2.0_t2.0_R2.3_s8.1",2,2,2.3,"F",13,0.128571428571429,NA,0.1190434908305,-1.575551364625,4.85964810915,NA,"shape",2.911268173575,0,1.00275754908045,5.41593819055176,8.24985933677071,3.08582524810507,7.58861106931962,6.23462652168168,10.2021161263882,NA,2.911268173575,2.50768524465496,7.79489604573253,1.3,-3.573,0.118987017562158,-0.237974035124315
"d2.0_t2.0_R2.3_s8.1",2,2,2.3,"A",14,0.142857142857143,-0.2766134988,0.11649349779,-3.5804191548,2.2334523391175,0.017523263845,"sigma",0.017523263845,0,1.00233446039847,3.30624133725544,8.12390728582764,2.33011294244669,4.40832178300725,7.30521895469772,9.03705965516486,NA,NA,2.50768524465496,7.79489604573253,1.3,-3.573,0.118987017562158,-0.237974035124315
"d2.0_t2.0_R2.3_s8.1",2,2,2.3,"B3",14,0.142857142857143,0,0.116797527275,-1.969658255075,2.5592039693525,0.013516282786675,"sigma",0.013516282786675,0,1.00192347133627,3.30624133725544,7.55712305658385,2.45606499338975,4.18790569385688,6.76913553787131,8.47027542592107,NA,NA,2.50768524465496,7.79489604573253,1.3,-3.573,0.118987017562158,-0.237974035124315
"d2.0_t2.0_R2.3_s8.1",2,2,2.3,"E",14,0.142857142857143,NA,0.8304377672125,-1.888961565625,2.5752784436925,NA,"phi",10.281736116,0,1.00289991803722,3.2432653117839,7.14777889101889,2.26713691697516,4.28236973206418,6.26611453441744,8.18767051161757,10.281736116,NA,2.50768524465496,7.79489604573253,1.3,-3.573,0.118987017562158,-0.237974035124315
"d2.0_t2.0_R2.3_s8.1",2,2,2.3,"F",14,0.142857142857143,NA,0.1147425649315,-1.3971684573,5.585065641725,NA,"shape",2.799740736675,0,1.00310240077054,5.99846642616343,8.37581138771377,4.12492966838535,7.84051517120575,6.73843472545394,10.0446760627094,NA,2.799740736675,2.50768524465496,7.79489604573253,1.3,-3.573,0.118987017562158,-0.237974035124315
"d2.0_t2.0_R2.3_s8.1",2,2,2.3,"A",15,0.185714285714286,-0.14485127215825,0.1188837043125,-3.06917364235,2.34093448557,0.020065485683,"sigma",0.020065485683,0,1.00443817976137,3.30624133725544,7.96646722214881,2.39308896791822,4.59724985942184,6.9588508146043,9.10003568063639,NA,NA,2.50768524465496,7.79489604573253,1.3,-3.573,0.118987017562158,-0.237974035124315
"d2.0_t2.0_R2.3_s8.1",2,2,2.3,"B3",15,0.185714285714286,0,0.1193231412675,-1.913922952775,2.647154258375,0.01563513284775,"sigma",0.01563513284775,0,1.00415976538742,3.3377293499912,7.36819498016926,2.51904101886128,4.34534575753572,6.48653062356781,8.344323374978,NA,NA,2.50768524465496,7.79489604573253,1.3,-3.573,0.118987017562158,-0.237974035124315
"d2.0_t2.0_R2.3_s8.1",2,2,2.3,"E",15,0.185714285714286,NA,0.8483039743075,-1.9792567885,2.3671680657625,NA,"phi",8.0730124655,0,1.00311021485134,3.11731326084084,7.36819498016926,2.29862492971092,4.09344165564959,6.42355459809627,8.59622747686413,8.0730124655,NA,2.50768524465496,7.79489604573253,1.3,-3.573,0.118987017562158,-0.237974035124315
"d2.0_t2.0_R2.3_s8.1",2,2,2.3,"F",15,0.185714285714286,NA,0.11722370423225,-1.823472371275,3.4006397213275,NA,"shape",2.743839257,0,1.00165259339313,3.99897761744229,7.65158709479115,2.23564890423939,6.07797365832125,6.07718645800285,9.51016704651975,NA,2.743839257,2.50768524465496,7.79489604573253,1.3,-3.573,0.118987017562158,-0.237974035124315
"d2.0_t2.0_R2.3_s8.1",2,2,2.3,"A",16,0.171428571428571,-0.10486547656275,0.11773388349,-2.916143420625,1.449994404865,0.0148852904005,"sigma",0.0148852904005,0,1.00376353330924,2.45606499338975,7.14777889101889,1.88928076414596,3.08582524810507,6.42355459809627,7.99874243520297,NA,NA,2.50768524465496,7.79489604573253,1.3,-3.573,0.118987017562158,-0.237974035124315
"d2.0_t2.0_R2.3_s8.1",2,2,2.3,"B3",16,0.171428571428571,0,0.118594209695,-1.9617236556,1.5979983525575,0.012616553849375,"sigma",0.012616553849375,0,1.00376418007825,2.36160095518245,6.51801863630357,1.8577927514102,2.80243313348318,5.85677036885249,7.33670696743349,NA,NA,2.50768524465496,7.79489604573253,1.3,-3.573,0.118987017562158,-0.237974035124315
"d2.0_t2.0_R2.3_s8.1",2,2,2.3,"E",16,0.171428571428571,NA,0.855846841375,-1.953965922175,1.7409533576725,NA,"phi",13.633539890925,0,1.00375084818088,2.45606499338975,6.61248267451087,2.10969685329633,2.92917238474464,5.95123440705978,7.52563504384809,13.633539890925,NA,2.50768524465496,7.79489604573253,1.3,-3.573,0.118987017562158,-0.237974035124315
"d2.0_t2.0_R2.3_s8.1",2,2,2.3,"F",16,0.171428571428571,NA,0.11425818649525,-1.8779844337,2.37055988184,NA,"shape",4.747067939975,0,1.00425940123928,2.99136120989778,6.864386776397,1.79481672593867,4.72320191036491,5.73081831790942,8.344323374978,NA,4.747067939975,2.50768524465496,7.79489604573253,1.3,-3.573,0.118987017562158,-0.237974035124315
"d2.0_t2.0_R2.3_s8.1",2,2,2.3,"A",17,0.128571428571429,-0.1182146820735,0.116153048645,-2.908255373275,2.3256708793025,0.02352081090075,"sigma",0.02352081090075,0,1.00264341034002,3.27475332451967,7.68307510752692,2.23564890423939,4.40832178300725,6.58099466177511,9.00557164242909,NA,NA,2.50768524465496,7.79489604573253,1.3,-3.573,0.118987017562158,-0.237974035124315
"d2.0_t2.0_R2.3_s8.1",2,2,2.3,"B3",17,0.128571428571429,0,0.116997658095,-1.828122459425,2.5504862473325,0.014330381864,"sigma",0.014330381864,0,1.0024938535775,3.21177729904814,6.864386776397,2.55052903159705,3.84153755376346,6.17165049621015,7.74605113299845,NA,NA,2.50768524465496,7.79489604573253,1.3,-3.573,0.118987017562158,-0.237974035124315
"d2.0_t2.0_R2.3_s8.1",2,2,2.3,"E",17,0.128571428571429,NA,0.7741087005225,-1.880346576125,2.70636501685,NA,"phi",11.026739057175,0,1.00332000879263,3.36921736272697,7.24224292922619,2.80243313348318,4.09344165564959,6.48653062356781,8.21837132403494,11.026739057175,NA,2.50768524465496,7.79489604573253,1.3,-3.573,0.118987017562158,-0.237974035124315
"d2.0_t2.0_R2.3_s8.1",2,2,2.3,"F",17,0.128571428571429,NA,0.11204313650725,-1.92839864445,2.948740851575,NA,"shape",2.05645583315,0,1.00127150857866,3.58963345187733,7.65158709479115,1.9522567896175,5.82528235611672,6.10867447073861,9.69830792261594,NA,2.05645583315,2.50768524465496,7.79489604573253,1.3,-3.573,0.118987017562158,-0.237974035124315
"d2.0_t2.0_R2.3_s8.1",2,2,2.3,"A",18,0.142857142857143,-0.30885508846325,0.11600771604875,-3.783904591475,2.3204930835225,0.02667202835825,"sigma",0.02667202835825,0,1.00286325354262,3.49516941367003,9.03705965516486,2.29862492971092,5.41593819055176,7.77753914573421,10.5177834540643,NA,NA,2.50768524465496,7.79489604573253,1.3,-3.573,0.118987017562158,-0.237974035124315
"d2.0_t2.0_R2.3_s8.1",2,2,2.3,"B3",18,0.142857142857143,0,0.1177903034175,-2.1804291245,2.0157908579375,0.019220510957,"sigma",0.019220510957,0,1.00205203609728,2.89689717169048,8.18688331129917,2.01523281508903,4.21939370659265,6.80141075092547,9.88723599903054,NA,NA,2.50768524465496,7.79489604573253,1.3,-3.573,0.118987017562158,-0.237974035124315
"d2.0_t2.0_R2.3_s8.1",2,2,2.3,"E",18,0.142857142857143,NA,0.832718725585,-2.188315142175,2.072635170105,NA,"phi",6.6917024545,0,1.00301114992351,2.95987319716201,8.24985933677071,1.9522567896175,4.47129780847878,6.92736280186853,9.95021202450207,6.6917024545,NA,2.50768524465496,7.79489604573253,1.3,-3.573,0.118987017562158,-0.237974035124315
"d2.0_t2.0_R2.3_s8.1",2,2,2.3,"F",18,0.142857142857143,NA,0.115062000289,-1.96402950285,5.000094751015,NA,"shape",2.13277137335,0,1.00375234369441,5.54189024149483,9.85574798629477,2.77094512074741,10.0131880499736,7.46265901837655,13.3824054127006,NA,2.13277137335,2.50768524465496,7.79489604573253,1.3,-3.573,0.118987017562158,-0.237974035124315
"d2.0_t2.0_R2.3_s8.1",2,2,2.3,"A",19,0.114285714285714,-0.09645290689925,0.115448570467,-2.8164489758,2.2802203306475,0.02839552934225,"sigma",0.02839552934225,0,1.0029874782141,3.21177729904814,7.80902715846998,2.10969685329633,4.7239891106833,6.29760254715321,9.60384388440865,NA,NA,2.50768524465496,7.79489604573253,1.3,-3.573,0.118987017562158,-0.237974035124315
"d2.0_t2.0_R2.3_s8.1",2,2,2.3,"B3",19,0.114285714285714,0,0.1173769714375,-2.02791037825,1.926696667585,0.0166187913045,"sigma",0.0166187913045,0,1.00315938357996,2.73945710801165,7.21075491649043,1.98374480235326,3.58963345187733,6.17165049621015,8.40729940044954,NA,NA,2.50768524465496,7.79489604573253,1.3,-3.573,0.118987017562158,-0.237974035124315
"d2.0_t2.0_R2.3_s8.1",2,2,2.3,"E",19,0.114285714285714,NA,0.8266329107075,-2.1302175975,1.6930950171775,NA,"phi",8.973594205825,0,1.00300238535314,2.55052903159705,7.49414703111232,1.70035268773137,3.6211214646131,6.48653062356781,8.91110760422179,8.973594205825,NA,2.50768524465496,7.79489604573253,1.3,-3.573,0.118987017562158,-0.237974035124315
"d2.0_t2.0_R2.3_s8.1",2,2,2.3,"F",19,0.114285714285714,NA,0.11169521626025,-2.1308227778,3.066127011375,NA,"shape",2.457627522125,0,1.00220664137634,3.81004954102769,8.84813157875026,2.14118486603209,6.45582981115044,7.1469916907005,11.1782445211969,NA,2.457627522125,2.50768524465496,7.79489604573253,1.3,-3.573,0.118987017562158,-0.237974035124315
"d2.0_t2.0_R2.3_s8.1",2,2,2.3,"A",20,0.128571428571429,-0.09520154965475,0.1202522557525,-2.77848141485,2.1157847550325,0.0197095115975,"sigma",0.0197095115975,0,1.00187985293264,3.05433723536931,7.49414703111232,2.10969685329633,4.12492966838535,6.51801863630357,8.62850268991829,NA,NA,2.50768524465496,7.79489604573253,1.3,-3.573,0.118987017562158,-0.237974035124315
"d2.0_t2.0_R2.3_s8.1",2,2,2.3,"B3",20,0.128571428571429,0,0.1205488418875,-1.84788969015,2.490544632225,0.01333741699075,"sigma",0.01333741699075,0,1.00276277813709,3.14880127357661,6.89587478913277,2.42457698065399,3.90451357923499,6.20313850894591,7.68307510752692,NA,NA,2.50768524465496,7.79489604573253,1.3,-3.573,0.118987017562158,-0.237974035124315
"d2.0_t2.0_R2.3_s8.1",2,2,2.3,"E",20,0.128571428571429,NA,0.8267730548625,-1.801067005325,2.3854725587025,NA,"phi",11.20855580405,0,1.00181281888854,2.99136120989778,6.58099466177511,2.07820884056056,3.93600159197076,5.79379434338095,7.55712305658385,11.20855580405,NA,2.50768524465496,7.79489604573253,1.3,-3.573,0.118987017562158,-0.237974035124315
"d2.0_t2.0_R2.3_s8.1",2,2,2.3,"F",20,0.128571428571429,NA,0.118576052274,-1.42578827605,4.783995382025,NA,"shape",2.26572810415,0,1.0032475674415,5.1955221014014,7.63584308842327,3.14880127357661,7.65158709479115,5.82528235611672,9.82425997355901,NA,2.26572810415,2.50768524465496,7.79489604573253,1.3,-3.573,0.118987017562158,-0.237974035124315
"d4.0_t2.0_R2.3_s8.1",4,2,2.3,"A",1,0.171428571428571,-0.3452835402725,0.1146945839925,-3.072442969675,1.94807160831,0.02042750553525,"sigma",0.02042750553525,0,1.00776876001902,2.47876156633634,4.88353025009547,1.70183629927569,3.38517437790708,4.31008541012214,5.5124697520017,NA,NA,2.01968716248917,5.0532895646328,1.3,-3.573,0.118987017562158,-0.475948070248631
"d4.0_t2.0_R2.3_s8.1",4,2,2.3,"B3",1,0.171428571428571,0,0.113903521625,-1.1311593427925,2.4663259030475,0.0147633895365,"sigma",0.0147633895365,0,1.00174379955731,2.88572242051096,4.66155160236385,2.01630605022881,3.44066903983999,4.16209964496773,5.17950178040428,NA,NA,2.01968716248917,5.0532895646328,1.3,-3.573,0.118987017562158,-0.475948070248631
"d4.0_t2.0_R2.3_s8.1",4,2,2.3,"E",1,0.171428571428571,NA,0.80796475263,-1.2386772410275,2.02541052318,NA,"phi",8.586186954275,0,1.00230530040309,2.36777224247053,4.42107473398794,1.57234875476559,3.25568683339698,3.79213523208171,5.12400711847138,8.586186954275,NA,2.01968716248917,5.0532895646328,1.3,-3.573,0.118987017562158,-0.475948070248631
"d4.0_t2.0_R2.3_s8.1",4,2,2.3,"F",1,0.171428571428571,NA,0.11527876128925,-0.8757305663,2.8684809745475,NA,"shape",2.015695754375,0,1.00293203563382,3.10770106824257,4.53206405785375,1.99780782958451,4.29204964499394,3.49616370177289,5.60496085522321,NA,2.015695754375,2.01968716248917,5.0532895646328,1.3,-3.573,0.118987017562158,-0.475948070248631
"d4.0_t2.0_R2.3_s8.1",4,2,2.3,"A",2,0.171428571428571,-0.187323506519,0.11770462981,-2.606224512125,1.94370337216,0.019448629671,"sigma",0.019448629671,0,1.00308357647629,2.46026334569203,4.92052669138407,1.7943274024972,3.31118149532988,4.38407829269934,5.4939715313574,NA,NA,2.01968716248917,5.0532895646328,1.3,-3.573,0.118987017562158,-0.475948070248631
"d4.0_t2.0_R2.3_s8.1",4,2,2.3,"B3",2,0.171428571428571,0,0.117301300175,-1.203432192235,2.357724871985,0.01558879680325,"sigma",0.01558879680325,0,1.00594467653851,2.75623487600085,4.69854804365246,2.01630605022881,3.34817793661848,4.19909608625633,5.23499644233719,NA,NA,2.01968716248917,5.0532895646328,1.3,-3.573,0.118987017562158,-0.475948070248631
"d4.0_t2.0_R2.3_s8.1",4,2,2.3,"E",2,0.171428571428571,NA,0.79859364837,-1.1506812380175,2.06544315828,NA,"phi",7.253264118975,0,1.00122278035102,2.33077580118193,4.23609252754493,1.8313238437858,3.20019217146407,3.7366405701488,4.93902491202837,7.253264118975,NA,2.01968716248917,5.0532895646328,1.3,-3.573,0.118987017562158,-0.475948070248631
"d4.0_t2.0_R2.3_s8.1",4,2,2.3,"F",2,0.171428571428571,NA,0.1184505377345,-0.5806523997525,3.391929724975,NA,"shape",1.3375645676325,0,1.00254389268896,3.55165836370579,4.60605694043095,2.51529555210883,4.75404270558536,3.6441494669273,5.71595017908901,NA,1.3375645676325,2.01968716248917,5.0532895646328,1.3,-3.573,0.118987017562158,-0.475948070248631
"d4.0_t2.0_R2.3_s8.1",4,2,2.3,"A",3,0.185714285714286,-0.17161351616825,0.1152530370275,-2.510159001975,1.82692992508,0.0177585113345,"sigma",0.0177585113345,0,1.00293068151452,2.31227758053763,4.64305338171955,1.7758291818529,3.12619928888687,4.19909608625633,5.14250533911568,NA,NA,2.01968716248917,5.0532895646328,1.3,-3.573,0.118987017562158,-0.475948070248631
"d4.0_t2.0_R2.3_s8.1",4,2,2.3,"B3",3,0.185714285714286,0,0.11525566442,-1.1869378436725,2.122529230975,0.011699983490525,"sigma",0.011699983490525,0,1.00925745297295,2.36777224247053,4.42107473398794,1.97930960894021,3.20019217146407,4.05111032110192,4.84653380880686,NA,NA,2.01968716248917,5.0532895646328,1.3,-3.573,0.118987017562158,-0.475948070248631
"d4.0_t2.0_R2.3_s8.1",4,2,2.3,"E",3,0.185714285714286,NA,0.87105140044,-1.3151009737,1.81574436135,NA,"phi",11.2358114774,0,1.00323389920098,2.20128825667182,4.38407829269934,1.8498220644301,2.70074021406795,3.95861921788042,4.93902491202837,11.2358114774,NA,2.01968716248917,5.0532895646328,1.3,-3.573,0.118987017562158,-0.475948070248631
"d4.0_t2.0_R2.3_s8.1",4,2,2.3,"F",3,0.185714285714286,NA,0.11386467617175,-1.28219592675,1.6871552879275,NA,"shape",3.989098939925,0,1.00438346842128,2.05330249151741,4.18059786561203,1.27637722445677,2.97821352373246,3.47766548112859,5.03151601524987,NA,3.989098939925,2.01968716248917,5.0532895646328,1.3,-3.573,0.118987017562158,-0.475948070248631
"d4.0_t2.0_R2.3_s8.1",4,2,2.3,"A",4,0.157142857142857,-0.179313363317,0.11572629876,-2.6752408406,1.66804130381,0.01842504985775,"sigma",0.01842504985775,0,1.00709600915007,2.25678291860472,4.93902491202837,1.72033451991999,2.88572242051096,4.38407829269934,5.4939715313574,NA,NA,2.01968716248917,5.0532895646328,1.3,-3.573,0.118987017562158,-0.475948070248631
"d4.0_t2.0_R2.3_s8.1",4,2,2.3,"B3",4,0.157142857142857,0,0.1160541977625,-1.234821008585,2.041976375425,0.0126452605845,"sigma",0.0126452605845,0,1.00555036701087,2.38627046311483,4.43957295463224,1.9973453740684,2.95971530308816,4.03261210045762,4.88353025009547,NA,NA,2.01968716248917,5.0532895646328,1.3,-3.573,0.118987017562158,-0.475948070248631
"d4.0_t2.0_R2.3_s8.1",4,2,2.3,"E",4,0.157142857142857,NA,0.82853658126,-1.27282760055,1.85225414892,NA,"phi",11.41389728605,0,1.00357213357179,2.21978647731612,4.32858363076644,1.7573309612086,2.83022775857805,3.90312455594751,4.88353025009547,11.41389728605,NA,2.01968716248917,5.0532895646328,1.3,-3.573,0.118987017562158,-0.475948070248631
"d4.0_t2.0_R2.3_s8.1",4,2,2.3,"F",4,0.157142857142857,NA,0.116201445963,-1.03738661291,2.2916889640475,NA,"shape",3.302868643775,0,1.00220898124556,2.58975089020214,4.23609252754493,1.68333807863139,3.55165836370579,3.42217081919569,5.12400711847138,NA,3.302868643775,2.01968716248917,5.0532895646328,1.3,-3.573,0.118987017562158,-0.475948070248631
"d4.0_t2.0_R2.3_s8.1",4,2,2.3,"A",5,0.142857142857143,-0.339852328225,0.116578808485,-3.16038207845,1.896317945535,0.02101300957475,"sigma",0.02101300957475,0,1.00174954311796,2.53425622826924,5.21649822169288,1.7943274024972,3.23718861275268,4.64305338171955,5.80844128231052,NA,NA,2.01968716248917,5.0532895646328,1.3,-3.573,0.118987017562158,-0.475948070248631
"d4.0_t2.0_R2.3_s8.1",4,2,2.3,"B3",5,0.142857142857143,0,0.116641905455,-1.3442119147875,2.1119657428,0.013159444472675,"sigma",0.013159444472675,0,1.00190306305761,2.51575800762494,4.77254092622966,2.05330249151741,3.01520996502106,4.34708185141074,5.27199288362579,NA,NA,2.01968716248917,5.0532895646328,1.3,-3.573,0.118987017562158,-0.475948070248631
"d4.0_t2.0_R2.3_s8.1",4,2,2.3,"E",5,0.142857142857143,NA,0.8339388139,-1.281029418005,2.0759580296675,NA,"phi",9.8295008789,0,1.00323470146365,2.44176512504773,4.56906049914235,1.7943274024972,3.07070462695397,4.06960854174622,5.14250533911568,9.8295008789,NA,2.01968716248917,5.0532895646328,1.3,-3.573,0.118987017562158,-0.475948070248631
"d4.0_t2.0_R2.3_s8.1",4,2,2.3,"F",5,0.142857142857143,NA,0.11570010736375,-0.8079112697325,3.5089282766,NA,"shape",2.7247179951,0,1.00545682904096,3.7551387907931,5.06851245653848,2.58928843468603,4.90202847073977,4.03261210045762,6.10441281261933,NA,2.7247179951,2.01968716248917,5.0532895646328,1.3,-3.573,0.118987017562158,-0.475948070248631
"d4.0_t2.0_R2.3_s8.1",4,2,2.3,"A",6,0.185714285714286,-0.25576804376675,0.11689379282,-2.92886146245,1.6058480778375,0.0243359698685,"sigma",0.0243359698685,0,1.00447075475909,2.18279003602752,4.90202847073977,1.59084697540989,3.10770106824257,4.25459074818923,5.60496085522321,NA,NA,2.01968716248917,5.0532895646328,1.3,-3.573,0.118987017562158,-0.475948070248631
"d4.0_t2.0_R2.3_s8.1",4,2,2.3,"B3",6,0.185714285714286,0,0.1177399919875,-1.31838721960525,1.82319656239,0.01748187877525,"sigma",0.01748187877525,0,1.00379109825727,2.16429181538322,4.43957295463224,1.70183629927569,3.16319573017547,3.86612811465891,5.10550889782708,NA,NA,2.01968716248917,5.0532895646328,1.3,-3.573,0.118987017562158,-0.475948070248631
"d4.0_t2.0_R2.3_s8.1",4,2,2.3,"E",6,0.185714285714286,NA,0.8134262483125,-1.48243104655,1.63108612219,NA,"phi",6.709669124875,0,1.00234193301399,2.07180071216171,4.68004982300816,1.64634163734279,2.62674733149074,4.08810676239052,5.4939715313574,6.709669124875,NA,2.01968716248917,5.0532895646328,1.3,-3.573,0.118987017562158,-0.475948070248631
"d4.0_t2.0_R2.3_s8.1",4,2,2.3,"F",6,0.185714285714286,NA,0.1162683249595,-1.26440433425,2.1620735576475,NA,"shape",2.738714074125,0,1.00250188701861,2.49725978698064,4.58755871978665,1.47985765154408,3.81063345272601,3.66218523205549,5.75340907589372,NA,2.738714074125,2.01968716248917,5.0532895646328,1.3,-3.573,0.118987017562158,-0.475948070248631
"d4.0_t2.0_R2.3_s8.1",4,2,2.3,"A",7,0.171428571428571,-0.2786116950245,0.1166931376125,-2.895660270125,2.2940310604425,0.02234817167225,"sigma",0.02234817167225,0,1.00230155003769,2.84872597922236,5.29049110427009,1.99780782958451,3.7366405701488,4.66155160236385,5.93792882682062,NA,NA,2.01968716248917,5.0532895646328,1.3,-3.573,0.118987017562158,-0.475948070248631
"d4.0_t2.0_R2.3_s8.1",4,2,2.3,"B3",7,0.171428571428571,0,0.1161160548475,-1.07550315982175,2.90596556025,0.012695937615325,"sigma",0.012695937615325,0,1.01678641307787,3.20019217146407,4.95752313267267,2.68224199342365,4.19909608625633,4.58755871978665,5.4199786487802,NA,NA,2.01968716248917,5.0532895646328,1.3,-3.573,0.118987017562158,-0.475948070248631
"d4.0_t2.0_R2.3_s8.1",4,2,2.3,"E",7,0.171428571428571,NA,0.8128491001175,-1.28540974088,2.297859759,NA,"phi",12.608142192125,0,1.0030216521596,2.66374377277935,4.80953736751826,2.01630605022881,3.36667615726278,4.27308896883353,5.4199786487802,12.608142192125,NA,2.01968716248917,5.0532895646328,1.3,-3.573,0.118987017562158,-0.475948070248631
"d4.0_t2.0_R2.3_s8.1",4,2,2.3,"F",7,0.171428571428571,NA,0.11671181659975,-1.2169673425,2.1435145620225,NA,"shape",4.0948491932,0,1.00240542647031,2.47876156633634,4.47656939592084,1.62784341669849,3.44066903983999,3.6996441288602,5.34598576620299,NA,4.0948491932,2.01968716248917,5.0532895646328,1.3,-3.573,0.118987017562158,-0.475948070248631
"d4.0_t2.0_R2.3_s8.1",4,2,2.3,"A",8,0.142857142857143,-0.2585003894875,0.11764582433,-2.8833667091,2.099979968475,0.01836639870925,"sigma",0.01836639870925,0,1.00662230971295,2.64524555213504,5.23499644233719,1.8683202850744,3.53316014306149,4.68004982300816,5.78994306166622,NA,NA,2.01968716248917,5.0532895646328,1.3,-3.573,0.118987017562158,-0.475948070248631
"d4.0_t2.0_R2.3_s8.1",4,2,2.3,"B3",8,0.142857142857143,0,0.1173546283875,-1.3308648795275,2.3807128206,0.01358820084725,"sigma",0.01358820084725,0,1.00822954223937,2.84872597922236,5.03151601524987,1.97930960894021,3.42217081919569,4.55009982298194,5.530967972646,NA,NA,2.01968716248917,5.0532895646328,1.3,-3.573,0.118987017562158,-0.475948070248631
"d4.0_t2.0_R2.3_s8.1",4,2,2.3,"E",8,0.142857142857143,NA,0.8261564654525,-1.4331695807,1.866418052275,NA,"phi",11.229579936875,0,1.00400635604777,2.29377935989333,4.77254092622966,1.57234875476559,3.23718861275268,4.18059786561203,5.5124697520017,11.229579936875,NA,2.01968716248917,5.0532895646328,1.3,-3.573,0.118987017562158,-0.475948070248631
"d4.0_t2.0_R2.3_s8.1",4,2,2.3,"F",8,0.142857142857143,NA,0.117380802749,-1.106677623555,2.73685450008,NA,"shape",5.042414011225,0,1.00500252534235,3.05220640630967,4.82803558816256,2.14579359473892,4.01411387981332,4.03261210045762,5.69745195844471,NA,5.042414011225,2.01968716248917,5.0532895646328,1.3,-3.573,0.118987017562158,-0.475948070248631
"d4.0_t2.0_R2.3_s8.1",4,2,2.3,"A",9,0.157142857142857,-0.3045771813425,0.1214332640525,-3.056853909175,1.5740130079,0.01995613494675,"sigma",0.01995613494675,0,1.00393794857673,2.20128825667182,4.92052669138407,1.62784341669849,2.86722419986666,4.43957295463224,5.4569750900688,NA,NA,2.01968716248917,5.0532895646328,1.3,-3.573,0.118987017562158,-0.475948070248631
"d4.0_t2.0_R2.3_s8.1",4,2,2.3,"B3",9,0.157142857142857,0,0.1216472571275,-1.2944432354625,1.88212476745,0.013112092908775,"sigma",0.013112092908775,0,1.00234507899391,2.27528113924902,4.42107473398794,1.8498220644301,2.71970089022836,4.01411387981332,4.86503202945117,NA,NA,2.01968716248917,5.0532895646328,1.3,-3.573,0.118987017562158,-0.475948070248631
"d4.0_t2.0_R2.3_s8.1",4,2,2.3,"E",9,0.157142857142857,NA,0.820314673855,-1.200167108445,1.883864962955,NA,"phi",10.40265396085,0,1.00275548584243,2.23828469796042,4.18059786561203,1.68333807863139,2.83022775857805,3.7366405701488,4.73554448494106,10.40265396085,NA,2.01968716248917,5.0532895646328,1.3,-3.573,0.118987017562158,-0.475948070248631
"d4.0_t2.0_R2.3_s8.1",4,2,2.3,"F",9,0.157142857142857,NA,0.12137291733275,-0.76460656512,3.1325500392,NA,"shape",2.1025301973,0,1.00377545611515,3.31118149532988,4.58755871978665,2.29377935989333,4.55056227849805,3.68068345269979,5.71595017908901,NA,2.1025301973,2.01968716248917,5.0532895646328,1.3,-3.573,0.118987017562158,-0.475948070248631
"d4.0_t2.0_R2.3_s8.1",4,2,2.3,"A",10,0.185714285714286,-0.196773611955,0.1189406204775,-2.456946822625,2.152676337755,0.020346954404,"sigma",0.020346954404,0,1.00325115662442,2.57125266955784,4.64305338171955,1.8868185057187,3.40367259855139,4.14360142432343,5.17950178040428,NA,NA,2.01968716248917,5.0532895646328,1.3,-3.573,0.118987017562158,-0.475948070248631
"d4.0_t2.0_R2.3_s8.1",4,2,2.3,"B3",10,0.185714285714286,0,0.117951282875,-0.710013106785,3.00479733475,0.01216033664855,"sigma",0.01216033664855,0,1.003392184322,3.23718861275268,4.42107473398794,2.88572242051096,3.45916726048429,4.14360142432343,4.71750871981287,NA,NA,2.01968716248917,5.0532895646328,1.3,-3.573,0.118987017562158,-0.475948070248631
"d4.0_t2.0_R2.3_s8.1",4,2,2.3,"E",10,0.185714285714286,NA,0.8350922294925,-1.2543963795575,2.00286977205,NA,"phi",11.40872529775,0,1.00239270988193,2.33077580118193,4.42107473398794,1.8868185057187,3.14469750953117,3.97711743852472,5.05001423589418,11.40872529775,NA,2.01968716248917,5.0532895646328,1.3,-3.573,0.118987017562158,-0.475948070248631
"d4.0_t2.0_R2.3_s8.1",4,2,2.3,"F",10,0.185714285714286,NA,0.11761026324625,-1.2568733447,1.6017382876075,NA,"shape",3.738648576975,0,1.00371877797215,1.96081138829591,4.01411387981332,1.16492544507486,2.84872597922236,3.27418505404128,4.86503202945117,NA,3.738648576975,2.01968716248917,5.0532895646328,1.3,-3.573,0.118987017562158,-0.475948070248631
"d4.0_t2.0_R2.3_s8.1",4,2,2.3,"A",11,0.157142857142857,-0.17499407036375,0.1192424171025,-2.598093727025,1.221469291055,0.0142700558415,"sigma",0.0142700558415,0,1.00349303343565,1.7758291818529,4.29158718947783,1.36886832767827,2.23828469796042,3.92162277659181,4.69854804365246,NA,NA,2.01968716248917,5.0532895646328,1.3,-3.573,0.118987017562158,-0.475948070248631
"d4.0_t2.0_R2.3_s8.1",4,2,2.3,"B3",11,0.157142857142857,0,0.119203072435,-1.211537168375,1.55704075788,0.01032677042705,"sigma",0.01032677042705,0,1.00327021005916,1.9238149470073,3.88462633530321,1.57234875476559,2.23828469796042,3.5886548049944,4.21759430690063,NA,NA,2.01968716248917,5.0532895646328,1.3,-3.573,0.118987017562158,-0.475948070248631
"d4.0_t2.0_R2.3_s8.1",4,2,2.3,"E",11,0.157142857142857,NA,0.8695070335325,-1.26528868345,1.3852292955625,NA,"phi",15.50657052915,0,1.00450029817237,1.73883274056429,3.82913167337031,1.36886832767827,2.21978647731612,3.47766548112859,4.27355142434964,15.50657052915,NA,2.01968716248917,5.0532895646328,1.3,-3.573,0.118987017562158,-0.475948070248631
"d4.0_t2.0_R2.3_s8.1",4,2,2.3,"F",11,0.157142857142857,NA,0.1177166640195,-1.108597668015,1.6831684075325,NA,"shape",4.159673022175,0,1.0022040744269,1.99780782958451,3.77363701143741,1.25787900381247,2.81172953793375,3.10770106824257,4.53206405785375,NA,4.159673022175,2.01968716248917,5.0532895646328,1.3,-3.573,0.118987017562158,-0.475948070248631
"d4.0_t2.0_R2.3_s8.1",4,2,2.3,"A",12,0.128571428571429,-0.33841556712,0.1186559343525,-3.2380004446,1.2025769729125,0.01796465515825,"sigma",0.01796465515825,0,1.00336488658145,1.8683202850744,4.84653380880686,1.36886832767827,2.49725978698064,4.36558007205504,5.30898932491439,NA,NA,2.01968716248917,5.0532895646328,1.3,-3.573,0.118987017562158,-0.475948070248631
"d4.0_t2.0_R2.3_s8.1",4,2,2.3,"B3",12,0.128571428571429,0,0.1187997001325,-1.2729410898225,1.673071465855,0.012450211458825,"sigma",0.012450211458825,0,1.00276695540728,2.07180071216171,4.16209964496773,1.57234875476559,2.49725978698064,3.77363701143741,4.58755871978665,NA,NA,2.01968716248917,5.0532895646328,1.3,-3.573,0.118987017562158,-0.475948070248631
"d4.0_t2.0_R2.3_s8.1",4,2,2.3,"E",12,0.128571428571429,NA,0.85067861335,-1.321653055175,1.4707960594275,NA,"phi",11.376416120225,0,1.00548573996267,1.8498220644301,4.06960854174622,1.36886832767827,2.38627046311483,3.6071530256387,4.62455516107525,11.376416120225,NA,2.01968716248917,5.0532895646328,1.3,-3.573,0.118987017562158,-0.475948070248631
"d4.0_t2.0_R2.3_s8.1",4,2,2.3,"F",12,0.128571428571429,NA,0.11745780936175,-1.003800240465,2.6777401622525,NA,"shape",2.7394324219,0,1.00657220955063,2.95971530308816,4.56906049914235,1.8313238437858,4.18059786561203,3.57015658435009,5.66091797267222,NA,2.7394324219,2.01968716248917,5.0532895646328,1.3,-3.573,0.118987017562158,-0.475948070248631
"d4.0_t2.0_R2.3_s8.1",4,2,2.3,"A",13,0.142857142857143,-0.50867827353,0.1211714657175,-3.4319846709,1.946390370235,0.01875131699025,"sigma",0.01875131699025,0,1.0047377651739,2.49725978698064,5.10550889782708,1.8868185057187,3.49616370177289,4.62455516107525,5.77144484102191,NA,NA,2.01968716248917,5.0532895646328,1.3,-3.573,0.118987017562158,-0.475948070248631
"d4.0_t2.0_R2.3_s8.1",4,2,2.3,"B3",13,0.142857142857143,0,0.120986331685,-1.2784413332675,2.1357735199,0.011624327018875,"sigma",0.011624327018875,0,1.04537821733809,2.34927402182623,4.66155160236385,1.8868185057187,3.38517437790708,4.25459074818923,5.10550889782708,NA,NA,2.01968716248917,5.0532895646328,1.3,-3.573,0.118987017562158,-0.475948070248631
"d4.0_t2.0_R2.3_s8.1",4,2,2.3,"E",13,0.142857142857143,NA,0.8206544249625,-1.21896428459,2.0520125757775,NA,"phi",12.9659561909,0,1.00626617677118,2.31227758053763,4.36558007205504,1.73883274056429,3.31118149532988,3.86612811465891,5.08701067718278,12.9659561909,NA,2.01968716248917,5.0532895646328,1.3,-3.573,0.118987017562158,-0.475948070248631
"d4.0_t2.0_R2.3_s8.1",4,2,2.3,"F",13,0.142857142857143,NA,0.120629550099,-0.7955919902125,3.211393738035,NA,"shape",2.91591818465,0,1.00134939281191,3.42217081919569,4.73554448494106,2.53425622826924,4.42107473398794,3.90312455594751,5.64195729651181,NA,2.91591818465,2.01968716248917,5.0532895646328,1.3,-3.573,0.118987017562158,-0.475948070248631
"d4.0_t2.0_R2.3_s8.1",4,2,2.3,"A",14,0.157142857142857,-0.380914598945,0.117763719605,-3.252656998125,1.7720499731175,0.014228284721,"sigma",0.014228284721,0,1.00209360160967,2.38627046311483,5.08701067718278,1.905316726363,3.08920284759827,4.71704626429676,5.4939715313574,NA,NA,2.01968716248917,5.0532895646328,1.3,-3.573,0.118987017562158,-0.475948070248631
"d4.0_t2.0_R2.3_s8.1",4,2,2.3,"B3",14,0.157142857142857,0,0.117167824105,-1.271701412055,2.292523856425,0.01203162480755,"sigma",0.01203162480755,0,1.0040660078859,2.57125266955784,4.80953736751826,2.01630605022881,3.36667615726278,4.38407829269934,5.23499644233719,NA,NA,2.01968716248917,5.0532895646328,1.3,-3.573,0.118987017562158,-0.475948070248631
"d4.0_t2.0_R2.3_s8.1",4,2,2.3,"E",14,0.157142857142857,NA,0.8454735659525,-1.46780914815,1.7492078989925,NA,"phi",13.7801915419,0,1.0016140510433,2.20128825667182,4.75404270558536,1.73883274056429,2.88572242051096,4.27308896883353,5.36448398684729,13.7801915419,NA,2.01968716248917,5.0532895646328,1.3,-3.573,0.118987017562158,-0.475948070248631
"d4.0_t2.0_R2.3_s8.1",4,2,2.3,"F",14,0.157142857142857,NA,0.1170692702825,-1.382411487225,1.8552620119,NA,"shape",6.729310407375,0,1.00306901141317,2.25678291860472,4.58755871978665,1.49835587218838,3.20019217146407,3.90312455594751,5.4384768694245,NA,6.729310407375,2.01968716248917,5.0532895646328,1.3,-3.573,0.118987017562158,-0.475948070248631
"d4.0_t2.0_R2.3_s8.1",4,2,2.3,"A",15,0.142857142857143,-0.2656603171475,0.12036641372,-2.974945240675,1.624235420415,0.015471131305,"sigma",0.015471131305,0,1.00745743687203,2.25678291860472,5.01301779460557,1.73883274056429,2.79323131728945,4.58755871978665,5.4754733107131,NA,NA,2.01968716248917,5.0532895646328,1.3,-3.573,0.118987017562158,-0.475948070248631
"d4.0_t2.0_R2.3_s8.1",4,2,2.3,"B3",15,0.142857142857143,0,0.1201948060725,-1.327707206415,1.99563586775,0.01326081780715,"sigma",0.01326081780715,0,1.00727060864826,2.33077580118193,4.62455516107525,1.9238149470073,3.12619928888687,4.19909608625633,5.10550889782708,NA,NA,2.01968716248917,5.0532895646328,1.3,-3.573,0.118987017562158,-0.475948070248631
"d4.0_t2.0_R2.3_s8.1",4,2,2.3,"E",15,0.142857142857143,NA,0.8636684257825,-1.327467274815,1.8545691180775,NA,"phi",11.46667494435,0,1.00295708656369,2.23828469796042,4.45807117527654,1.7943274024972,2.92271886179956,4.01411387981332,5.05001423589418,11.46667494435,NA,2.01968716248917,5.0532895646328,1.3,-3.573,0.118987017562158,-0.475948070248631
"d4.0_t2.0_R2.3_s8.1",4,2,2.3,"F",15,0.142857142857143,NA,0.1198108987465,-1.03670507945,2.5165135657175,NA,"shape",3.76590216625,0,1.0022454457883,2.81172953793375,4.46732028559869,1.8868185057187,3.79213523208171,3.625651246283,5.34598576620299,NA,3.76590216625,2.01968716248917,5.0532895646328,1.3,-3.573,0.118987017562158,-0.475948070248631
"d4.0_t2.0_R2.3_s8.1",4,2,2.3,"A",16,0.157142857142857,-0.25829624515,0.1188568823,-3.051325938075,1.054490829445,0.0119969924184,"sigma",0.0119969924184,0,1.0057036814725,1.72033451991999,4.73554448494106,1.42436298961118,2.10879715345032,4.38407829269934,5.08701067718278,NA,NA,2.01968716248917,5.0532895646328,1.3,-3.573,0.118987017562158,-0.475948070248631
"d4.0_t2.0_R2.3_s8.1",4,2,2.3,"B3",16,0.157142857142857,0,0.119162562805,-1.4629951113675,1.3021864209675,0.011727162582575,"sigma",0.011727162582575,0,1.00289977853096,1.70183629927569,4.29158718947783,1.42436298961118,2.31227758053763,3.92162277659181,4.75404270558536,NA,NA,2.01968716248917,5.0532895646328,1.3,-3.573,0.118987017562158,-0.475948070248631
"d4.0_t2.0_R2.3_s8.1",4,2,2.3,"E",16,0.157142857142857,NA,0.8409492502325,-1.28044821125,1.4597694716675,NA,"phi",11.926878071775,0,1.00366265789101,1.7573309612086,3.94012099723611,1.38736654832258,2.49725978698064,3.49616370177289,4.56906049914235,11.926878071775,NA,2.01968716248917,5.0532895646328,1.3,-3.573,0.118987017562158,-0.475948070248631
"d4.0_t2.0_R2.3_s8.1",4,2,2.3,"F",16,0.157142857142857,NA,0.11646603731275,-0.83680750133,2.90630169405,NA,"shape",2.529702972175,0,1.00192631337533,3.16319573017547,4.51356583720945,2.10833469793421,4.25459074818923,3.55165836370579,5.5124697520017,NA,2.529702972175,2.01968716248917,5.0532895646328,1.3,-3.573,0.118987017562158,-0.475948070248631
"d4.0_t2.0_R2.3_s8.1",4,2,2.3,"A",17,0.142857142857143,-0.2329067578965,0.1177693621075,-2.8774188584,1.5844060119725,0.01856441751125,"sigma",0.01856441751125,0,1.00450459693602,2.20128825667182,4.92052669138407,1.62784341669849,2.79323131728945,4.42107473398794,5.4754733107131,NA,NA,2.01968716248917,5.0532895646328,1.3,-3.573,0.118987017562158,-0.475948070248631
"d4.0_t2.0_R2.3_s8.1",4,2,2.3,"B3",17,0.142857142857143,0,0.1184007622925,-1.3308788778275,1.7769986759,0.012931197917325,"sigma",0.012931197917325,0,1.00213532807076,2.18279003602752,4.40257651334364,1.8498220644301,2.51575800762494,3.99561565916902,4.88353025009547,NA,NA,2.01968716248917,5.0532895646328,1.3,-3.573,0.118987017562158,-0.475948070248631
"d4.0_t2.0_R2.3_s8.1",4,2,2.3,"E",17,0.142857142857143,NA,0.78156201555,-1.3074705803,1.7931875873,NA,"phi",14.01554531535,0,1.00358142751418,2.16429181538322,4.34708185141074,1.8313238437858,2.73773665535655,3.95861921788042,4.90202847073977,14.01554531535,NA,2.01968716248917,5.0532895646328,1.3,-3.573,0.118987017562158,-0.475948070248631
"d4.0_t2.0_R2.3_s8.1",4,2,2.3,"F",17,0.142857142857143,NA,0.11774717656925,-1.0183056636,2.3465821144875,NA,"shape",4.53539351595,0,1.00335754401717,2.62674733149074,4.25459074818923,1.8498220644301,3.47766548112859,3.55165836370579,5.03151601524987,NA,4.53539351595,2.01968716248917,5.0532895646328,1.3,-3.573,0.118987017562158,-0.475948070248631
"d4.0_t2.0_R2.3_s8.1",4,2,2.3,"A",18,0.128571428571429,-0.405277335995,0.1181518854925,-3.388465905825,1.72442518976,0.020534653759,"sigma",0.020534653759,0,1.00356574392986,2.38627046311483,5.34598576620299,1.66483985798709,3.34817793661848,4.79103914687396,6.03041993004213,NA,NA,2.01968716248917,5.0532895646328,1.3,-3.573,0.118987017562158,-0.475948070248631
"d4.0_t2.0_R2.3_s8.1",4,2,2.3,"B3",18,0.128571428571429,0,0.11843784465,-1.49052821623,1.79625951009,0.01485605716675,"sigma",0.01485605716675,0,1.00132195709933,2.25678291860472,4.88353025009547,1.70183629927569,3.01520996502106,4.34708185141074,5.5124697520017,NA,NA,2.01968716248917,5.0532895646328,1.3,-3.573,0.118987017562158,-0.475948070248631
"d4.0_t2.0_R2.3_s8.1",4,2,2.3,"E",18,0.128571428571429,NA,0.8311314402125,-1.232857487215,2.0470426256875,NA,"phi",6.35942030605,0,1.00354812882463,2.38627046311483,4.42107473398794,1.66483985798709,3.20065462698018,3.81063345272601,5.14250533911568,6.35942030605,NA,2.01968716248917,5.0532895646328,1.3,-3.573,0.118987017562158,-0.475948070248631
"d4.0_t2.0_R2.3_s8.1",4,2,2.3,"F",18,0.128571428571429,NA,0.105945981683,0.168274331557725,10.02683532245,NA,"shape",0.9195344165575,0,1.00277351795672,10.137024913077,10.6364768704731,8.97163701248599,11.0989323865806,9.56358007310362,11.5243914613995,NA,0.9195344165575,2.01968716248917,5.0532895646328,1.3,-3.573,0.118987017562158,-0.475948070248631
"d4.0_t2.0_R2.3_s8.1",4,2,2.3,"A",19,0.128571428571429,-0.21103481874175,0.11743548292,-2.837140387,1.5141295241875,0.02181560417075,"sigma",0.02181560417075,0,1.00475041778431,2.12729537409462,4.97602135331697,1.51685409283268,2.95971530308816,4.38407829269934,5.66045551715611,NA,NA,2.01968716248917,5.0532895646328,1.3,-3.573,0.118987017562158,-0.475948070248631
"d4.0_t2.0_R2.3_s8.1",4,2,2.3,"B3",19,0.128571428571429,0,0.118098698465,-1.458406138825,1.585759866515,0.01360104828515,"sigma",0.01360104828515,0,1.00222463049235,2.05330249151741,4.56906049914235,1.62784341669849,2.46026334569203,4.10660498303482,5.12400711847138,NA,NA,2.01968716248917,5.0532895646328,1.3,-3.573,0.118987017562158,-0.475948070248631
"d4.0_t2.0_R2.3_s8.1",4,2,2.3,"E",19,0.128571428571429,NA,0.83933373608,-1.5565697687,1.3969325972025,NA,"phi",12.17114166315,0,1.00173790472276,1.8868185057187,4.68004982300816,1.42436298961118,2.42326690440343,4.16209964496773,5.3094517804305,12.17114166315,NA,2.01968716248917,5.0532895646328,1.3,-3.573,0.118987017562158,-0.475948070248631
"d4.0_t2.0_R2.3_s8.1",4,2,2.3,"F",19,0.128571428571429,NA,0.117231560252,-1.34985814225,2.0526608491675,NA,"shape",7.163208737,0,1.00202206627044,2.44176512504773,4.71704626429676,1.59084697540989,3.42217081919569,3.95861921788042,5.5679644139346,NA,7.163208737,2.01968716248917,5.0532895646328,1.3,-3.573,0.118987017562158,-0.475948070248631
"d4.0_t2.0_R2.3_s8.1",4,2,2.3,"A",20,0.171428571428571,-0.21373803034225,0.1213265718675,-2.820215721875,1.4595232545775,0.01521566408325,"sigma",0.01521566408325,0,1.00593098513937,2.09029893280601,4.88353025009547,1.59084697540989,2.60824911084644,4.43957295463224,5.32748754555869,NA,NA,2.01968716248917,5.0532895646328,1.3,-3.573,0.118987017562158,-0.475948070248631
"d4.0_t2.0_R2.3_s8.1",4,2,2.3,"B3",20,0.171428571428571,0,0.1214312853475,-1.287283672805,1.870992140675,0.01195516203035,"sigma",0.01195516203035,0,1.00220320652407,2.25678291860472,4.38407829269934,1.8683202850744,2.66420622829545,4.03261210045762,4.79103914687396,NA,NA,2.01968716248917,5.0532895646328,1.3,-3.573,0.118987017562158,-0.475948070248631
"d4.0_t2.0_R2.3_s8.1",4,2,2.3,"E",20,0.171428571428571,NA,0.8370956415975,-1.2738373446375,1.76487480277,NA,"phi",14.52262040045,0,1.00398970627478,2.14579359473892,4.23609252754493,1.66483985798709,2.62720978700685,3.8471674384985,4.73600694045717,14.52262040045,NA,2.01968716248917,5.0532895646328,1.3,-3.573,0.118987017562158,-0.475948070248631
"d4.0_t2.0_R2.3_s8.1",4,2,2.3,"F",20,0.171428571428571,NA,0.12055472246275,-1.183435720225,1.8443338858275,NA,"shape",3.912732449925,0,1.00279024957986,2.16429181538322,4.09735587271267,1.36886832767827,3.12619928888687,3.36667615726278,4.95752313267267,NA,3.912732449925,2.01968716248917,5.0532895646328,1.3,-3.573,0.118987017562158,-0.475948070248631
"d8.0_t2.0_R2.3_s8.1",8,2,2.3,"A",1,0.157142857142857,-0.4407365293325,0.11546264029,-2.661836175925,1.662015998375,0.0165093899225,"sigma",0.0165093899225,0,1.00375635512768,1.96750383119134,3.26451752996552,1.61577130271021,2.2972530766424,3.00071813360467,3.5063336432963,NA,NA,1.69802987177516,3.33617149040127,1.3,-3.573,0.118987017562158,-0.951896140497262
"d8.0_t2.0_R2.3_s8.1",8,2,2.3,"B3",1,0.157142857142857,0,0.1153196386725,-0.52823106790165,1.84535433595,0.012811974004925,"sigma",0.012811974004925,0,1.00353247056564,2.01147039725148,3.03369305814977,1.7696542839207,2.42915277482283,2.80286858633403,3.29749245451062,NA,NA,1.69802987177516,3.33617149040127,1.3,-3.573,0.118987017562158,-0.951896140497262
"d8.0_t2.0_R2.3_s8.1",8,2,2.3,"E",1,0.157142857142857,NA,0.819933435455,-0.663567170385,1.66369440375,NA,"phi",10.436373875725,0,1.00313150450595,1.87957069907106,3.0117097751197,1.52783817058992,2.16535337846198,2.72592709572878,3.34145902057077,10.436373875725,NA,1.69802987177516,3.33617149040127,1.3,-3.573,0.118987017562158,-0.951896140497262
"d8.0_t2.0_R2.3_s8.1",8,2,2.3,"F",1,0.157142857142857,NA,0.11677378987075,-0.4337177205925,1.74571078354,NA,"shape",2.99559341705,0,1.00382223293033,1.90155398210113,2.81386022784907,1.35197190634936,2.49537741495092,2.3189615686346,3.36344230360084,NA,2.99559341705,1.69802987177516,3.33617149040127,1.3,-3.573,0.118987017562158,-0.951896140497262
"d8.0_t2.0_R2.3_s8.1",8,2,2.3,"A",2,0.157142857142857,-0.30690679623,0.11859238108,-2.393679940775,1.5762816390325,0.01568431080325,"sigma",0.01568431080325,0,1.0045216972109,1.90155398210113,3.25352588845048,1.53882981210496,2.20931994452212,3.0117097751197,3.5063336432963,NA,NA,1.69802987177516,3.33617149040127,1.3,-3.573,0.118987017562158,-0.951896140497262
"d8.0_t2.0_R2.3_s8.1",8,2,2.3,"B3",2,0.157142857142857,0,0.11794625337625,-0.395541361597605,2.031783112175,0.0136340947163875,"sigma",0.0136340947163875,0,1.01521681013675,2.03345368028155,3.12162619027006,1.72568771786056,2.91278500148438,2.83584351087914,3.42939215269105,NA,NA,1.69802987177516,3.33617149040127,1.3,-3.573,0.118987017562158,-0.951896140497262
"d8.0_t2.0_R2.3_s8.1",8,2,2.3,"E",2,0.157142857142857,NA,0.8032161184175,-0.6513234901875,1.6136077681925,NA,"phi",10.988800067,0,1.00410871250785,1.83560413301091,2.94575992602949,1.43990503846964,2.14337009543191,2.6379939636085,3.28650081299559,10.988800067,NA,1.69802987177516,3.33617149040127,1.3,-3.573,0.118987017562158,-0.951896140497262
"d8.0_t2.0_R2.3_s8.1",8,2,2.3,"F",2,0.157142857142857,NA,0.1197737474985,-0.4128146334775,1.6827617637175,NA,"shape",2.927449704675,0,1.00241758968606,1.83560413301091,2.72592709572878,1.30800534028921,2.42915277482283,2.24229486906722,3.27550917148055,NA,2.927449704675,1.69802987177516,3.33617149040127,1.3,-3.573,0.118987017562158,-0.951896140497262
"d8.0_t2.0_R2.3_s8.1",8,2,2.3,"A",3,0.171428571428571,-0.29574317376,0.1159396678775,-2.356087376475,1.5196164440175,0.01409862160525,"sigma",0.01409862160525,0,1.00347554653681,1.82461249149588,3.15460111481516,1.50585488755985,2.13237845391687,2.93476828451446,3.36371709463871,NA,NA,1.69802987177516,3.33617149040127,1.3,-3.573,0.118987017562158,-0.951896140497262
"d8.0_t2.0_R2.3_s8.1",8,2,2.3,"B3",3,0.171428571428571,0,0.11575951835375,-0.469747339391082,1.83237836765,0.010752567249975,"sigma",0.010752567249975,0,1.02022228555787,1.96750383119134,2.95675156754453,1.7696542839207,2.73691873724382,2.76989366178892,3.23154260542041,NA,NA,1.69802987177516,3.33617149040127,1.3,-3.573,0.118987017562158,-0.951896140497262
"d8.0_t2.0_R2.3_s8.1",8,2,2.3,"E",3,0.171428571428571,NA,0.853561646415,-0.5981629872275,1.619057103975,NA,"phi",10.805886896625,0,1.00358371486604,1.82461249149588,2.87981007693928,1.51684652907489,2.08841188785673,2.62700232209346,3.17658439784523,10.805886896625,NA,1.69802987177516,3.33617149040127,1.3,-3.573,0.118987017562158,-0.951896140497262
"d8.0_t2.0_R2.3_s8.1",8,2,2.3,"F",3,0.171428571428571,NA,0.11690049658325,-0.4436202003775,1.5385675553225,NA,"shape",2.75162887565,0,1.00146997274927,1.70370443483049,2.61601068057843,1.15412235907872,2.27526979361233,2.12138681240183,3.14360947330013,NA,2.75162887565,1.69802987177516,3.33617149040127,1.3,-3.573,0.118987017562158,-0.951896140497262
"d8.0_t2.0_R2.3_s8.1",8,2,2.3,"A",4,0.171428571428571,-0.341135296215,0.1168613395025,-2.594571601125,1.362657313195,0.01544105495125,"sigma",0.01544105495125,0,1.00421440730108,1.71469607634552,3.23154260542041,1.40693011392453,2.02273682980439,2.98972649208963,3.48435036026623,NA,NA,1.69802987177516,3.33617149040127,1.3,-3.573,0.118987017562158,-0.951896140497262
"d8.0_t2.0_R2.3_s8.1",8,2,2.3,"B3",4,0.171428571428571,0,0.1169641889975,-0.6384126331725,1.62000054545,0.0125660526749,"sigma",0.0125660526749,0,1.00421458554532,1.82461249149588,2.93476828451446,1.57180473665006,2.03345368028155,2.71493545421375,3.17685918888311,NA,NA,1.69802987177516,3.33617149040127,1.3,-3.573,0.118987017562158,-0.951896140497262
"d8.0_t2.0_R2.3_s8.1",8,2,2.3,"E",4,0.171428571428571,NA,0.8352157812575,-0.7901603917975,1.4293080055225,NA,"phi",12.571278947775,0,1.00313665341126,1.65973786877035,2.95675156754453,1.36296354786439,1.97849547270637,2.68196052966864,3.27550917148055,12.571278947775,NA,1.69802987177516,3.33617149040127,1.3,-3.573,0.118987017562158,-0.951896140497262
"d8.0_t2.0_R2.3_s8.1",8,2,2.3,"F",4,0.171428571428571,NA,0.11672519550275,-0.78323843818,1.2397890552325,NA,"shape",4.8308065305,0,1.00344412942824,1.47287996301475,2.74791037875885,0.956272811808081,2.03345368028155,2.2972530766424,3.25352588845048,NA,4.8308065305,1.69802987177516,3.33617149040127,1.3,-3.573,0.118987017562158,-0.951896140497262
"d8.0_t2.0_R2.3_s8.1",8,2,2.3,"A",5,0.157142857142857,-0.459954619575,0.1179755941675,-2.7928443807,1.530921996025,0.017010541153,"sigma",0.017010541153,0,1.001852332562,1.86857905755602,3.31947573754069,1.56081309513503,2.20931994452212,3.07765962420992,3.58327513390154,NA,NA,1.69802987177516,3.33617149040127,1.3,-3.573,0.118987017562158,-0.951896140497262
"d8.0_t2.0_R2.3_s8.1",8,2,2.3,"B3",5,0.157142857142857,0,0.117970219025,-0.7874820100025,1.55896211365,0.012353354304875,"sigma",0.012353354304875,0,1.0045878961363,1.79163756695077,3.08865126572495,1.57180473665006,2.02246203876652,2.84683515239417,3.36344230360084,NA,NA,1.69802987177516,3.33617149040127,1.3,-3.573,0.118987017562158,-0.951896140497262
"d8.0_t2.0_R2.3_s8.1",8,2,2.3,"E",5,0.157142857142857,NA,0.8485397417575,-0.830207608465,1.49925224915,NA,"phi",10.4703590484,0,1.00235267318521,1.72568771786056,3.08865126572495,1.51684652907489,2.02246203876652,2.80286858633403,3.45137543572112,10.4703590484,NA,1.69802987177516,3.33617149040127,1.3,-3.573,0.118987017562158,-0.951896140497262
"d8.0_t2.0_R2.3_s8.1",8,2,2.3,"F",5,0.157142857142857,NA,0.11833043483825,-0.6729274847125,1.5335646925375,NA,"shape",4.764176402975,0,1.00251978706146,1.7366793593756,2.89080171845431,1.23106384968397,2.31923635967247,2.44014441633786,3.40740886966098,NA,4.764176402975,1.69802987177516,3.33617149040127,1.3,-3.573,0.118987017562158,-0.951896140497262
"d8.0_t2.0_R2.3_s8.1",8,2,2.3,"A",6,0.157142857142857,-0.3811784318175,0.1179678304275,-2.6328753233,1.41298095161,0.0194942130655,"sigma",0.0194942130655,0,1.00292599982343,1.75866264240567,3.20955932239034,1.31899698180425,2.17634501997701,2.89080171845431,3.52831692632637,NA,NA,1.69802987177516,3.33617149040127,1.3,-3.573,0.118987017562158,-0.951896140497262
"d8.0_t2.0_R2.3_s8.1",8,2,2.3,"B3",6,0.157142857142857,0,0.1176037528625,-0.563872313114425,1.719684739575,0.01512749104575,"sigma",0.01512749104575,0,1.00491114371086,1.9235372651312,2.94575992602949,1.51684652907489,2.16562816949985,2.69295217118368,3.25352588845048,NA,NA,1.69802987177516,3.33617149040127,1.3,-3.573,0.118987017562158,-0.951896140497262
"d8.0_t2.0_R2.3_s8.1",8,2,2.3,"E",6,0.157142857142857,NA,0.8170652213025,-0.8661713347825,1.3858847095,NA,"phi",9.83924754485,0,1.00280066142752,1.63775458574028,3.04468469966481,1.22007220816893,2.06642860482666,2.69295217118368,3.45137543572112,9.83924754485,NA,1.69802987177516,3.33617149040127,1.3,-3.573,0.118987017562158,-0.951896140497262
"d8.0_t2.0_R2.3_s8.1",8,2,2.3,"F",6,0.157142857142857,NA,0.11838503826825,-0.71781330495,1.42621396101,NA,"shape",4.13928825995,0,1.00462841877906,1.63775458574028,2.84683515239417,1.08817250998851,2.25328651058226,2.35221128421758,3.40740886966098,NA,4.13928825995,1.69802987177516,3.33617149040127,1.3,-3.573,0.118987017562158,-0.951896140497262
"d8.0_t2.0_R2.3_s8.1",8,2,2.3,"A",7,0.157142857142857,-0.385101211075,0.118015729245,-2.552844559575,1.750090454905,0.0176718819065,"sigma",0.0176718819065,0,1.00386652740475,2.05543696331162,3.38542558663091,1.70370443483049,2.51708590694311,3.12162619027006,3.70418319056693,NA,NA,1.69802987177516,3.33617149040127,1.3,-3.573,0.118987017562158,-0.951896140497262
"d8.0_t2.0_R2.3_s8.1",8,2,2.3,"B3",7,0.157142857142857,0,0.116876583125,-0.152427715883692,2.43920322005,0.011739930887175,"sigma",0.011739930887175,0,1.01267037392767,2.6379939636085,3.28650081299559,1.96750383119134,2.90179335996935,3.0117097751197,3.48435036026623,NA,NA,1.69802987177516,3.33617149040127,1.3,-3.573,0.118987017562158,-0.951896140497262
"d8.0_t2.0_R2.3_s8.1",8,2,2.3,"E",7,0.157142857142857,NA,0.822119109505,-0.642126881875,1.7532437795475,NA,"phi",13.51135311045,0,1.00138963753627,1.9565121896763,3.06666798269488,1.62676294422524,2.30824471815744,2.81386022784907,3.39641722814594,13.51135311045,NA,1.69802987177516,3.33617149040127,1.3,-3.573,0.118987017562158,-0.951896140497262
"d8.0_t2.0_R2.3_s8.1",8,2,2.3,"F",7,0.157142857142857,NA,0.11881999596925,-0.525456201285,1.642597460315,NA,"shape",3.862898592075,0,1.00120919377728,1.81362084998084,2.81386022784907,1.31899698180425,2.33050279222538,2.35221128421758,3.28650081299559,NA,3.862898592075,1.69802987177516,3.33617149040127,1.3,-3.573,0.118987017562158,-0.951896140497262
"d8.0_t2.0_R2.3_s8.1",8,2,2.3,"A",8,0.142857142857143,-0.3635665817225,0.1185804317525,-2.52332199065,1.723684439425,0.015158497243,"sigma",0.015158497243,0,1.00588004320474,2.03345368028155,3.39641722814594,1.72541292682268,2.44041920737574,3.15460111481516,3.66021662450679,NA,NA,1.69802987177516,3.33617149040127,1.3,-3.573,0.118987017562158,-0.951896140497262
"d8.0_t2.0_R2.3_s8.1",8,2,2.3,"B3",8,0.142857142857143,0,0.1186198483475,-0.698782755606,1.81542028995,0.012171191862725,"sigma",0.012171191862725,0,1.0035378278421,2.02246203876652,3.21505514314786,1.79163756695077,2.4511360578529,2.9787348505746,3.47335871875119,NA,NA,1.69802987177516,3.33617149040127,1.3,-3.573,0.118987017562158,-0.951896140497262
"d8.0_t2.0_R2.3_s8.1",8,2,2.3,"E",8,0.142857142857143,NA,0.8289874906025,-0.830437488195,1.625295218625,NA,"phi",12.843764667325,0,1.00304162058031,1.87957069907106,3.22055096390538,1.46188832149971,2.19832830300708,2.91278500148438,3.58327513390154,12.843764667325,NA,1.69802987177516,3.33617149040127,1.3,-3.573,0.118987017562158,-0.951896140497262
"d8.0_t2.0_R2.3_s8.1",8,2,2.3,"F",8,0.142857142857143,NA,0.119072816343,-0.6689718971275,1.6577109049025,NA,"shape",6.516442062725,0,1.00300981660003,1.85758741604098,3.0117097751197,1.38494683089446,2.36320292573261,2.59402739754836,3.45137543572112,NA,6.516442062725,1.69802987177516,3.33617149040127,1.3,-3.573,0.118987017562158,-0.951896140497262
"d8.0_t2.0_R2.3_s8.1",8,2,2.3,"A",9,0.171428571428571,-0.4373844694875,0.122263800135,-2.74573082935,1.35353155135,0.0162035136445,"sigma",0.0162035136445,0,1.00379456088422,1.70370443483049,3.18757603936027,1.40693011392453,2.01147039725148,2.94575992602949,3.42939215269105,NA,NA,1.69802987177516,3.33617149040127,1.3,-3.573,0.118987017562158,-0.951896140497262
"d8.0_t2.0_R2.3_s8.1",8,2,2.3,"B3",9,0.171428571428571,0,0.1222710014575,-0.711845230065,1.500465983075,0.012514732019175,"sigma",0.012514732019175,0,1.00372104802231,1.71469607634552,2.91278500148438,1.47287996301475,1.94552054816127,2.69295217118368,3.1655927563302,NA,NA,1.69802987177516,3.33617149040127,1.3,-3.573,0.118987017562158,-0.951896140497262
"d8.0_t2.0_R2.3_s8.1",8,2,2.3,"E",9,0.171428571428571,NA,0.83036973416,-0.8009809404075,1.381676399945,NA,"phi",13.53623278105,0,1.00121305973416,1.61577130271021,2.92377664299942,1.34098026483432,1.91254562361616,2.67096888815361,3.23181739645829,13.53623278105,NA,1.69802987177516,3.33617149040127,1.3,-3.573,0.118987017562158,-0.951896140497262
"d8.0_t2.0_R2.3_s8.1",8,2,2.3,"F",9,0.171428571428571,NA,0.12181433556125,-0.7942496617625,1.22903621961,NA,"shape",4.894489748275,0,1.00267654846217,1.45089667998467,2.75890202027389,0.967264453323116,2.02246203876652,2.31923635967247,3.25352588845048,NA,4.894489748275,1.69802987177516,3.33617149040127,1.3,-3.573,0.118987017562158,-0.951896140497262
"d8.0_t2.0_R2.3_s8.1",8,2,2.3,"A",10,0.185714285714286,-0.294677094135,0.1198469976875,-2.23863616985,1.6209000074775,0.01590810935575,"sigma",0.01590810935575,0,1.00325009520397,1.91254562361616,3.11063454875502,1.57152994561219,2.18761145252992,2.87981007693928,3.34145902057077,NA,NA,1.69802987177516,3.33617149040127,1.3,-3.573,0.118987017562158,-0.951896140497262
"d8.0_t2.0_R2.3_s8.1",8,2,2.3,"B3",10,0.185714285714286,0,0.1196461916625,-0.206244872300275,1.9800001772,0.010923229097125,"sigma",0.010923229097125,3,1.01139440531374,2.05543696331162,2.85782679390921,1.90155398210113,2.83584351087914,2.68196052966864,3.11063454875502,NA,NA,1.69802987177516,3.33617149040127,1.3,-3.573,0.118987017562158,-0.951896140497262
"d8.0_t2.0_R2.3_s8.1",8,2,2.3,"E",10,0.185714285714286,NA,0.828598301005,-0.62566838604,1.6552610732675,NA,"phi",13.324141194325,0,1.00276743244686,1.86857905755602,2.95675156754453,1.50585488755985,2.12138681240183,2.70394381269871,3.24253424693545,13.324141194325,NA,1.69802987177516,3.33617149040127,1.3,-3.573,0.118987017562158,-0.951896140497262
"d8.0_t2.0_R2.3_s8.1",8,2,2.3,"F",10,0.185714285714286,NA,0.1192932203175,-0.7600572416075,1.1528283386725,NA,"shape",3.9871384139,0,1.00199330694779,1.37395518937943,2.6379939636085,0.846356396657727,1.93452890664623,2.15436173694694,3.13261783178509,NA,3.9871384139,1.69802987177516,3.33617149040127,1.3,-3.573,0.118987017562158,-0.951896140497262
"d8.0_t2.0_R2.3_s8.1",8,2,2.3,"A",11,0.142857142857143,-0.3467091732325,0.1191841098225,-2.58439664185,1.1373306539075,0.011595106715275,"sigma",0.011595106715275,0,1.00606043959481,1.48387160452978,2.9787348505746,1.22007220816893,1.7696542839207,2.79187694481899,3.1655927563302,NA,NA,1.69802987177516,3.33617149040127,1.3,-3.573,0.118987017562158,-0.951896140497262
"d8.0_t2.0_R2.3_s8.1",8,2,2.3,"B3",11,0.142857142857143,0,0.1183832825775,-0.56862086754,1.546141731225,0.0093560395264,"sigma",0.0093560395264,0,1.00460172491302,1.75866264240567,2.78088530330396,1.41792175543957,1.93452890664623,2.60501903906339,2.95675156754453,NA,NA,1.69802987177516,3.33617149040127,1.3,-3.573,0.118987017562158,-0.951896140497262
"d8.0_t2.0_R2.3_s8.1",8,2,2.3,"E",11,0.142857142857143,NA,0.8656889612375,-0.6639163580725,1.38961879235,NA,"phi",16.71229648715,0,1.00383207584425,1.5827963781651,2.73691873724382,1.30800534028921,1.91254562361616,2.49510262391304,3.0117097751197,16.71229648715,NA,1.69802987177516,3.33617149040127,1.3,-3.573,0.118987017562158,-0.951896140497262
"d8.0_t2.0_R2.3_s8.1",8,2,2.3,"F",11,0.142857142857143,NA,0.11909309087275,-0.4679190716525,1.4925912789475,NA,"shape",4.66716994975,0,1.00319995303822,1.65973786877035,2.60501903906339,1.17583085107091,2.14337009543191,2.15436173694694,3.03396784918765,NA,4.66716994975,1.69802987177516,3.33617149040127,1.3,-3.573,0.118987017562158,-0.951896140497262
"d8.0_t2.0_R2.3_s8.1",8,2,2.3,"A",12,0.157142857142857,-0.4873769913325,0.118713786435,-2.9037348286,1.28014318562,0.01483300007925,"sigma",0.01483300007925,0,1.00215185664841,1.63775458574028,3.1985676808753,1.31899698180425,2.00047875573644,2.94575992602949,3.45137543572112,NA,NA,1.69802987177516,3.33617149040127,1.3,-3.573,0.118987017562158,-0.951896140497262
"d8.0_t2.0_R2.3_s8.1",8,2,2.3,"B3",12,0.157142857142857,0,0.118238618605,-0.503720880543,1.711579088775,0.01073008817195,"sigma",0.01073008817195,0,1.00372541081753,1.90155398210113,2.85782679390921,1.68172115180042,2.04444532179659,2.69295217118368,3.05567634117984,NA,NA,1.69802987177516,3.33617149040127,1.3,-3.573,0.118987017562158,-0.951896140497262
"d8.0_t2.0_R2.3_s8.1",8,2,2.3,"E",12,0.157142857142857,NA,0.851534798325,-0.7141573612625,1.44173867423,NA,"phi",13.63337722915,0,1.0025693018737,1.67072951028538,2.85782679390921,1.29701369877418,2.00047875573644,2.57176932348041,3.15460111481516,13.63337722915,NA,1.69802987177516,3.33617149040127,1.3,-3.573,0.118987017562158,-0.951896140497262
"d8.0_t2.0_R2.3_s8.1",8,2,2.3,"F",12,0.157142857142857,NA,0.11888860420175,-0.61712383125,1.3810235264225,NA,"shape",4.41511442355,0,1.00205835093169,1.57730055740758,2.67096888815361,1.03293951137545,2.09940352937176,2.17634501997701,3.13261783178509,NA,4.41511442355,1.69802987177516,3.33617149040127,1.3,-3.573,0.118987017562158,-0.951896140497262
"d8.0_t2.0_R2.3_s8.1",8,2,2.3,"A",13,0.157142857142857,-0.593422645195,0.121277675205,-2.925088020925,1.72085546325,0.0148697921595,"sigma",0.0148697921595,0,1.0040302027739,2.04444532179659,3.39641722814594,1.72568771786056,2.36347771677049,3.1655927563302,3.63823334147672,NA,NA,1.69802987177516,3.33617149040127,1.3,-3.573,0.118987017562158,-0.951896140497262
"d8.0_t2.0_R2.3_s8.1",8,2,2.3,"B3",13,0.157142857142857,0,0.121219386085,-0.5483534126284,1.86335177565,0.00974982160465,"sigma",0.00974982160465,0,1.00528283953407,2.03345368028155,3.06666798269488,1.89056234058609,2.37419456724765,2.90179335996935,3.25352588845048,NA,NA,1.69802987177516,3.33617149040127,1.3,-3.573,0.118987017562158,-0.951896140497262
"d8.0_t2.0_R2.3_s8.1",8,2,2.3,"E",13,0.157142857142857,NA,0.8276620447975,-0.6762880823675,1.70198730012,NA,"phi",17.942361969775,0,1.00362910092486,1.93452890664623,3.06666798269488,1.50585488755985,2.15436173694694,2.80286858633403,3.33046737905573,17.942361969775,NA,1.69802987177516,3.33617149040127,1.3,-3.573,0.118987017562158,-0.951896140497262
"d8.0_t2.0_R2.3_s8.1",8,2,2.3,"F",13,0.157142857142857,NA,0.121891086315,-0.6984413936775,1.42106126777,NA,"shape",5.390039240375,0,1.00488713122504,1.62676294422524,2.81386022784907,1.12114743453361,2.14337009543191,2.36320292573261,3.27550917148055,NA,5.390039240375,1.69802987177516,3.33617149040127,1.3,-3.573,0.118987017562158,-0.951896140497262
"d8.0_t2.0_R2.3_s8.1",8,2,2.3,"A",14,0.157142857142857,-0.47165660761,0.118056703635,-2.770439159075,1.6591859351,0.012215608033825,"sigma",0.012215608033825,0,1.00143627830919,1.98948711422141,3.37443394511587,1.71469607634552,2.23130322755219,3.17658439784523,3.56129185087147,NA,NA,1.69802987177516,3.33617149040127,1.3,-3.573,0.118987017562158,-0.951896140497262
"d8.0_t2.0_R2.3_s8.1",8,2,2.3,"B3",14,0.157142857142857,0,0.1180356979125,-0.605773797826625,1.834649116,0.010682800302175,"sigma",0.010682800302175,0,1.00462250122561,2.03345368028155,3.11063454875502,1.81362084998084,2.27526979361233,2.91278500148438,3.34145902057077,NA,NA,1.69802987177516,3.33617149040127,1.3,-3.573,0.118987017562158,-0.951896140497262
"d8.0_t2.0_R2.3_s8.1",8,2,2.3,"E",14,0.157142857142857,NA,0.8482684926875,-0.833579799315,1.582693262845,NA,"phi",13.9143491095,0,1.00209321790455,1.84659577452595,3.18757603936027,1.41792175543957,2.14337009543191,2.87981007693928,3.5063336432963,13.9143491095,NA,1.69802987177516,3.33617149040127,1.3,-3.573,0.118987017562158,-0.951896140497262
"d8.0_t2.0_R2.3_s8.1",8,2,2.3,"F",14,0.157142857142857,NA,0.1185771289985,-0.8393368637075,1.34570496301,NA,"shape",6.832687399925,0,1.00284991589231,1.5827963781651,2.94575992602949,1.1098810019807,2.12138681240183,2.51708590694311,3.41840051117601,NA,6.832687399925,1.69802987177516,3.33617149040127,1.3,-3.573,0.118987017562158,-0.951896140497262
"d8.0_t2.0_R2.3_s8.1",8,2,2.3,"A",15,0.142857142857143,-0.3986976566675,0.1207293379125,-2.669179229725,1.4849182918275,0.012676171496925,"sigma",0.012676171496925,0,1.00356504586387,1.83560413301091,3.29749245451062,1.53882981210496,2.09940352937176,3.08865126572495,3.5063336432963,NA,NA,1.69802987177516,3.33617149040127,1.3,-3.573,0.118987017562158,-0.951896140497262
"d8.0_t2.0_R2.3_s8.1",8,2,2.3,"B3",15,0.142857142857143,0,0.1206509792825,-0.664235785125,1.71207904935,0.0113104988877,"sigma",0.0113104988877,0,1.00296292667311,1.9235372651312,3.06666798269488,1.69271279331545,2.08841188785673,2.86881843542424,3.27550917148055,NA,NA,1.69802987177516,3.33617149040127,1.3,-3.573,0.118987017562158,-0.951896140497262
"d8.0_t2.0_R2.3_s8.1",8,2,2.3,"E",15,0.142857142857143,NA,0.8719585304475,-0.773939469295,1.556263386065,NA,"phi",12.9153043366,0,1.00158920443353,1.79163756695077,3.06666798269488,1.45089667998467,2.07742024634169,2.81386022784907,3.37443394511587,12.9153043366,NA,1.69802987177516,3.33617149040127,1.3,-3.573,0.118987017562158,-0.951896140497262
"d8.0_t2.0_R2.3_s8.1",8,2,2.3,"F",15,0.142857142857143,NA,0.12140290167725,-0.6410194719175,1.5144313920025,NA,"shape",5.685160016825,0,1.00091376797435,1.71469607634552,2.8248518693641,1.23106384968397,2.20931994452212,2.39617785027772,3.27550917148055,NA,5.685160016825,1.69802987177516,3.33617149040127,1.3,-3.573,0.118987017562158,-0.951896140497262
"d8.0_t2.0_R2.3_s8.1",8,2,2.3,"A",16,0.142857142857143,-0.4224309122075,0.117963124675,-2.78880703905,1.31654011968,0.010834716297725,"sigma",0.010834716297725,0,1.00410069377369,1.67072951028538,3.23154260542041,1.38494683089446,1.98948711422141,3.03369305814977,3.44038379420608,NA,NA,1.69802987177516,3.33617149040127,1.3,-3.573,0.118987017562158,-0.951896140497262
"d8.0_t2.0_R2.3_s8.1",8,2,2.3,"B3",16,0.142857142857143,0,0.117403698655,-0.67916373271,1.65625336985,0.01093887814755,"sigma",0.01093887814755,0,1.00141687647428,1.87957069907106,3.02270141663474,1.57180473665006,2.06642860482666,2.81386022784907,3.25352588845048,NA,NA,1.69802987177516,3.33617149040127,1.3,-3.573,0.118987017562158,-0.951896140497262
"d8.0_t2.0_R2.3_s8.1",8,2,2.3,"E",16,0.142857142857143,NA,0.837670944925,-0.62411989726,1.601228907465,NA,"phi",14.4932143653,0,1.00345939458876,1.82461249149588,2.90179335996935,1.40693011392453,2.07742024634169,2.61601068057843,3.1655927563302,14.4932143653,NA,1.69802987177516,3.33617149040127,1.3,-3.573,0.118987017562158,-0.951896140497262
"d8.0_t2.0_R2.3_s8.1",8,2,2.3,"F",16,0.142857142857143,NA,0.11783048155625,-0.298037769735,1.956761903675,NA,"shape",3.32799636695,0,1.00242040607745,2.08841188785673,2.87981007693928,1.56081309513503,2.65997724663857,2.40716949179276,3.39641722814594,NA,3.32799636695,1.69802987177516,3.33617149040127,1.3,-3.573,0.118987017562158,-0.951896140497262
"d8.0_t2.0_R2.3_s8.1",8,2,2.3,"A",17,0.142857142857143,-0.3878599903175,0.1187233271775,-2.6789080789,1.356556818925,0.015604656172,"sigma",0.015604656172,0,1.00239983361945,1.70370443483049,3.20955932239034,1.3959384724095,2.04444532179659,2.96746841802169,3.47335871875119,NA,NA,1.69802987177516,3.33617149040127,1.3,-3.573,0.118987017562158,-0.951896140497262
"d8.0_t2.0_R2.3_s8.1",8,2,2.3,"B3",17,0.142857142857143,0,0.1186747621925,-0.75451946366,1.502520137965,0.012552632453075,"sigma",0.012552632453075,0,1.00109814051583,1.7366793593756,2.9787348505746,1.46188832149971,1.97849547270637,2.74791037875885,3.25352588845048,NA,NA,1.69802987177516,3.33617149040127,1.3,-3.573,0.118987017562158,-0.951896140497262
"d8.0_t2.0_R2.3_s8.1",8,2,2.3,"E",17,0.142857142857143,NA,0.77624189155,-0.8084727601675,1.3895824930225,NA,"phi",15.133620242175,0,1.00431052599488,1.61577130271021,2.94575992602949,1.28602205725914,1.97849547270637,2.6379939636085,3.27550917148055,15.133620242175,NA,1.69802987177516,3.33617149040127,1.3,-3.573,0.118987017562158,-0.951896140497262
"d8.0_t2.0_R2.3_s8.1",8,2,2.3,"F",17,0.142857142857143,NA,0.11919938413025,-0.639178238915,1.4414392908875,NA,"shape",6.251332386,0,1.00433681333346,1.63775458574028,2.75890202027389,1.19808892513886,2.1103951708868,2.35221128421758,3.1655927563302,NA,6.251332386,1.69802987177516,3.33617149040127,1.3,-3.573,0.118987017562158,-0.951896140497262
"d8.0_t2.0_R2.3_s8.1",8,2,2.3,"A",18,0.128571428571429,-0.5060400024425,0.1189059090175,-2.90277743345,1.5720390084575,0.01675683188575,"sigma",0.01675683188575,0,1.0017804334874,1.93452890664623,3.42939215269105,1.56081309513503,2.2972530766424,3.15460111481516,3.70418319056693,NA,NA,1.69802987177516,3.33617149040127,1.3,-3.573,0.118987017562158,-0.951896140497262
"d8.0_t2.0_R2.3_s8.1",8,2,2.3,"B3",18,0.128571428571429,0,0.1188025489425,-0.752123683966,1.6657665212325,0.012542729575925,"sigma",0.012542729575925,0,1.0018903996408,1.90155398210113,3.14360947330013,1.59378801968013,2.13237845391687,2.90179335996935,3.41840051117601,NA,NA,1.69802987177516,3.33617149040127,1.3,-3.573,0.118987017562158,-0.951896140497262
"d8.0_t2.0_R2.3_s8.1",8,2,2.3,"E",18,0.128571428571429,NA,0.82735589393,-0.633552506415,1.649275773275,NA,"phi",10.782454743775,0,1.00277523447096,1.84659577452595,2.95675156754453,1.56081309513503,2.15436173694694,2.69295217118368,3.27550917148055,10.782454743775,NA,1.69802987177516,3.33617149040127,1.3,-3.573,0.118987017562158,-0.951896140497262
"d8.0_t2.0_R2.3_s8.1",8,2,2.3,"F",18,0.128571428571429,NA,0.11830617584275,-0.0520042486115758,3.067862063175,NA,"shape",1.63465511661,0,1.00318771501759,3.15460111481516,3.78112468117218,2.28598664408949,4.12186556813828,3.00071813360467,4.64946436085998,NA,1.63465511661,1.69802987177516,3.33617149040127,1.3,-3.573,0.118987017562158,-0.951896140497262
"d8.0_t2.0_R2.3_s8.1",8,2,2.3,"A",19,0.142857142857143,-0.3597314933325,0.118294473865,-2.64002654965,1.34453044481,0.01760844559925,"sigma",0.01760844559925,0,1.00277738994341,1.69271279331545,3.24253424693545,1.31899698180425,2.1103951708868,2.95675156754453,3.5393085678414,NA,NA,1.69802987177516,3.33617149040127,1.3,-3.573,0.118987017562158,-0.951896140497262
"d8.0_t2.0_R2.3_s8.1",8,2,2.3,"B3",19,0.142857142857143,0,0.1181375135325,-0.8076174714925,1.493470140845,0.012537311482375,"sigma",0.012537311482375,0,1.00066457808357,1.74767100089063,3.05567634117984,1.41792175543957,2.00047875573644,2.80286858633403,3.34145902057077,NA,NA,1.69802987177516,3.33617149040127,1.3,-3.573,0.118987017562158,-0.951896140497262
"d8.0_t2.0_R2.3_s8.1",8,2,2.3,"E",19,0.142857142857143,NA,0.840369681745,-0.958186251085,1.284954340315,NA,"phi",12.95945693885,0,1.00175217268301,1.54982145361999,3.09964290723999,1.22007220816893,1.9235372651312,2.78088530330396,3.46236707723615,12.95945693885,NA,1.69802987177516,3.33617149040127,1.3,-3.573,0.118987017562158,-0.951896140497262
"d8.0_t2.0_R2.3_s8.1",8,2,2.3,"F",19,0.142857142857143,NA,0.11838913460825,-0.826811218995,1.353371780735,NA,"shape",8.372704671875,0,1.00350467156444,1.59378801968013,2.93476828451446,1.13213907604865,2.07742024634169,2.53906918997318,3.36344230360084,NA,8.372704671875,1.69802987177516,3.33617149040127,1.3,-3.573,0.118987017562158,-0.951896140497262
"d8.0_t2.0_R2.3_s8.1",8,2,2.3,"A",20,0.157142857142857,-0.3874049663075,0.1217819469525,-2.695435372525,1.287385455735,0.012601021503925,"sigma",0.012601021503925,0,1.00348325813373,1.64874622725531,3.20955932239034,1.3959384724095,1.9235372651312,3.0117097751197,3.40740886966098,NA,NA,1.69802987177516,3.33617149040127,1.3,-3.573,0.118987017562158,-0.951896140497262
"d8.0_t2.0_R2.3_s8.1",8,2,2.3,"B3",20,0.157142857142857,0,0.12169458622,-0.65737752706,1.58909321725,0.011352754424025,"sigma",0.011352754424025,0,1.00284355040082,1.80262920846581,2.93476828451446,1.53882981210496,1.98948711422141,2.72592709572878,3.15460111481516,NA,NA,1.69802987177516,3.33617149040127,1.3,-3.573,0.118987017562158,-0.951896140497262
"d8.0_t2.0_R2.3_s8.1",8,2,2.3,"E",20,0.157142857142857,NA,0.8342474884325,-0.5556874978175,1.5475261049225,NA,"phi",12.89619625735,0,1.00238149318345,1.74767100089063,2.75890202027389,1.40693011392453,2.01147039725148,2.50609426542807,3.02270141663474,12.89619625735,NA,1.69802987177516,3.33617149040127,1.3,-3.573,0.118987017562158,-0.951896140497262
"d8.0_t2.0_R2.3_s8.1",8,2,2.3,"F",20,0.157142857142857,NA,0.1226379844995,-0.22532397910625,1.8571907256875,NA,"shape",2.354228578575,0,1.00166071431357,1.97849547270637,2.71493545421375,1.46188832149971,2.58303575603332,2.23130322755219,3.27550917148055,NA,2.354228578575,1.69802987177516,3.33617149040127,1.3,-3.573,0.118987017562158,-0.951896140497262
