"dataset","endpoint","arm","estimate","lower","upper","preparation","n","n_censored","elapsed","x_min","x_max","design_span","at_lower","at_upper","at_boundary","interval_at_boundary","interval_spans_design","max_rhat","divergences","not_converged","usable","a_est","r","rlo","rhi"
"c_proliferum","ErC10","A",1.64255955955956,0.881836836836837,2.96381481481481,"raw",85,0,14.6944141387939,0.001,20,19.999,FALSE,FALSE,FALSE,FALSE,FALSE,1.00207744975103,0,FALSE,TRUE,1.64255955955956,1,0.536867495430908,1.80438803425158
"c_proliferum","ErC10","B1",2.78364364364364,1.90280680680681,3.44427127127127,"floored",85,0,211.034468889236,0.001,20,19.999,FALSE,FALSE,FALSE,FALSE,FALSE,1.00460513509777,0,FALSE,TRUE,1.64255955955956,1.69469875685363,1.15844006735259,2.09689277397943
"c_proliferum","ErC10","B2",0.921874874874875,0.001,1.72263563563564,"raw",85,0,41.0429513454437,0.001,20,19.999,FALSE,FALSE,FALSE,TRUE,FALSE,1.00353576051746,2,FALSE,FALSE,1.64255955955956,0.561242890408229,0.000608805929855075,1.04875078995464
"c_proliferum","ErC10","B3",3.02387187187187,2.34322522522523,3.78509507007006,"floored",85,0,10.7800309658051,0.001,20,19.999,FALSE,FALSE,FALSE,FALSE,FALSE,1.00201970838995,0,FALSE,TRUE,1.64255955955956,1.84095112671756,1.42656941210311,2.30438832372386
"c_proliferum","ErC10","C",2.60347247247247,1.90280680680681,3.32415715715716,"censored",85,12,238.859238624573,0.001,20,19.999,FALSE,FALSE,FALSE,FALSE,FALSE,1.00201497073987,0,FALSE,TRUE,1.64255955955956,1.58500947945569,1.15844006735259,2.02376658904747
"c_proliferum","ErC10","D",2.53803003003003,1.97257757757758,3.28362662662663,"raw",65,0,628.838600158691,0.001,5,4.999,FALSE,FALSE,FALSE,FALSE,FALSE,1.00112507551658,0,FALSE,TRUE,1.64255955955956,1.54516773243254,1.20091692632839,1.99909136172031
"c_proliferum","ErC50","A",3.36419519519519,2.64351051051051,4.40518418418418,"raw",85,0,14.6944141387939,0.001,20,19.999,FALSE,FALSE,FALSE,FALSE,FALSE,1.00207744975103,0,FALSE,TRUE,3.36419519519519,1,0.7857779816956,1.30943180421747
"c_proliferum","ErC50","B1",6.34702902902903,5.76647747747748,7.00765665665666,"floored",85,0,211.034468889236,0.001,20,19.999,FALSE,FALSE,FALSE,FALSE,FALSE,1.00460513509777,0,FALSE,TRUE,3.36419519519519,1.88664113131544,1.71407339434801,2.08301131476115
"c_proliferum","ErC50","B2",2.50337737737738,0.581551551551551,5.60682580080079,"raw",85,0,41.0429513454437,0.001,20,19.999,FALSE,FALSE,FALSE,FALSE,FALSE,1.00353576051746,2,FALSE,TRUE,3.36419519519519,0.744123700358634,0.172864984880228,1.66661726668196
"c_proliferum","ErC50","B3",6.04674374374374,5.50623023023023,6.58725725725726,"floored",85,0,10.7800309658051,0.001,20,19.999,FALSE,FALSE,FALSE,FALSE,FALSE,1.00201970838995,0,FALSE,TRUE,3.36419519519519,1.79738195702194,1.63671544329364,1.95804847075024
"c_proliferum","ErC50","C",6.5272002002002,6.02672472472472,7.02767567567568,"censored",85,12,238.859238624573,0.001,20,19.999,FALSE,FALSE,FALSE,FALSE,FALSE,1.00201497073987,0,FALSE,TRUE,3.36419519519519,1.94019663589154,1.79143134540237,2.08896192638071
"c_proliferum","ErC50","D",5,5,5,"raw",65,0,628.838600158691,0.001,5,4.999,FALSE,TRUE,TRUE,TRUE,FALSE,1.00112507551658,0,FALSE,FALSE,3.36419519519519,1.48623956396499,1.48623956396499,1.48623956396499
"c_proliferum","NSEC","A",1.96224690617847,1.04292708859729,3.34801688635941,"raw",85,0,14.6944141387939,0.001,20,19.999,FALSE,FALSE,FALSE,FALSE,FALSE,1.00207744975103,0,FALSE,TRUE,1.96224690617847,1,0.531496360276302,1.70621590780325
"c_proliferum","NSEC","B1",2.3294249089437,1.30982263779086,3.15331568067842,"floored",85,0,211.034468889236,0.001,20,19.999,FALSE,FALSE,FALSE,FALSE,FALSE,1.00460513509777,0,FALSE,TRUE,1.96224690617847,1.18712120355961,0.667511633559803,1.60699230598844
"c_proliferum","NSEC","B2",1.84918441286282,0.58814203711188,4.53931641687298,"raw",85,0,41.0429513454437,0.001,20,19.999,FALSE,FALSE,FALSE,FALSE,FALSE,1.00353576051746,2,FALSE,TRUE,1.96224690617847,0.942381107617164,0.299728864527708,2.31332581163979
"c_proliferum","NSEC","B3",2.64240585201729,1.93633701831132,3.56271714957788,"floored",85,0,10.7800309658051,0.001,20,19.999,FALSE,FALSE,FALSE,FALSE,FALSE,1.00201970838995,0,FALSE,TRUE,1.96224690617847,1.34662250897032,0.98679580648818,1.81563142658554
"c_proliferum","NSEC","C",1.98572820674675,1.2026163065555,2.83229982514733,"censored",85,12,238.859238624573,0.001,20,19.999,FALSE,FALSE,FALSE,FALSE,FALSE,1.00201497073987,0,FALSE,TRUE,1.96224690617847,1.01196653718467,0.612877157695526,1.44339624958987
"c_proliferum","NSEC","D",1.48655813697028,0.815737642810645,2.50868902387675,"raw",65,0,628.838600158691,0.001,5,4.999,FALSE,FALSE,FALSE,FALSE,FALSE,1.00112507551658,0,FALSE,TRUE,1.96224690617847,0.757579554483994,0.415716105981442,1.27847775729839
"c_proliferum2","ErC10","A",262.336036036036,247.322522522523,277.34954954955,"raw",70,0,18.64044880867,0.1,1000,999.9,FALSE,FALSE,FALSE,FALSE,FALSE,1.00241521676861,0,FALSE,TRUE,262.336036036036,1,0.942769915485608,1.0572300845144
"c_proliferum2","ErC10","B1",235.311711711712,206.285585585586,253.327927927928,"floored",70,0,58.511412858963,0.1,1000,999.9,FALSE,FALSE,FALSE,FALSE,FALSE,1.00295475312204,0,FALSE,TRUE,262.336036036036,0.896985847874092,0.78634101781293,0.965661949291364
"c_proliferum2","ErC10","B2",255.32972972973,0.1,401.461261261261,"raw",70,0,236.667644500732,0.1,1000,999.9,FALSE,FALSE,FALSE,TRUE,FALSE,1.04586683601197,11,FALSE,FALSE,262.336036036036,0.973292627226617,0.000381190481914057,1.53033211650005
"c_proliferum2","ErC10","B3",241.317117117117,213.291891891892,256.330630630631,"floored",70,0,9.464026927948,0.1,1000,999.9,FALSE,FALSE,FALSE,FALSE,FALSE,1.00283727415882,0,FALSE,TRUE,262.336036036036,0.919877881679848,0.813048390586313,0.977107966194244
"c_proliferum2","ErC10","C",213.291891891892,197.277477477477,229.306306306306,"censored",70,10,62.982447385788,0.1,1000,999.9,FALSE,FALSE,FALSE,FALSE,FALSE,1.00185059906633,0,FALSE,TRUE,262.336036036036,0.813048390586313,0.75200296710429,0.874093814068332
"c_proliferum2","ErC10","D",211.100800800801,194.287987987988,228.333933933934,"raw",60,0,81.4233124256134,0.1,420,419.9,FALSE,FALSE,FALSE,FALSE,FALSE,1.00196555656007,0,FALSE,TRUE,262.336036036036,0.804696159897007,0.740607317712537,0.870387223136088
"c_proliferum2","ErC50","A",359.423423423423,347.412612612613,370.433333333333,"raw",70,0,18.64044880867,0.1,1000,999.9,FALSE,FALSE,FALSE,FALSE,FALSE,1.00241521676861,0,FALSE,TRUE,359.423423423423,1,0.966583116101867,1.03063214357329
"c_proliferum2","ErC50","B1",341.407207207207,327.394594594595,354.418918918919,"floored",70,0,58.511412858963,0.1,1000,999.9,FALSE,FALSE,FALSE,FALSE,FALSE,1.00295475312204,0,FALSE,TRUE,359.423423423423,0.949874674152798,0.910888309604975,0.986076298375778
"c_proliferum2","ErC50","B2",342.408108108108,0.1,429.486486486487,"raw",70,0,236.667644500732,0.1,1000,999.9,FALSE,FALSE,FALSE,TRUE,FALSE,1.04586683601197,11,FALSE,FALSE,359.423423423423,0.952659414477643,0.000278223380790054,1.19493182273912
"c_proliferum2","ErC50","B3",339.405405405405,326.393693693694,351.416216216216,"floored",70,0,9.464026927948,0.1,1000,999.9,FALSE,FALSE,FALSE,FALSE,FALSE,1.00283727415882,0,FALSE,TRUE,359.423423423423,0.944305193503108,0.90810356928013,0.977722077401244
"c_proliferum2","ErC50","C",352.417117117117,341.407207207207,363.427027027027,"censored",70,10,62.982447385788,0.1,1000,999.9,FALSE,FALSE,FALSE,FALSE,FALSE,1.00185059906633,0,FALSE,TRUE,359.423423423423,0.980506817726089,0.949874674152798,1.01113896129938
"c_proliferum2","ErC50","D",353.589389389389,340.97977977978,367.03963963964,"raw",60,0,81.4233124256134,0.1,420,419.9,FALSE,FALSE,FALSE,FALSE,FALSE,1.00196555656007,0,FALSE,TRUE,359.423423423423,0.983768353274068,0.948685471113787,1.02119009424504
"c_proliferum2","NSEC","A",246.681114647102,231.883983596708,263.018478449675,"raw",70,0,18.64044880867,0.1,1000,999.9,FALSE,FALSE,FALSE,FALSE,FALSE,1.00241521676861,0,FALSE,TRUE,246.681114647102,1,0.940015144363351,1.06622867675114
"c_proliferum2","NSEC","B1",219.901458663439,189.650009581551,242.217424016964,"floored",70,0,58.511412858963,0.1,1000,999.9,FALSE,FALSE,FALSE,FALSE,FALSE,1.00295475312204,0,FALSE,TRUE,246.681114647102,0.891440185755713,0.76880635898237,0.981905016780374
"c_proliferum2","NSEC","B2",320.736659171657,211.437331522936,457.724899876241,"raw",70,0,236.667644500732,0.1,1000,999.9,FALSE,FALSE,FALSE,FALSE,FALSE,1.04586683601197,11,FALSE,TRUE,246.681114647102,1.30020759647733,0.85712816656198,1.85553280205927
"c_proliferum2","NSEC","B3",227.806205847864,198.423808228144,245.529275359431,"floored",70,0,9.464026927948,0.1,1000,999.9,FALSE,FALSE,FALSE,FALSE,FALSE,1.00283727415882,0,FALSE,TRUE,246.681114647102,0.923484581192038,0.804373729671223,0.995330654763261
"c_proliferum2","NSEC","C",188.129683010903,171.080602700443,207.905744430833,"censored",70,10,62.982447385788,0.1,1000,999.9,FALSE,FALSE,FALSE,FALSE,FALSE,1.00185059906633,0,FALSE,TRUE,246.681114647102,0.762643233877219,0.693529388924597,0.842811760147345
"c_proliferum2","NSEC","D",186.715702016765,166.851572480057,208.372180578472,"raw",60,0,81.4233124256134,0.1,420,419.9,FALSE,FALSE,FALSE,FALSE,FALSE,1.00196555656007,0,FALSE,TRUE,246.681114647102,0.756911214236556,0.676385675971799,0.844702606750281
"r_salina","ErC10","A",4.88564064064064,4.86562162162162,4.92567867867868,"bound",85,0,23.9283645153046,0.001,20,19.999,FALSE,FALSE,FALSE,FALSE,FALSE,1.00094843781807,1,FALSE,TRUE,4.88564064064064,1,0.995902478202655,1.00819504359469
"r_salina","ErC10","B1",4.72548848848849,4.56533633633634,4.9456976976977,"floored",85,0,143.529759645462,0.001,20,19.999,FALSE,FALSE,FALSE,FALSE,FALSE,1.00133029365512,11,FALSE,TRUE,4.88564064064064,0.967219825621242,0.934439651242483,1.01229256539204
"r_salina","ErC10","B2",0.941893893893894,0.001,1.72263563563564,"bound",85,0,53.0751960277557,0.001,20,19.999,FALSE,FALSE,FALSE,TRUE,FALSE,1.01350405617687,8,FALSE,FALSE,4.88564064064064,0.192788205923059,0.000204681447849769,0.35259155601951
"r_salina","ErC10","B3",4.74550750750751,4.60537437437437,4.92567867867868,"floored",85,0,22.7535767555237,0.001,20,19.999,FALSE,FALSE,FALSE,FALSE,FALSE,1.00420693818936,6,FALSE,TRUE,4.88564064064064,0.971317347418587,0.942634694837171,1.00819504359469
"r_salina","ErC10","C",4.76552652652653,4.64541241241241,4.9456976976977,"censored",85,20,63.6221249103546,0.001,20,19.999,FALSE,FALSE,FALSE,FALSE,FALSE,1.00197705421554,5,FALSE,TRUE,4.88564064064064,0.975414869215932,0.950829738431861,1.01229256539204
"r_salina","ErC10","D",2.80324224224224,2.63310610610611,2.93835035035035,"bound",65,0,638.620708703995,0.001,5,4.999,FALSE,FALSE,FALSE,FALSE,FALSE,1.00462750089342,18,FALSE,TRUE,4.88564064064064,0.573771680815775,0.538947970139867,0.601425803999586
"r_salina","ErC50","A",5.02577377377377,5.00575475475476,5.02577377377377,"bound",85,0,23.9283645153046,0.001,20,19.999,FALSE,FALSE,FALSE,FALSE,FALSE,1.00094843781807,1,FALSE,TRUE,5.02577377377377,1,0.99601672898142,1
"r_salina","ErC50","B1",5.06581181181181,5.00575475475476,5.10584984984985,"floored",85,0,143.529759645462,0.001,20,19.999,FALSE,FALSE,FALSE,FALSE,FALSE,1.00133029365512,11,FALSE,TRUE,5.02577377377377,1.00796654203716,0.99601672898142,1.01593308407433
"r_salina","ErC50","B2",2.16305405405405,1.06200800800801,3.38421421421421,"bound",85,0,53.0751960277557,0.001,20,19.999,FALSE,FALSE,FALSE,FALSE,FALSE,1.01350405617687,8,FALSE,TRUE,5.02577377377377,0.430392244342874,0.211312338320904,0.673371776476333
"r_salina","ErC50","B3",5.06581181181181,5.02577377377377,5.10584984984985,"floored",85,0,22.7535767555237,0.001,20,19.999,FALSE,FALSE,FALSE,FALSE,FALSE,1.00420693818936,6,FALSE,TRUE,5.02577377377377,1.00796654203716,1,1.01593308407433
"r_salina","ErC50","C",5.04579279279279,5.00575475475476,5.08583083083083,"censored",85,20,63.6221249103546,0.001,20,19.999,FALSE,FALSE,FALSE,FALSE,FALSE,1.00197705421554,5,FALSE,TRUE,5.02577377377377,1.00398327101858,0.99601672898142,1.01194981305574
"r_salina","ErC50","D",5,5,5,"bound",65,0,638.620708703995,0.001,5,4.999,FALSE,TRUE,TRUE,TRUE,FALSE,1.00462750089342,18,FALSE,FALSE,5.02577377377377,0.994871680474703,0.994871680474703,0.994871680474703
"r_salina","NSEC","A",4.86715223648772,4.83197698456281,4.93030703642906,"bound",85,0,23.9283645153046,0.001,20,19.999,FALSE,FALSE,FALSE,FALSE,FALSE,1.00094843781807,1,FALSE,TRUE,4.86715223648772,1,0.99277292958679,1.01297571903913
"r_salina","NSEC","B1",4.67042363252151,4.49110358161811,4.9287131936072,"floored",85,0,143.529759645462,0.001,20,19.999,FALSE,FALSE,FALSE,FALSE,FALSE,1.00133029365512,11,FALSE,TRUE,4.86715223648772,0.959580347109057,0.922737437294343,1.01264824976256
"r_salina","NSEC","B2",1.26514751102168,0.649813381306804,2.19450293980711,"bound",85,0,53.0751960277557,0.001,20,19.999,FALSE,FALSE,FALSE,FALSE,FALSE,1.01350405617687,8,FALSE,TRUE,4.86715223648772,0.25993588232914,0.13350997662151,0.450880275195733
"r_salina","NSEC","B3",4.68842147222613,4.51432138654689,4.92676109083715,"floored",85,0,22.7535767555237,0.001,20,19.999,FALSE,FALSE,FALSE,FALSE,FALSE,1.00420693818936,6,FALSE,TRUE,4.86715223648772,0.963278164401414,0.927507743173564,1.01224717277232
"r_salina","NSEC","C",4.71288551755256,4.564111235691,4.94998684824118,"censored",85,20,63.6221249103546,0.001,20,19.999,FALSE,FALSE,FALSE,FALSE,FALSE,1.00197705421554,5,FALSE,TRUE,4.86715223648772,0.968304521527257,0.93773751342214,1.01701911255877
"r_salina","NSEC","D",2.26933358755813,2.07166785616532,2.44574462890323,"bound",65,0,638.620708703995,0.001,5,4.999,FALSE,FALSE,FALSE,FALSE,FALSE,1.00462750089342,18,FALSE,TRUE,4.86715223648772,0.46625490169499,0.42564270758465,0.502500129453142
"r_salina2","ErC10","A",51.0605405405405,36.0456756756757,69.0783783783784,"bound",70,0,12.7194974422455,0.01,1000,999.99,FALSE,FALSE,FALSE,FALSE,FALSE,1.00197690777226,0,FALSE,TRUE,51.0605405405405,1,0.705939954690776,1.35287205437107
"r_salina2","ErC10","B1",87.0962162162162,81.0902702702703,92.1011711711712,"floored",70,0,393.655129671097,0.01,1000,999.99,FALSE,FALSE,FALSE,FALSE,FALSE,1.00126455025926,0,FALSE,TRUE,51.0605405405405,1.70574410874214,1.58812009061845,1.80376412384522
"r_salina2","ErC10","B2",0.01,0.01,135.143783783784,"bound",70,0,403.049807071686,0.01,1000,999.99,TRUE,FALSE,TRUE,TRUE,FALSE,1.00909743388977,12,FALSE,FALSE,51.0605405405405,0.00019584594863543,0.00019584594863543,2.64673625373167
"r_salina2","ErC10","B3",87.0962162162162,81.0902702702703,91.1001801801802,"floored",70,0,9.11304664611816,0.01,1000,999.99,FALSE,FALSE,FALSE,FALSE,FALSE,1.00370023218836,0,FALSE,TRUE,51.0605405405405,1.70574410874214,1.58812009061845,1.7841601208246
"r_salina2","ErC10","C",65.0744144144144,56.0654954954955,75.0843243243243,"censored",70,21,33.8929679393768,0.01,1000,999.99,FALSE,FALSE,FALSE,FALSE,FALSE,1.00145949695444,0,FALSE,TRUE,51.0605405405405,1.27445604228861,1.09802001510308,1.47049607249476
"r_salina2","ErC10","D",87.2929229229229,74.0803703703704,93.699009009009,"bound",50,0,701.936048269272,0.01,200,199.99,FALSE,FALSE,FALSE,FALSE,FALSE,1.00209183732688,0,FALSE,TRUE,51.0605405405405,1.70959652989993,1.45083404104492,1.83505713055691
"r_salina2","ErC50","A",134.142792792793,121.12990990991,149.157657657658,"bound",70,0,12.7194974422455,0.01,1000,999.99,FALSE,FALSE,FALSE,FALSE,FALSE,1.00197690777226,0,FALSE,TRUE,134.142792792793,1,0.902992306839894,1.11193195364628
"r_salina2","ErC50","B1",108.117027027027,104.113063063063,111.12,"floored",70,0,393.655129671097,0.01,1000,999.99,FALSE,FALSE,FALSE,FALSE,FALSE,1.00126455025926,0,FALSE,TRUE,134.142792792793,0.805984613679787,0.776136092707447,0.828371004409043
"r_salina2","ErC50","B2",113.121981981982,0.01,152.160630630631,"bound",70,0,403.049807071686,0.01,1000,999.99,FALSE,FALSE,FALSE,TRUE,FALSE,1.00909743388977,12,FALSE,FALSE,134.142792792793,0.843295264895213,7.45474266026856e-05,1.13431834437553
"r_salina2","ErC50","B3",108.117027027027,104.113063063063,111.12,"floored",70,0,9.11304664611816,0.01,1000,999.99,FALSE,FALSE,FALSE,FALSE,FALSE,1.00370023218836,0,FALSE,TRUE,134.142792792793,0.805984613679787,0.776136092707447,0.828371004409043
"r_salina2","ErC50","C",117.125945945946,110.119009009009,124.132882882883,"censored",70,21,33.8929679393768,0.01,1000,999.99,FALSE,FALSE,FALSE,FALSE,FALSE,1.00145949695444,0,FALSE,TRUE,134.142792792793,0.873143785867553,0.820908874165957,0.925378697569149
"r_salina2","ErC50","D",107.712322322322,103.107947947948,113.317647647648,"bound",50,0,701.936048269272,0.01,200,199.99,FALSE,FALSE,FALSE,FALSE,FALSE,1.00209183732688,0,FALSE,TRUE,134.142792792793,0.802967644252811,0.768643218180318,0.844753902080203
"r_salina2","NSEC","A",47.7235102902257,32.3140118865522,66.3176395830621,"bound",70,0,12.7194974422455,0.01,1000,999.99,FALSE,FALSE,FALSE,FALSE,FALSE,1.00197690777226,0,FALSE,TRUE,47.7235102902257,1,0.677108865002549,1.38962199510803
"r_salina2","NSEC","B1",84.4992990578232,77.4677019393774,89.9051985090134,"floored",70,0,393.655129671097,0.01,1000,999.99,FALSE,FALSE,FALSE,FALSE,FALSE,1.00126455025926,0,FALSE,TRUE,47.7235102902257,1.77060108411869,1.6232607674554,1.88387647853781
"r_salina2","NSEC","B2",117.230400019678,75.6530252196199,168.294551600352,"bound",70,0,403.049807071686,0.01,1000,999.99,FALSE,FALSE,FALSE,FALSE,FALSE,1.00909743388977,12,FALSE,TRUE,47.7235102902257,2.45644964728607,1.5852359719464,3.52644955446248
"r_salina2","NSEC","B3",84.5305931958752,77.8074201217663,89.6859293454171,"floored",70,0,9.11304664611816,0.01,1000,999.99,FALSE,FALSE,FALSE,FALSE,FALSE,1.00370023218836,0,FALSE,TRUE,47.7235102902257,1.77125682251391,1.63037923339227,1.87928190529157
"r_salina2","NSEC","C",58.6491683191372,49.0779564524646,69.5146107706226,"censored",70,21,33.8929679393768,0.01,1000,999.99,FALSE,FALSE,FALSE,FALSE,FALSE,1.00145949695444,0,FALSE,TRUE,47.7235102902257,1.22893659671026,1.02838110931074,1.45661143423601
"r_salina2","NSEC","D",84.6878795566382,70.0391450335747,92.926727063231,"bound",50,0,701.936048269272,0.01,200,199.99,FALSE,FALSE,FALSE,FALSE,FALSE,1.00209183732688,0,FALSE,TRUE,47.7235102902257,1.77455260607649,1.46760254238715,1.94718968697203
