"escalated","dataset","arm","model","wi","divergences","max_treedepth_hit","max_rhat","min_neff_ratio"
FALSE,"c_proliferum","A","nec4param",0.000537202643413471,0,0,1.52850349170262,0.000890589163398197
FALSE,"c_proliferum","A","neclin",0.0463034447121483,0,0,1.0007221665883,0.39822414896891
FALSE,"c_proliferum","A","ecxlin",0.0106144244495231,0,0,1.00086304037476,0.420576185905344
FALSE,"c_proliferum","A","ecx4param",1.94477214382597e-05,242,0,1.52901915592743,0.000895882673386635
FALSE,"c_proliferum","A","ecxwb1",1.59769194008921e-05,359,0,1.53094642623857,0.000894475411027303
FALSE,"c_proliferum","A","ecxwb2",2.06313249877789e-06,52,0,1.53393708586522,0.00089416580484328
FALSE,"c_proliferum","A","ecxll5",0.104706621584657,42,0,1.00786701260305,0.114066961415919
FALSE,"c_proliferum","A","ecxll4",0.837800818836921,556,0,1.73565744666947,0.000761287104834999
FALSE,"c_proliferum","B1","nec4param",0.610157151472624,0,0,1.0030920926733,0.196002775853933
FALSE,"c_proliferum","B1","neclin",0.000621870803726078,0,0,1.00140129248582,0.423101033784413
FALSE,"c_proliferum","B1","ecxlin",0.000233463289913981,0,0,1.0018466888429,0.394707111242268
FALSE,"c_proliferum","B1","ecx4param",0.000906800031104815,0,0,1.00159359220779,0.191864094065922
FALSE,"c_proliferum","B1","ecxwb1",0.00100201550920873,0,0,1.00074382762532,0.261127604558216
FALSE,"c_proliferum","B1","ecxwb2",0.00076311102358946,0,0,1.00197317092883,0.175182647365107
FALSE,"c_proliferum","B1","ecxll5",0.385491827268764,1589,1837,1.02095975630231,0.0265113243232874
FALSE,"c_proliferum","B1","ecxll4",0.000823760601069707,0,0,1.00553105238218,0.172516334748917
FALSE,"c_proliferum","B2","nec4param",0.100580459485254,1,0,1.00796440551458,0.033088528624974
FALSE,"c_proliferum","B2","ecx4param",0.17393205165961,86,0,1.00252119672335,0.0845117667428833
FALSE,"c_proliferum","B2","ecxwb1",0.260250805015995,39,0,1.00268488804015,0.137337736665873
FALSE,"c_proliferum","B2","ecxwb2",0.137333814178532,78,0,1.00235781389323,0.126102154450723
FALSE,"c_proliferum","B2","ecxll5",0.159257549558311,1325,0,1.00252633111036,0.117753432873154
FALSE,"c_proliferum","B2","ecxll4",0.168645320102298,71,0,1.00440737547182,0.118538318540354
FALSE,"c_proliferum","B3","nec4param",0.559029457498808,0,0,1.002734335954,0.335732879721065
FALSE,"c_proliferum","B3","ecx4param",0.00018258221864856,0,0,1.00181310628659,0.339719415801305
FALSE,"c_proliferum","B3","ecxwb1",0.001848422142432,0,0,1.00112188287632,0.366832047698118
FALSE,"c_proliferum","B3","ecxwb2",8.46101249689435e-05,0,0,1.00127977928219,0.373274056784622
FALSE,"c_proliferum","B3","ecxll5",0.438660850291092,1980,0,1.00649284043756,0.0701113471997378
FALSE,"c_proliferum","B3","ecxll4",0.000194077724050606,0,0,1.00259173915698,0.365087894697389
FALSE,"c_proliferum","C","nec4param",0.380230887022614,0,0,1.00139504375874,0.284246257088692
FALSE,"c_proliferum","C","neclin",0.462858129885718,0,0,1.00160539066297,0.310929410110716
FALSE,"c_proliferum","C","ecxlin",0.00757093818239839,0,0,1.00165593908408,0.408518137552802
FALSE,"c_proliferum","C","ecx4param",0.00548860623540043,0,0,1.00193802418644,0.180110527939364
FALSE,"c_proliferum","C","ecxwb1",1.54775797681647e-10,1120,0,1.53378147497977,0.000894969034921385
FALSE,"c_proliferum","C","ecxwb2",0.00668233775490605,0,0,1.0021352454063,0.214995417874903
FALSE,"c_proliferum","C","ecxll5",0.13068450157652,1680,0,1.00463859456768,0.0785026994061353
FALSE,"c_proliferum","C","ecxll4",0.00648459918766719,0,0,1.00121830847322,0.223401393464618
FALSE,"c_proliferum","C2","nec4param",0.391542073029277,0,0,1.00318959017317,0.260451781187616
FALSE,"c_proliferum","C2","neclin",0.48731812972464,0,0,1.00249065036255,0.305243523494762
FALSE,"c_proliferum","C2","ecxlin",0.00581990631532485,0,0,1.00133876626769,0.40727824220425
FALSE,"c_proliferum","C2","ecx4param",0.00422466374620126,0,0,1.00151743248149,0.19866333954458
FALSE,"c_proliferum","C2","ecxwb1",0.00495597773738614,0,0,1.00131967527569,0.224995977263112
FALSE,"c_proliferum","C2","ecxwb2",0.00453412967318547,0,0,1.00238638085268,0.223227700357033
FALSE,"c_proliferum","C2","ecxll5",0.0970141352053552,1641,0,1.00898256508734,0.0863354480211882
FALSE,"c_proliferum","C2","ecxll4",0.00459098456862972,0,0,1.00231345813661,0.203928818572987
FALSE,"c_proliferum","D","nec4param",0.421891084190287,0,0,1.00118034953438,0.290881882257055
FALSE,"c_proliferum","D","neclin",0.404081314654351,0,0,1.0011723884565,0.314648188076923
FALSE,"c_proliferum","D","ecxlin",0.000656779720141947,0,0,1.00082236789219,0.366841088446604
FALSE,"c_proliferum","D","ecx4param",0.000550528996988825,696,0,1.53116618605737,0.000895942888964011
FALSE,"c_proliferum","D","ecxwb1",0.000510794676761166,0,0,1.00188342490386,0.235269621144144
FALSE,"c_proliferum","D","ecxwb2",0.000577408831550203,0,0,1.00191821748379,0.235838845814238
FALSE,"c_proliferum","D","ecxll5",0.171142424767903,1171,0,1.00326958178631,0.113593131597269
FALSE,"c_proliferum","D","ecxll4",0.000589664162016844,0,0,1.00176008034906,0.234248655659004
FALSE,"c_proliferum","SQ","nec3param",0.217635612469975,0,0,1.00121905707257,0.269531243367557
FALSE,"c_proliferum","SQ","nec4param",0.155768423541994,0,0,1.00174618297905,0.289726424982973
FALSE,"c_proliferum","SQ","ecxexp",2.15472429490013e-09,0,0,1.00060829756275,0.377244918067087
FALSE,"c_proliferum","SQ","ecxsigm",0.000380184098102249,0,0,1.00322157084455,0.310276006905511
FALSE,"c_proliferum","SQ","ecx4param",1.99764908224569e-06,777,0,1.15640166299695,0.00242890072277909
FALSE,"c_proliferum","SQ","ecxwb1",6.76504370453433e-08,3407,0,1.67103611359915,0.000799377370743918
FALSE,"c_proliferum","SQ","ecxwb2",0.522356886519135,0,0,1.00185984912883,0.320485637163954
FALSE,"c_proliferum","SQ","ecxwb1p3",2.09584545425847e-37,0,0,1.27856940279704,0.00133564039934545
FALSE,"c_proliferum","SQ","ecxwb2p3",0.00272181237501323,0,0,1.00273503659286,0.149192204873513
FALSE,"c_proliferum","SQ","ecxll5",0.101055822760116,2376,0,1.00351764428354,0.102969209770711
FALSE,"c_proliferum","SQ","ecxll4",5.05720619706288e-06,1440,0,1.24071090160574,0.00165515204424522
FALSE,"c_proliferum","SQ","ecxll3",7.41335752238946e-05,0,0,1.00112923000036,0.335398772223254
FALSE,"c_proliferum2","A","nec4param",1.06753746529588e-07,0,0,1.00189730265719,0.297429840524368
FALSE,"c_proliferum2","A","neclin",0.0541356656546994,0,0,1.00102984910778,0.356643432666379
FALSE,"c_proliferum2","A","ecxlin",2.67910102082843e-27,0,0,1.00099742848833,0.361722228519117
FALSE,"c_proliferum2","A","ecx4param",0.0331040490096245,0,0,1.0038043468814,0.17674068097312
FALSE,"c_proliferum2","A","ecxwb1",0.0186322592929378,0,0,1.00391864377321,0.168535507826571
FALSE,"c_proliferum2","A","ecxwb2",0.777423640873632,0,0,1.00271287309164,0.204611276934983
FALSE,"c_proliferum2","A","ecxll5",0.0801075249661877,0,0,1.00214752517718,0.203827672755063
FALSE,"c_proliferum2","A","ecxll4",0.0365967534491723,0,0,1.00281734812288,0.190343256220282
FALSE,"c_proliferum2","B1","nec4param",0.0015735143012686,0,0,1.00218160329428,0.238924831000191
FALSE,"c_proliferum2","B1","neclin",4.49788774826299e-18,0,0,1.00154821277565,0.387015396089253
FALSE,"c_proliferum2","B1","ecxlin",8.79648897493719e-19,0,0,1.00152954175462,0.374893322683322
FALSE,"c_proliferum2","B1","ecx4param",0.194197433811161,0,0,1.00214018120641,0.346159356498317
FALSE,"c_proliferum2","B1","ecxwb1",0.292313896634764,0,0,1.0017967827828,0.357695912326778
FALSE,"c_proliferum2","B1","ecxwb2",0.201080713590627,0,0,1.00116039988363,0.35801292363351
FALSE,"c_proliferum2","B1","ecxll5",0.130013916585166,0,0,1.00303473733434,0.236431678496795
FALSE,"c_proliferum2","B1","ecxll4",0.180820525077014,0,0,1.00138437943812,0.394375253980346
FALSE,"c_proliferum2","B2","nec4param",0.0621384920336887,0,7828,1.93668081042797,0.000692723311971017
FALSE,"c_proliferum2","B2","ecx4param",0.212205720026211,286,0,1.00289179537585,0.0753406373397234
FALSE,"c_proliferum2","B2","ecxwb1",0.17766207157575,437,0,1.01224312581331,0.025537495810462
FALSE,"c_proliferum2","B2","ecxwb2",0.187285180042507,435,0,1.00414250303802,0.0955615402254785
FALSE,"c_proliferum2","B2","ecxll5",0.195783468929701,2400,0,1.00459270564726,0.0967017589887203
FALSE,"c_proliferum2","B2","ecxll4",0.164925067392143,326,0,1.00366217752987,0.0988071301314633
FALSE,"c_proliferum2","B3","nec4param",0.000508231452802602,0,0,1.00123518138297,0.193229750728658
FALSE,"c_proliferum2","B3","ecx4param",0.167771058474009,0,0,1.00193823513564,0.376009497600978
FALSE,"c_proliferum2","B3","ecxwb1",0.358585162006217,0,0,1.00153496564961,0.37008049345652
FALSE,"c_proliferum2","B3","ecxwb2",0.143285862699782,0,0,1.00186226301483,0.420848062859362
FALSE,"c_proliferum2","B3","ecxll5",0.167139171336816,1,0,1.00328358882837,0.193064336184178
FALSE,"c_proliferum2","B3","ecxll4",0.162710514030374,0,0,1.00121414660267,0.437584361664007
FALSE,"c_proliferum2","C","nec4param",0.223270705488448,0,0,1.0011797890093,0.268230224284723
FALSE,"c_proliferum2","C","neclin",0.420230015033886,0,0,1.00203635291431,0.36795477247998
FALSE,"c_proliferum2","C","ecxlin",3.27701560493617e-12,0,0,1.00201521082312,0.360102297042587
FALSE,"c_proliferum2","C","ecx4param",0.0545752970660782,0,0,1.0017656812955,0.134787534466566
FALSE,"c_proliferum2","C","ecxwb1",0.0521803016177988,0,0,1.00257902873984,0.160144968666881
FALSE,"c_proliferum2","C","ecxwb2",0.137316793226702,0,0,1.00203547465501,0.14418374850055
FALSE,"c_proliferum2","C","ecxll5",0.0619854827072072,1183,0,1.00314582047177,0.0998039177252532
FALSE,"c_proliferum2","C","ecxll4",0.0504414048566029,0,0,1.0023977130712,0.173990255355106
FALSE,"c_proliferum2","C2","nec4param",0.24991207596036,0,0,1.00185571640261,0.280253985655629
FALSE,"c_proliferum2","C2","neclin",0.390048398638175,0,0,1.00349594093734,0.285853334535954
FALSE,"c_proliferum2","C2","ecx4param",0.0578435657990805,0,0,1.00366874895186,0.148940212773796
FALSE,"c_proliferum2","C2","ecxwb1",0.0516981647840073,0,0,1.00255062377636,0.157616676236405
FALSE,"c_proliferum2","C2","ecxwb2",0.125149552003884,0,0,1.00217033446939,0.176294452171725
FALSE,"c_proliferum2","C2","ecxll5",0.0719141274302312,1081,0,1.0068020027714,0.109137378844168
FALSE,"c_proliferum2","C2","ecxll4",0.0534341153842619,0,0,1.00257608351379,0.166224006408594
FALSE,"c_proliferum2","D","nec4param",0.259894071124018,0,0,1.00263537344668,0.254047364959808
FALSE,"c_proliferum2","D","neclin",0.377724849476782,0,0,1.00370963432714,0.292941476493478
FALSE,"c_proliferum2","D","ecxlin",7.4404171607895e-08,0,0,1.00177688323505,0.375509483788252
FALSE,"c_proliferum2","D","ecx4param",0.0436056812197936,0,0,1.00339960058981,0.123055855800199
FALSE,"c_proliferum2","D","ecxwb1",0.0605775719977784,0,0,1.00588273302206,0.133973811858965
FALSE,"c_proliferum2","D","ecxwb2",0.108569671122667,0,0,1.00240525634748,0.215906581881482
FALSE,"c_proliferum2","D","ecxll5",0.102177458231303,965,0,1.00495622666431,0.0961215330110335
FALSE,"c_proliferum2","D","ecxll4",0.047450622423487,0,0,1.00461344613058,0.152151625268932
FALSE,"c_proliferum2","SQ","nec3param",0.000739044173435056,0,0,1.00286332422155,0.124845563576035
FALSE,"c_proliferum2","SQ","nec4param",0.000461529627619056,0,0,1.0074274212981,0.070562156055243
FALSE,"c_proliferum2","SQ","ecxexp",1.04809445974114e-14,0,0,1.00116689212149,0.361952025446844
FALSE,"c_proliferum2","SQ","ecxsigm",2.20443805219073e-06,0,0,1.00319026760728,0.211690961160646
FALSE,"c_proliferum2","SQ","ecx4param",0.242178666694273,0,0,1.00090867030182,0.435109471246685
FALSE,"c_proliferum2","SQ","ecxwb1",0.162702873679125,0,0,1.00308870815705,0.381494051739377
FALSE,"c_proliferum2","SQ","ecxwb2",0.229782957181926,0,0,1.0018556724618,0.404496721312258
FALSE,"c_proliferum2","SQ","ecxll5",0.0974601601470835,19,0,1.0032766013405,0.243030439707664
FALSE,"c_proliferum2","SQ","ecxll4",0.266601053770122,0,0,1.00155710335278,0.403664265552484
FALSE,"c_proliferum2","SQ","ecxll3",7.15102883540824e-05,0,0,1.00220684000885,0.354854162448286
FALSE,"r_salina","A","nec4param",0.339474811384339,0,0,1.0020058676549,0.134785232473294
FALSE,"r_salina","A","neclin",1.48872955040211e-28,0,0,1.00195931249544,0.413711644042339
FALSE,"r_salina","A","ecxlin",5.23632706160386e-28,0,0,1.00080668492176,0.386039206246283
FALSE,"r_salina","A","ecx4param",0.303285567325825,307,626,1.00947069238783,0.0440250967705164
FALSE,"r_salina","A","ecxwb1",6.62204609673668e-67,1959,0,2.23966807066164,0.000654523257849841
FALSE,"r_salina","A","ecxwb2",0.129614552685525,6,50,1.00914274461456,0.0697627107409711
FALSE,"r_salina","A","ecxll5",0.22762506860431,2075,0,1.0059436062156,0.110046288120406
FALSE,"r_salina","A","ecxll4",1.09558121052249e-60,367,0,1.73862988856418,0.000761167447145782
FALSE,"r_salina","B1","nec4param",0.118546302719723,85,0,1.00883522936046,0.00938944009271002
FALSE,"r_salina","B1","neclin",5.0483933006016e-60,0,0,1.001466946928,0.406754414487551
FALSE,"r_salina","B1","ecxlin",1.89536768405028e-59,0,0,1.00093760951178,0.423704854263678
FALSE,"r_salina","B1","ecx4param",0.285137054342016,9,0,1.00466825121505,0.163748056305207
FALSE,"r_salina","B1","ecxwb1",2.60918371365394e-29,1729,0,1.68101019304868,0.000789540834752542
FALSE,"r_salina","B1","ecxwb2",0.173993575905338,2,0,1.00239618853232,0.237560327123447
FALSE,"r_salina","B1","ecxll5",0.125700523679696,2133,0,1.00549874148882,0.109000249538004
FALSE,"r_salina","B1","ecxll4",0.296622543353227,157,0,1.02029212884088,0.00670306825151252
FALSE,"r_salina","B2","nec4param",0.109910658006199,1,0,1.00335445188307,0.0718964716930418
FALSE,"r_salina","B2","ecx4param",0.150924175581938,3,0,1.00160705319351,0.229037604987021
FALSE,"r_salina","B2","ecxwb1",0.341779952904549,76,0,1.00868805232515,0.0260796508410613
FALSE,"r_salina","B2","ecxwb2",0.113355373211016,20,0,1.00419318560275,0.052384790702554
FALSE,"r_salina","B2","ecxll5",0.138166191522409,1337,0,1.00169736794072,0.135352506035676
FALSE,"r_salina","B2","ecxll4",0.145863648773889,28,0,1.00142597817349,0.112919033944054
FALSE,"r_salina","B3","nec4param",0.119024743949806,4,0,1.00180021040763,0.155003852040016
FALSE,"r_salina","B3","ecx4param",0.283061255922874,25,0,1.00340459473136,0.104150348180364
FALSE,"r_salina","B3","ecxwb1",2.66809384885018e-23,288,0,1.93296583491103,0.000690251968571343
FALSE,"r_salina","B3","ecxwb2",0.16801103410114,3,0,1.0031921970081,0.266115539166969
FALSE,"r_salina","B3","ecxll5",0.134084664135422,2193,0,1.01113659956485,0.0876280104409875
FALSE,"r_salina","B3","ecxll4",0.295818301890758,51,0,1.00098363211389,0.168203956910786
FALSE,"r_salina","C","nec4param",0.353517212596425,18,0,1.00165103219559,0.261748384470277
FALSE,"r_salina","C","neclin",0.304289352778529,4,0,1.00511462730625,0.0941564855599511
FALSE,"r_salina","C","ecxlin",1.34450243020265e-56,0,0,1.0010701047961,0.362390274084865
FALSE,"r_salina","C","ecx4param",6.05727926800598e-31,535,0,1.53711528028153,0.000892655650980267
FALSE,"r_salina","C","ecxwb1",2.14246195913798e-43,956,0,1.73550253400505,0.000761844880470673
FALSE,"r_salina","C","ecxwb2",2.61726277167345e-43,18,0,1.73807858503289,0.000761875223920019
FALSE,"r_salina","C","ecxll5",0.342193434625047,2041,0,1.00330057568643,0.10864962266296
FALSE,"r_salina","C","ecxll4",9.98589251482281e-52,527,0,1.5303796209124,0.000894648160976238
FALSE,"r_salina","C2","nec4param",0.502515632266633,13,0,1.00325607412355,0.148304031665327
FALSE,"r_salina","C2","neclin",8.66123873772044e-74,0,0,1.00075066395846,0.405524360402808
FALSE,"r_salina","C2","ecxlin",6.6769468360779e-74,0,0,1.00131472514212,0.435334207721775
FALSE,"r_salina","C2","ecx4param",3.70053274064332e-48,286,130,1.73543225743646,0.000762867964605356
FALSE,"r_salina","C2","ecxwb1",3.28287116727162e-55,1847,4,2.39052048547524,0.000654359286627583
FALSE,"r_salina","C2","ecxwb2",1.2519060122263e-48,50,0,1.73497475640794,0.000762432072412168
FALSE,"r_salina","C2","ecxll5",0.497484367733367,2508,0,1.00634154379549,0.0919818135636407
FALSE,"r_salina","C2","ecxll4",5.59738608235476e-58,418,0,1.53134784668876,0.000890513947036879
FALSE,"r_salina","D","nec4param",0.353741966602243,18,0,1.00462750089342,0.143206583262869
FALSE,"r_salina","D","neclin",0.350895835391984,0,0,1.00260044734721,0.340932106187491
FALSE,"r_salina","D","ecxlin",2.36189715590774e-15,0,0,1.00202379274892,0.405134307308888
FALSE,"r_salina","D","ecx4param",1.18338171208674e-11,275,0,1.73933343148169,0.00075898949351234
FALSE,"r_salina","D","ecxwb1",1.31843156952185e-11,222,0,1.74058623992908,0.00076020681541184
FALSE,"r_salina","D","ecxwb2",1.93881412796855e-08,236,0,1.56629066927787,0.00087725534889331
FALSE,"r_salina","D","ecxll5",0.295362178588593,977,0,1.00230120873817,0.149033135807973
FALSE,"r_salina","D","ecxll4",4.01774131006056e-12,510,0,1.67831276964479,0.000792758949541319
FALSE,"r_salina","SQ","nec3param",1.1083904067347e-13,0,0,1.0050155923137,0.203332998873649
FALSE,"r_salina","SQ","nec4param",0.0239530801188718,2,0,1.00136366944028,0.249720256327425
FALSE,"r_salina","SQ","ecxexp",6.7666362025349e-25,0,0,1.00227754464431,0.354636447428907
FALSE,"r_salina","SQ","ecxsigm",3.1724784804445e-23,0,0,1.00262330901868,0.312741473068547
FALSE,"r_salina","SQ","ecx4param",0.457288840508578,0,0,1.00276128877364,0.105413814683913
FALSE,"r_salina","SQ","ecxwb1",4.90874324510475e-13,2035,0,1.59115642759219,0.000844875541477902
FALSE,"r_salina","SQ","ecxwb2",0.0237046993117408,2,0,1.00292294907542,0.0947994072956054
FALSE,"r_salina","SQ","ecxwb1p3",7.99101359528574e-67,0,0,1.00204458658668,0.315985949544929
FALSE,"r_salina","SQ","ecxwb2p3",1.67128709164891e-17,0,0,1.00353057384637,0.16177106232281
FALSE,"r_salina","SQ","ecxll5",0.0103111675048065,911,0,1.00476748729315,0.0904295875791461
FALSE,"r_salina","SQ","ecxll4",0.484742212555402,0,0,1.00155445914781,0.122971681135456
FALSE,"r_salina","SQ","ecxll3",6.11133308751122e-24,0,0,1.0019254140786,0.287656311573757
