"cell","arm","endpoint","n","bias","bias_mcse","rmse","rmse_mcse","coverage","coverage_mcse"
"d2.0_t0.8_R2.3_s8.1","A","ErC10",472,0.29851043950258,0.0181356634687665,0.493985284015709,0.0217753964932425,0.953389830508475,0.00970296800559384
"d2.0_t1.0_R2.3_s8.1","A","ErC10",480,0.467275958609606,0.0195565326814743,0.63367514498705,0.0276951880050124,0.914583333333333,0.012757404689877
"d2.0_t2.0_R2.3_s8.1","A","ErC10",495,1.05093728558866,0.0223762548937421,1.1626751003943,0.0258076031007133,0.765656565656566,0.0190388538999954
"d4.0_t0.8_R2.3_s8.1","A","ErC10",481,0.0565285096101042,0.0126280952789781,0.282383589782966,0.0253759751045716,0.960498960498961,0.00888137430359366
"d4.0_t1.0_R2.3_s8.1","A","ErC10",489,0.1524257308454,0.0122747242808189,0.311062703059649,0.0131109320639584,0.957055214723926,0.00916788770752134
"d4.0_t2.0_R17.0_s8.1","A","ErC10",498,0.0691631144832569,0.00402144941409597,0.113230066386628,0.00431388365681278,0.963855421686747,0.0083639775241039
"d4.0_t2.0_R2.3_s8.1","A","ErC10",495,0.376635869016202,0.0125118997270254,0.468176365711133,0.0136516505867699,0.901010101010101,0.0134232497599093
"d4.0_t2.0_R3.3_s8.1","A","ErC10",498,0.243020387024725,0.00874775377111659,0.311594186309002,0.00959158246795608,0.919678714859438,0.0121791988293302
"d4.0_t2.0_R73.0_s8.1","A","ErC10",498,0.0292879340381622,0.00249869867930945,0.0629348880982973,0.00303743627803467,0.981927710843373,0.00596941359239581
"d8.0_t0.8_R2.3_s8.1","A","ErC10",487,-0.0175591038349701,0.00734048041006702,0.162773742709529,0.00503927017448133,0.950718685831622,0.00980850176443198
"d8.0_t1.0_R2.3_s8.1","A","ErC10",484,0.0743155475164785,0.0090862074367293,0.213070123619891,0.00654528358744897,0.90495867768595,0.013330545716701
"d8.0_t2.0_R2.3_s8.1","A","ErC10",497,0.181662465179869,0.00693163404528535,0.23839638487602,0.00771219486606325,0.859154929577465,0.0156037281156477
"d2.0_t0.8_R2.3_s8.1","C","ErC10",466,0.261651690034277,0.0176040393248989,0.461048945508767,0.0224599187145465,0.954935622317597,0.00960972097535883
"d2.0_t1.0_R2.3_s8.1","C","ErC10",480,0.393672728839752,0.0193543105735335,0.578278920787556,0.027034625346264,0.91875,0.0124706687120218
"d2.0_t2.0_R2.3_s8.1","C","ErC10",488,0.687347916473237,0.0211156458147762,0.830413204911484,0.026404175835481,0.815573770491803,0.0175563026010503
"d4.0_t0.8_R2.3_s8.1","C","ErC10",478,0.0507590774496363,0.0127661742217617,0.283400170034769,0.0256732150261422,0.960251046025105,0.00893596169226817
"d4.0_t1.0_R2.3_s8.1","C","ErC10",489,0.118918984555646,0.0122426386033489,0.295439060508566,0.0143281825086622,0.957055214723926,0.00916788770752134
"d4.0_t2.0_R17.0_s8.1","C","ErC10",489,0.0469121072623384,0.0042601404532277,0.105153975617815,0.00433755007323448,0.928425357873211,0.0116573184339265
"d4.0_t2.0_R2.3_s8.1","C","ErC10",487,0.203195012942992,0.0114336438670814,0.323762450502551,0.0128818514744257,0.926078028747433,0.0118562153636341
"d4.0_t2.0_R3.3_s8.1","C","ErC10",483,0.134244883361373,0.00854494943176688,0.230684802729155,0.00902937902200786,0.927536231884058,0.0117964772109635
"d4.0_t2.0_R73.0_s8.1","C","ErC10",488,0.018926680463354,0.00244578176871109,0.0571959739270135,0.00300286003994537,0.959016393442623,0.00897445721347482
"d8.0_t0.8_R2.3_s8.1","C","ErC10",485,-0.0191416172724277,0.00731881768951017,0.162147791289277,0.00502132027898034,0.952577319587629,0.00965099960581802
"d8.0_t1.0_R2.3_s8.1","C","ErC10",485,0.0541454358188008,0.00898445419177671,0.204940015878034,0.00659890664418829,0.901030927835052,0.013559657791485
"d8.0_t2.0_R2.3_s8.1","C","ErC10",460,0.076749862373752,0.00686003055541327,0.165804373274418,0.00517818585045992,0.934782608695652,0.0115121942130757
"d2.0_t0.8_R2.3_s8.1","D","ErC10",470,0.294734424923799,0.0180634803277756,0.489793908744301,0.0218973036847278,0.95531914893617,0.00952984925558275
"d2.0_t1.0_R2.3_s8.1","D","ErC10",456,0.41448519605268,0.018451638121143,0.571584306732371,0.0202590739667564,0.927631578947368,0.0121333266477757
"d2.0_t2.0_R2.3_s8.1","D","ErC10",379,0.663739732293885,0.0243562874531704,0.815347101165578,0.0320384892755839,0.836411609498681,0.0190005713700026
"d4.0_t0.8_R2.3_s8.1","D","ErC10",481,0.0565285096101042,0.0126280952789781,0.282383589782966,0.0253759751045716,0.960498960498961,0.00888137430359366
"d4.0_t1.0_R2.3_s8.1","D","ErC10",478,0.115399991633079,0.0117257244783005,0.280893458814867,0.0112306924553455,0.96234309623431,0.0087070958131225
"d4.0_t2.0_R17.0_s8.1","D","ErC10",493,0.046683839801506,0.00418163584633418,0.103838968829026,0.00425567872272088,0.931034482758621,0.0114123589347867
"d4.0_t2.0_R2.3_s8.1","D","ErC10",450,0.232649475237113,0.0128551633643152,0.358225312350252,0.0147675977556816,0.904444444444444,0.0138583862583094
"d4.0_t2.0_R3.3_s8.1","D","ErC10",483,0.146882668672006,0.0086792708668091,0.240589805220215,0.00922326553179058,0.921325051759834,0.0122504236424462
"d4.0_t2.0_R73.0_s8.1","D","ErC10",493,0.0195299406543792,0.0024748832000047,0.0582661276726625,0.00307030075527042,0.949290060851927,0.00988149265026826
"d8.0_t0.8_R2.3_s8.1","D","ErC10",487,-0.0175591038349701,0.00734048041006702,0.162773742709529,0.00503927017448133,0.950718685831622,0.00980850176443198
"d8.0_t1.0_R2.3_s8.1","D","ErC10",462,0.0381991944100293,0.0091614839797568,0.200380123888332,0.00650115859531109,0.922077922077922,0.012470764746577
"d8.0_t2.0_R2.3_s8.1","D","ErC10",464,0.0827179558995086,0.00679316618011299,0.167953477647041,0.00519486458666248,0.952586206896552,0.00986609980051332
"d2.0_t0.8_R2.3_s8.1","B2","ErC10",492,0.344527108962121,0.0219159601094905,0.595424889303848,0.0315066783053022,0.914634146341463,0.0125974675387399
"d2.0_t1.0_R2.3_s8.1","B2","ErC10",476,0.643084029717633,0.0284316591756856,0.89304406942322,0.04051852835997,0.82563025210084,0.0173910135031121
"d2.0_t2.0_R2.3_s8.1","B2","ErC10",210,1.61529516579913,0.0400972503097766,1.71616038716568,0.0424829043041257,0.595238095238095,0.0338715855924935
"d4.0_t0.8_R2.3_s8.1","B2","ErC10",493,0.102332654155978,0.0145193578183281,0.337922112066194,0.0247565965272103,0.926977687626775,0.0117176081738643
"d4.0_t1.0_R2.3_s8.1","B2","ErC10",468,0.32235358075179,0.0179671271425743,0.504646091034321,0.0226904700995465,0.85042735042735,0.0164862460204606
"d4.0_t2.0_R17.0_s8.1","B2","ErC10",237,0.983697990601047,0.00615328019091117,0.988229412125541,0.00616153228883289,0.983122362869198,0.00836730186428771
"d4.0_t2.0_R2.3_s8.1","B2","ErC10",154,0.856666029383768,0.0221156754403514,0.899282747654009,0.0224205267969864,0.896103896103896,0.0245877310091306
"d4.0_t2.0_R3.3_s8.1","B2","ErC10",202,0.93435046891609,0.0143393227800294,0.956211090972846,0.0147239911458461,0.940594059405941,0.0166318427168904
"d4.0_t2.0_R73.0_s8.1","B2","ErC10",263,0.98669570484802,0.00376887748626488,0.988579777555776,0.00376693966934506,1,0
"d8.0_t0.8_R2.3_s8.1","B2","ErC10",486,0.0010155545119226,0.00821767699198953,0.180978412237851,0.00987769519236549,0.936213991769547,0.0110849092339659
"d8.0_t1.0_R2.3_s8.1","B2","ErC10",468,0.229335678755508,0.0101031784698287,0.316644141025029,0.00680980504054095,0.756410256410256,0.0198419923140459
"d8.0_t2.0_R2.3_s8.1","B2","ErC10",36,0.43221131851379,0.0270573808068465,0.46090149578393,0.0279308878977644,0.972222222222222,0.0273892582550908
"d2.0_t0.8_R2.3_s8.1","B3","ErC10",494,0.281222066353465,0.0201432115439899,0.528318174453554,0.0307069486351683,0.939271255060729,0.0107455634831115
"d2.0_t1.0_R2.3_s8.1","B3","ErC10",490,0.429616188275545,0.021996953324026,0.648984222833779,0.0321404624985594,0.86734693877551,0.0153234665026448
"d2.0_t2.0_R2.3_s8.1","B3","ErC10",475,0.728884721263024,0.026864632198454,0.93453878915092,0.0347572497051677,0.738947368421053,0.0201522706112424
"d4.0_t0.8_R2.3_s8.1","B3","ErC10",493,0.0836168073864503,0.0138795241177209,0.31901604321229,0.024703057476839,0.937119675456389,0.0109328013191208
"d4.0_t1.0_R2.3_s8.1","B3","ErC10",482,0.224747618164719,0.0153921467900075,0.405547947596811,0.0198303185283818,0.87344398340249,0.01514381892317
"d4.0_t2.0_R17.0_s8.1","B3","ErC10",427,0.289276334022021,0.00291999599940926,0.295487789717946,0.00404759655911221,0.0398126463700234,0.00946181770504291
"d4.0_t2.0_R2.3_s8.1","B3","ErC10",451,0.394310123586965,0.0166451701268496,0.529299757615156,0.0176615591217752,0.711751662971175,0.0213284541437427
"d4.0_t2.0_R3.3_s8.1","B3","ErC10",403,0.373055382786572,0.0149346010166679,0.478365264470481,0.0181116994585517,0.578163771712159,0.0246005519916146
"d4.0_t2.0_R73.0_s8.1","B3","ErC10",483,0.297799026759898,0.00161372192389409,0.299899042664215,0.00159039456186523,0,0
"d8.0_t0.8_R2.3_s8.1","B3","ErC10",488,-0.000915917082575861,0.00813236503258213,0.179467990801656,0.00965270519943066,0.936475409836066,0.0110410204417138
"d8.0_t1.0_R2.3_s8.1","B3","ErC10",479,0.173647038817461,0.0102927051583948,0.284240230580381,0.00700884526775879,0.778705636743215,0.0189672373306532
"d8.0_t2.0_R2.3_s8.1","B3","ErC10",409,0.210551773544019,0.00962781277612739,0.28662086301282,0.0167385685982838,0.709046454767726,0.0224588501594953
"d2.0_t0.8_R2.3_s8.1","B1","ErC10",467,0.24957236734436,0.0173552644673467,0.450164405464014,0.0223431874968469,0.952890792291221,0.00980428720822209
"d2.0_t1.0_R2.3_s8.1","B1","ErC10",480,0.348818710697919,0.0175575266978528,0.518974241352307,0.0195326286198524,0.922916666666667,0.0121742122482623
"d2.0_t2.0_R2.3_s8.1","B1","ErC10",477,0.677654005964092,0.0251826255597856,0.872397452838636,0.0315392491798683,0.769392033542977,0.0192864282597371
"d4.0_t0.8_R2.3_s8.1","B1","ErC10",481,0.042775986320287,0.0116593848451121,0.259001133954196,0.0117620621169919,0.958419958419958,0.00910223085244222
"d4.0_t1.0_R2.3_s8.1","B1","ErC10",482,0.0932740095086727,0.0119632794445342,0.27846146472634,0.0150714978808929,0.964730290456432,0.00840195555337651
"d4.0_t2.0_R17.0_s8.1","B1","ErC10",484,0.260524287634061,0.00309558120821446,0.269260675488043,0.00388447787643917,0.18595041322314,0.0176848476631952
"d4.0_t2.0_R2.3_s8.1","B1","ErC10",475,0.314126241240666,0.0152444902180481,0.456979518039768,0.0169287960934029,0.793684210526316,0.0185670667403922
"d4.0_t2.0_R3.3_s8.1","B1","ErC10",456,0.284254048876521,0.0122661263953656,0.386340121036657,0.015852479354283,0.739035087719298,0.0205655897048966
"d4.0_t2.0_R73.0_s8.1","B1","ErC10",500,0.264658104875564,0.00190531834595087,0.268058577997486,0.00190093533341883,0.018,0.005945754788082
"d8.0_t0.8_R2.3_s8.1","B1","ErC10",485,-0.0195586197546476,0.0073463878211595,0.162799680564322,0.00504801201774915,0.94639175257732,0.0102277571818571
"d8.0_t1.0_R2.3_s8.1","B1","ErC10",486,0.0341261783349924,0.00883150268135137,0.197464893737974,0.00640286853339665,0.895061728395062,0.0139019368900625
"d8.0_t2.0_R2.3_s8.1","B1","ErC10",422,0.159036613388339,0.00770338717106185,0.224222433340192,0.0116133231218645,0.803317535545024,0.0193495210168189
"d2.0_t0.8_R2.3_s8.1","E","ErC10",497,0.380266036898115,0.026584110977546,0.703656789369344,0.0556902448713687,0.909456740442656,0.0128718476601171
"d2.0_t1.0_R2.3_s8.1","E","ErC10",495,0.589367547385191,0.0267458781263746,0.837097994446153,0.0414290137102606,0.844444444444444,0.0162901733217062
"d2.0_t2.0_R2.3_s8.1","E","ErC10",499,0.551353106844237,0.0218352481579352,0.735816365244659,0.027793206226941,0.849699398797595,0.0159978912989565
"d4.0_t0.8_R2.3_s8.1","E","ErC10",499,0.040836678490188,0.0142065089134878,0.319650484550857,0.0247464657239841,0.953907815631262,0.00938677862974297
"d4.0_t1.0_R2.3_s8.1","E","ErC10",490,0.278754504035937,0.0164214515211024,0.457787946302237,0.0219651525786666,0.902040816326531,0.0134288132202773
"d4.0_t2.0_R17.0_s8.1","E","ErC10",462,0.246765280543259,0.00222415039629297,0.251343587982328,0.00215854833124811,0.441558441558442,0.0231026592914177
"d4.0_t2.0_R2.3_s8.1","E","ErC10",499,0.216095271155643,0.0116691216574343,0.338391828422791,0.0137178372249763,0.927855711422846,0.0115821964650757
"d4.0_t2.0_R3.3_s8.1","E","ErC10",493,0.247770692775401,0.00842187766810383,0.310301311210576,0.0108744391214806,0.874239350912779,0.0149335857795798
"d4.0_t2.0_R73.0_s8.1","E","ErC10",496,0.250037051606629,0.00141678496586763,0.252016131621952,0.00139721400870471,0.127016129032258,0.0149517390291499
"d8.0_t0.8_R2.3_s8.1","E","ErC10",494,-0.0961471978780784,0.00801798168479555,0.20233210965287,0.00760283266147488,0.951417004048583,0.00967306545282617
"d8.0_t1.0_R2.3_s8.1","E","ErC10",480,0.186504240417533,0.0102478839954571,0.291698462854748,0.0067326364885285,0.879166666666667,0.0148767603222336
"d8.0_t2.0_R2.3_s8.1","E","ErC10",500,0.0862323037190274,0.00585300133412641,0.15662236394818,0.00490764738012173,0.98,0.00626099033699941
"d2.0_t0.8_R2.3_s8.1","F","ErC10",500,0.561312809444122,0.0306365342934923,0.885116992024615,0.062869737491711,0.958,0.00897061870775924
"d2.0_t1.0_R2.3_s8.1","F","ErC10",498,1.39366688751821,0.0724706049375534,2.1336695427437,0.113258819398445,0.843373493975904,0.016286506329574
"d2.0_t2.0_R2.3_s8.1","F","ErC10",493,2.52621329441813,0.0780764150927125,3.06283357252885,0.14421791802829,0.498985801217039,0.0225188211297278
"d4.0_t0.8_R2.3_s8.1","F","ErC10",495,0.129843446521325,0.0190151172562736,0.442128052303668,0.0293112845859574,0.953535353535354,0.00946078382017284
"d4.0_t1.0_R2.3_s8.1","F","ErC10",496,0.8308196434182,0.0470108019021392,1.33574658904795,0.0570967529224205,0.770161290322581,0.0188912890197866
"d4.0_t2.0_R17.0_s8.1","F","ErC10",500,0.481198275737752,0.0132399939770341,0.564823161165,0.0224353350673696,0.916,0.0124051602166195
"d4.0_t2.0_R2.3_s8.1","F","ErC10",500,0.994893863029991,0.0398951619140952,1.3356774112137,0.0806268712123098,0.678,0.0208957411928843
"d4.0_t2.0_R3.3_s8.1","F","ErC10",500,0.796981400356614,0.0251873254126169,0.975574513747401,0.0322023371044343,0.668,0.0210606742532142
"d4.0_t2.0_R73.0_s8.1","F","ErC10",500,0.317803492786641,0.0062804661734817,0.347392779789904,0.00915698223009029,0.988,0.00486949689393063
"d8.0_t0.8_R2.3_s8.1","F","ErC10",495,0.0230879878555161,0.0121129232885825,0.270211348794214,0.0114581157758224,0.905050505050505,0.0131758953739668
"d8.0_t1.0_R2.3_s8.1","F","ErC10",497,0.550573580274289,0.0256803049229809,0.793871768940639,0.023735980450388,0.647887323943662,0.0214245829683044
"d8.0_t2.0_R2.3_s8.1","F","ErC10",500,0.173418004216288,0.0135483625747987,0.348811281765665,0.0190238339782983,0.906,0.0130509769749241
"d2.0_t0.8_R2.3_s8.1","A","ErC50",472,-0.317040058497476,0.0396944220203089,0.9179565356862,0.0335810412782123,0.75,0.0199310251294775
"d2.0_t1.0_R2.3_s8.1","A","ErC50",480,-0.367021441425009,0.0316296400152061,0.783525804000183,0.0220807076932363,0.804166666666667,0.0181132225464857
"d2.0_t2.0_R2.3_s8.1","A","ErC50",495,0.258147308402907,0.030430434484611,0.723940354061875,0.0232525704880087,0.913131313131313,0.0126588906043988
"d4.0_t0.8_R2.3_s8.1","A","ErC50",481,-0.193218596435513,0.0186738158964016,0.452454304954882,0.0144749010686615,0.750519750519751,0.019729978382767
"d4.0_t1.0_R2.3_s8.1","A","ErC50",489,-0.269428408284924,0.0138572572843487,0.407797957277779,0.0105769237694971,0.738241308793456,0.0198790349422176
"d4.0_t2.0_R17.0_s8.1","A","ErC50",498,-0.0302611867669005,0.00382895502843343,0.0905660258573532,0.00261428947524655,0.899598393574297,0.0134672832664945
"d4.0_t2.0_R2.3_s8.1","A","ErC50",495,-0.022109880667368,0.0120540885415255,0.26882627439146,0.00831149981767568,0.94949494949495,0.0098426294403511
"d4.0_t2.0_R3.3_s8.1","A","ErC50",498,-0.044357722378378,0.00844332194192877,0.193387127766767,0.00578777417334349,0.937751004016064,0.0108266793111035
"d4.0_t2.0_R73.0_s8.1","A","ErC50",498,-0.0188205201836853,0.00270859191236196,0.0632490129835848,0.00179219340522374,0.889558232931727,0.0140455643468501
"d8.0_t0.8_R2.3_s8.1","A","ErC50",487,-0.132010937313588,0.00916290877767179,0.241310819572245,0.00672241427982273,0.774127310061602,0.0189484450163804
"d8.0_t1.0_R2.3_s8.1","A","ErC50",484,-0.184886036043118,0.00645577708951699,0.233051207367397,0.00556693465022182,0.683884297520661,0.021134485015503
"d8.0_t2.0_R2.3_s8.1","A","ErC50",497,-0.0438873489224151,0.00557711374303844,0.13173375215191,0.0043926810009692,0.929577464788732,0.0114767897825852
"d2.0_t0.8_R2.3_s8.1","C","ErC50",466,-0.208731040921561,0.0399274376293589,0.885929893174257,0.0348802553786724,0.793991416309013,0.0187351685052413
"d2.0_t1.0_R2.3_s8.1","C","ErC50",480,-0.229441785778998,0.0341628024450576,0.782101674990262,0.0229002888868041,0.841666666666667,0.0166623258236013
"d2.0_t2.0_R2.3_s8.1","C","ErC50",488,0.119854696482441,0.0391040184733519,0.871233988811895,0.0283019297118157,0.829918032786885,0.0170073568725728
"d4.0_t0.8_R2.3_s8.1","C","ErC50",478,-0.172901690094484,0.0184884485901846,0.439254410625807,0.0145396385981203,0.765690376569038,0.0193734831393596
"d4.0_t1.0_R2.3_s8.1","C","ErC50",489,-0.199719622820127,0.0144238617537827,0.376052188174494,0.0108649980644498,0.79959100204499,0.0181024821476303
"d4.0_t2.0_R17.0_s8.1","C","ErC50",489,-0.0637633753853201,0.00446520336210075,0.117454382975725,0.00358390200914067,0.797546012269939,0.0181713256768826
"d4.0_t2.0_R2.3_s8.1","C","ErC50",487,-0.0334536373667507,0.0158561544316513,0.351152553267392,0.0109558004248067,0.850102669404518,0.0161758890260163
"d4.0_t2.0_R3.3_s8.1","C","ErC50",483,-0.071446825108927,0.0112289780672093,0.256671003355014,0.00809297839173746,0.821946169772257,0.0174069941304138
"d4.0_t2.0_R73.0_s8.1","C","ErC50",488,-0.0474739460977542,0.00297875576831735,0.081085878577467,0.00251688171691946,0.770491803278688,0.0190358906249034
"d8.0_t0.8_R2.3_s8.1","C","ErC50",485,-0.1284342875528,0.00908480387056947,0.237574532138201,0.00666214450062411,0.781443298969072,0.0187654908910553
"d8.0_t1.0_R2.3_s8.1","C","ErC50",485,-0.162057378999618,0.00653707684796383,0.216669210934224,0.00556313772554577,0.727835051546392,0.0202097857937328
"d8.0_t2.0_R2.3_s8.1","C","ErC50",460,-0.0510924223407752,0.00729773539469332,0.164485172427786,0.00541371339379961,0.85,0.0166485408683007
"d2.0_t0.8_R2.3_s8.1","D","ErC50",470,-0.312137319594436,0.0396995577335412,0.91465810387903,0.0337268255516201,0.753191489361702,0.0198876669638633
"d2.0_t1.0_R2.3_s8.1","D","ErC50",456,-0.27467131054054,0.0344645521602517,0.784790268565501,0.023768644628077,0.833333333333333,0.0174522461788206
"d2.0_t2.0_R2.3_s8.1","D","ErC50",379,-0.0553383141519471,0.037009013955908,0.721662315838141,0.0281245025627995,0.883905013192612,0.0164546984128064
"d4.0_t0.8_R2.3_s8.1","D","ErC50",481,-0.193218596435513,0.0186738158964016,0.452454304954882,0.0144749010686615,0.750519750519751,0.019729978382767
"d4.0_t1.0_R2.3_s8.1","D","ErC50",478,-0.198494635368744,0.0154437767119081,0.39136875748312,0.0112879329513194,0.834728033472803,0.0169886218141805
"d4.0_t2.0_R17.0_s8.1","D","ErC50",493,-0.0668849250248187,0.00448673893431283,0.119908130324,0.0037066311525691,0.793103448275862,0.0182439169116032
"d4.0_t2.0_R2.3_s8.1","D","ErC50",450,-0.0981705762862574,0.0166490824707225,0.366192089351849,0.014595977690009,0.831111111111111,0.0176613471298681
"d4.0_t2.0_R3.3_s8.1","D","ErC50",483,-0.0951347805574189,0.0109121779542148,0.257769429966499,0.0086246875141076,0.821946169772257,0.0174069941304138
"d4.0_t2.0_R73.0_s8.1","D","ErC50",493,-0.0486282264046997,0.00293054184941299,0.0811790463395444,0.00246149183509081,0.793103448275862,0.0182439169116032
"d8.0_t0.8_R2.3_s8.1","D","ErC50",487,-0.132010937313588,0.00916290877767179,0.241310819572245,0.00672241427982273,0.774127310061602,0.0189484450163804
"d8.0_t1.0_R2.3_s8.1","D","ErC50",462,-0.139775655449692,0.00742789594675139,0.212066690134587,0.00538248474420645,0.805194805194805,0.0184259446110573
"d8.0_t2.0_R2.3_s8.1","D","ErC50",464,-0.0744046384660116,0.00766045793065835,0.180848282540304,0.00630281710319073,0.829741379310345,0.0174488552367878
"d2.0_t0.8_R2.3_s8.1","B2","ErC50",492,-0.402201855654218,0.0415247654114238,1.00419153982013,0.0306821801700566,0.717479674796748,0.0202977125874099
"d2.0_t1.0_R2.3_s8.1","B2","ErC50",476,-0.728830532301559,0.0339464478467167,1.03854011597273,0.0244825190151117,0.649159663865546,0.0218739414954234
"d2.0_t2.0_R2.3_s8.1","B2","ErC50",210,-0.744505079817822,0.0431766049870978,0.971550117328398,0.0354788699235646,0.914285714285714,0.0193178115366518
"d4.0_t0.8_R2.3_s8.1","B2","ErC50",493,-0.271510784604709,0.0197874505372377,0.516098207658552,0.0141847326122461,0.709939148073022,0.0204376831541811
"d4.0_t1.0_R2.3_s8.1","B2","ErC50",468,-0.522994300312882,0.015408156871338,0.619995253535036,0.0130890741135128,0.510683760683761,0.0231072313235365
"d4.0_t2.0_R17.0_s8.1","B2","ErC50",237,-0.5846424024478,0.00565019575760272,0.591050734535838,0.00552846928063603,1,0
"d4.0_t2.0_R2.3_s8.1","B2","ErC50",154,-0.605188209573641,0.0226175134371756,0.666723489807667,0.0205229443252573,0.928571428571429,0.020753114398142
"d4.0_t2.0_R3.3_s8.1","B2","ErC50",202,-0.59526417703112,0.0134738491240033,0.625163904196358,0.0126637369417283,0.99009900990099,0.0069663123240623
"d4.0_t2.0_R73.0_s8.1","B2","ErC50",263,-0.583894383562598,0.00362212136621617,0.586830494361145,0.00359469528260119,1,0
"d8.0_t0.8_R2.3_s8.1","B2","ErC50",486,-0.15530804199092,0.00983876594024293,0.266588120125583,0.00723097018974984,0.748971193415638,0.0196687247745653
"d8.0_t1.0_R2.3_s8.1","B2","ErC50",468,-0.324402999247829,0.00674561117669544,0.355650577223924,0.00615081486685767,0.376068376068376,0.0223912830542498
"d8.0_t2.0_R2.3_s8.1","B2","ErC50",36,-0.384305096863423,0.0205841919913164,0.403137967788874,0.0208312119504328,1,0
"d2.0_t0.8_R2.3_s8.1","B3","ErC50",494,-0.227383219764195,0.0399958801603507,0.916700960249464,0.0312275483116902,0.777327935222672,0.0187185210163283
"d2.0_t1.0_R2.3_s8.1","B3","ErC50",490,-0.362247031330667,0.0343863236798259,0.84227425936948,0.0236347587557354,0.76734693877551,0.0190876396765863
"d2.0_t2.0_R2.3_s8.1","B3","ErC50",475,-0.335584700288932,0.0327964549077249,0.788958189328087,0.0221564584171171,0.755789473684211,0.019712232117586
"d4.0_t0.8_R2.3_s8.1","B3","ErC50",493,-0.230094281669254,0.0191408326729311,0.482905937383419,0.0136320206944402,0.740365111561866,0.0197460866353681
"d4.0_t1.0_R2.3_s8.1","B3","ErC50",482,-0.383409925173897,0.0147785436351792,0.50205193458719,0.011971080102971,0.663900414937759,0.0215160199885523
"d4.0_t2.0_R17.0_s8.1","B3","ErC50",427,-0.514424053286879,0.00443601624725591,0.522508408451255,0.00438486712885696,0.00234192037470726,0.00233917647174428
"d4.0_t2.0_R2.3_s8.1","B3","ErC50",451,-0.390774086026948,0.0143496209211892,0.495342927245379,0.0119684612307691,0.594235033259424,0.023122145464454
"d4.0_t2.0_R3.3_s8.1","B3","ErC50",403,-0.448380156499883,0.0110861069769807,0.500451071974767,0.00994633150051684,0.325062034739454,0.0233325674859222
"d4.0_t2.0_R73.0_s8.1","B3","ErC50",483,-0.516150943144747,0.00270357116753293,0.519552574135792,0.00269488407430034,0,0
"d8.0_t0.8_R2.3_s8.1","B3","ErC50",488,-0.150478445366114,0.0096739476493896,0.261189176002313,0.00702782818619391,0.766393442622951,0.0191539563673814
"d8.0_t1.0_R2.3_s8.1","B3","ErC50",479,-0.263732322234505,0.00671335865986052,0.301824134191182,0.00614378071629496,0.507306889352818,0.0228431435087454
"d8.0_t2.0_R2.3_s8.1","B3","ErC50",409,-0.272123764546768,0.00778506251210686,0.314291393685237,0.00663140401126739,0.440097799511002,0.0245453388369856
"d2.0_t0.8_R2.3_s8.1","B1","ErC50",467,-0.154137590867203,0.0401619848794131,0.880573347679798,0.0359455490045939,0.805139186295503,0.0183290222228712
"d2.0_t1.0_R2.3_s8.1","B1","ErC50",480,-0.130926945933296,0.0365213196459307,0.809960071206758,0.0248219801451022,0.85,0.0162980060130066
"d2.0_t2.0_R2.3_s8.1","B1","ErC50",477,-0.213249306273752,0.037414642295819,0.843686235927375,0.0281741370348315,0.794549266247379,0.0184992905837764
"d4.0_t0.8_R2.3_s8.1","B1","ErC50",481,-0.158360411005171,0.0182379982426051,0.429811375052376,0.0145930156182544,0.792099792099792,0.0185031160748882
"d4.0_t1.0_R2.3_s8.1","B1","ErC50",482,-0.147874230880875,0.0152244522020689,0.365177854795361,0.0113783053461582,0.846473029045643,0.0164200843610228
"d4.0_t2.0_R17.0_s8.1","B1","ErC50",484,-0.411077011124345,0.00457982862852718,0.423219980735468,0.00448572933788735,0.0206611570247934,0.00646578304960875
"d4.0_t2.0_R2.3_s8.1","B1","ErC50",475,-0.286609653575703,0.0159586952878656,0.450403588274663,0.0121681789070943,0.709473684210526,0.0208311899563216
"d4.0_t2.0_R3.3_s8.1","B1","ErC50",456,-0.353443400233376,0.0110737135946151,0.425108906730277,0.0095363180560235,0.515350877192982,0.0234036073921948
"d4.0_t2.0_R73.0_s8.1","B1","ErC50",500,-0.41295542134796,0.00297214157362027,0.418258483670036,0.0029464356175032,0.002,0.00199799899899875
"d8.0_t0.8_R2.3_s8.1","B1","ErC50",485,-0.125066539245307,0.00901725865293398,0.234512559979059,0.00660074781601081,0.785567010309278,0.0186365942324113
"d8.0_t1.0_R2.3_s8.1","B1","ErC50",486,-0.132803447568006,0.0066121975336442,0.197082511792788,0.00556468754440846,0.810699588477366,0.0177700078923398
"d8.0_t2.0_R2.3_s8.1","B1","ErC50",422,-0.223843916294403,0.00786742255989752,0.275979088064413,0.00678101533314802,0.599526066350711,0.0238525566762204
"d2.0_t0.8_R2.3_s8.1","E","ErC50",497,-0.692315441002753,0.0453009541528629,1.22359314628764,0.0367568923223898,0.641851106639839,0.0215065505694073
"d2.0_t1.0_R2.3_s8.1","E","ErC50",495,-0.917230233661601,0.0345805987738992,1.19668095182227,0.0263719015948577,0.549494949494949,0.0223629496064357
"d2.0_t2.0_R2.3_s8.1","E","ErC50",499,-0.436734320122361,0.0301703532714262,0.802521946242608,0.0204820114521335,0.861723446893788,0.0154528274333834
"d4.0_t0.8_R2.3_s8.1","E","ErC50",499,-0.446291031407531,0.0220056259183218,0.663574393417377,0.015380493037694,0.663326653306613,0.0211552333107481
"d4.0_t1.0_R2.3_s8.1","E","ErC50",490,-0.694863396275914,0.0149505673168916,0.769503838157086,0.0124522800620648,0.4,0.0221313334068995
"d4.0_t2.0_R17.0_s8.1","E","ErC50",462,-0.756417169256588,0.0048402061681613,0.763522793102498,0.00485539139422881,0,0
"d4.0_t2.0_R2.3_s8.1","E","ErC50",499,-0.535201116364026,0.0132671961573624,0.611635058599906,0.011448894822045,0.583166332665331,0.0220712710152918
"d4.0_t2.0_R3.3_s8.1","E","ErC50",493,-0.668348271781699,0.00993115089563672,0.703714622119394,0.00918317552749941,0.233265720081136,0.0190469061185797
"d4.0_t2.0_R73.0_s8.1","E","ErC50",496,-0.749115380260911,0.003105018914845,0.752293970773337,0.003112171486472,0,0
"d8.0_t0.8_R2.3_s8.1","E","ErC50",494,-0.207558710180357,0.0120573357619465,0.338751583893207,0.00900490513931481,0.787449392712551,0.0184068310804292
"d8.0_t1.0_R2.3_s8.1","E","ErC50",480,-0.429872702373411,0.00662777884134774,0.453686885341599,0.00629565571855779,0.241666666666667,0.0195396972473608
"d8.0_t2.0_R2.3_s8.1","E","ErC50",500,-0.329078204717878,0.00652260606786801,0.359891810671929,0.00598958385041853,0.476,0.0223349054173059
"d2.0_t0.8_R2.3_s8.1","F","ErC50",500,-0.18118273265995,0.0489167120582017,1.10763563376593,0.0396117765927412,0.806,0.0176841171676734
"d2.0_t1.0_R2.3_s8.1","F","ErC50",498,0.0573006723666648,0.0489217974824536,1.09214214949522,0.0363775282255909,0.869477911646586,0.0150958166500485
"d2.0_t2.0_R2.3_s8.1","F","ErC50",493,1.02139623413583,0.0735827044768832,1.92539402486555,0.118172662705405,0.835699797160243,0.0166886320144077
"d4.0_t0.8_R2.3_s8.1","F","ErC50",495,-0.366976505705485,0.0214022233316252,0.600791982741921,0.0150341753157217,0.703030303030303,0.02053716493429
"d4.0_t1.0_R2.3_s8.1","F","ErC50",496,-0.314873380115912,0.0240042455630826,0.619972684081114,0.012424684415193,0.782258064516129,0.0185312717940691
"d4.0_t2.0_R17.0_s8.1","F","ErC50",500,-0.74527595522282,0.00650322567837199,0.759302264978172,0.00561637045980941,0.374,0.0216390387956582
"d4.0_t2.0_R2.3_s8.1","F","ErC50",500,-0.281026111712805,0.0306765134585321,0.740647599045725,0.0610178848726735,0.892,0.0138806339912844
"d4.0_t2.0_R3.3_s8.1","F","ErC50",500,-0.53493268827648,0.0160738676076586,0.644266421367047,0.0121104481990813,0.8,0.0178885438199983
"d4.0_t2.0_R73.0_s8.1","F","ErC50",500,-0.789153734591109,0.00364434262400558,0.793341636476055,0.00358254994412104,0.116,0.0143208938268531
"d8.0_t0.8_R2.3_s8.1","F","ErC50",495,-0.240565513317711,0.0103112114736152,0.332256498404921,0.00835670005817622,0.567676767676768,0.0222665149294787
"d8.0_t1.0_R2.3_s8.1","F","ErC50",497,-0.238944753856487,0.0123714249975712,0.364703256093113,0.00752064485658678,0.694164989939638,0.0206679193608773
"d8.0_t2.0_R2.3_s8.1","F","ErC50",500,-0.445699521192404,0.00918105156154072,0.490621672341528,0.00754614469029609,0.586,0.0220274374360705
"d2.0_t0.8_R2.3_s8.1","A","NSEC",472,1.05371301081732,0.0194747267850013,1.1353170994589,0.0223778408878289,0.184322033898305,0.0178474836638429
"d2.0_t1.0_R2.3_s8.1","A","NSEC",480,1.27151419364331,0.0208952871990568,1.35125348644589,0.0253203482944542,0.0458333333333333,0.00954513825734609
"d2.0_t2.0_R2.3_s8.1","A","NSEC",495,2.11711676494849,0.0246759482377856,2.18700278751864,0.0263704503157197,0,0
"d4.0_t0.8_R2.3_s8.1","A","NSEC",481,0.448154945631588,0.0138828089084808,0.541622007699983,0.0225989061544804,0.62993762993763,0.0220147471045034
"d4.0_t1.0_R2.3_s8.1","A","NSEC",489,0.562491826791321,0.0133961166136465,0.635587566025586,0.0148092096473606,0.488752556237219,0.0226050601049697
"d4.0_t2.0_R17.0_s8.1","A","NSEC",498,0.231534968107546,0.00475116229206184,0.254612435654547,0.00514795958282465,0.417670682730924,0.0220997139452497
"d4.0_t2.0_R2.3_s8.1","A","NSEC",495,0.873503451052764,0.0134774829419288,0.923439059682543,0.0141956625728053,0.0909090909090909,0.0129212555367037
"d4.0_t2.0_R3.3_s8.1","A","NSEC",498,0.605578450416036,0.0098199377748124,0.643934433793673,0.0104481153510651,0.198795180722892,0.0178838093322822
"d4.0_t2.0_R73.0_s8.1","A","NSEC",498,0.133937144010645,0.00312811182244161,0.151004453847748,0.00359946080377922,0.58433734939759,0.0220845041667305
"d8.0_t0.8_R2.3_s8.1","A","NSEC",487,0.188403017744376,0.00831326327706194,0.262837070071306,0.00695414343545355,0.829568788501027,0.0170386933519449
"d8.0_t1.0_R2.3_s8.1","A","NSEC",484,0.28843448012323,0.00988449645452383,0.361088810143701,0.00920130294109377,0.619834710743802,0.0220648762668496
"d8.0_t2.0_R2.3_s8.1","A","NSEC",497,0.40538292205852,0.00741359222231771,0.43771696667773,0.00789437430566751,0.3158953722334,0.020852335394827
"d2.0_t0.8_R2.3_s8.1","C","NSEC",466,0.992608978951187,0.0185618533570711,1.07027323666319,0.022201303815254,0.214592274678112,0.0190178609479508
"d2.0_t1.0_R2.3_s8.1","C","NSEC",480,1.14406754583442,0.0205767500865897,1.22951226751421,0.0257913151699437,0.0895833333333333,0.0130350616705342
"d2.0_t2.0_R2.3_s8.1","C","NSEC",488,1.52397709787672,0.0227204945130936,1.60433966446964,0.0258209239040161,0.00614754098360656,0.00353835793728376
"d4.0_t0.8_R2.3_s8.1","C","NSEC",478,0.437129673956806,0.0140080282078234,0.533555627222631,0.0233755339662975,0.638075313807531,0.021980174012438
"d4.0_t1.0_R2.3_s8.1","C","NSEC",489,0.507365456372792,0.0133894187303612,0.58728754020633,0.0158324242721011,0.560327198364008,0.0224456001826962
"d4.0_t2.0_R17.0_s8.1","C","NSEC",489,0.199829714834084,0.0050368701904759,0.22871927083815,0.00549887246094615,0.462167689161554,0.0225459637882788
"d4.0_t2.0_R2.3_s8.1","C","NSEC",487,0.600417670768046,0.0123248761160114,0.659034163765573,0.0135597912205188,0.37782340862423,0.02197034030741
"d4.0_t2.0_R3.3_s8.1","C","NSEC",483,0.435628178013041,0.00965511137928796,0.484463121598283,0.0102088541664294,0.426501035196687,0.0225036413972105
"d4.0_t2.0_R73.0_s8.1","C","NSEC",488,0.122413686823523,0.00301945250089988,0.139374083710191,0.00357075287482517,0.491803278688525,0.0226308949280706
"d8.0_t0.8_R2.3_s8.1","C","NSEC",485,0.185853700550394,0.00827998017107486,0.260237784879209,0.00690448548067131,0.835051546391753,0.0168523277636227
"d8.0_t1.0_R2.3_s8.1","C","NSEC",485,0.260480252067627,0.00984317920730365,0.3387386003104,0.0093817177042969,0.663917525773196,0.0214491027733622
"d8.0_t2.0_R2.3_s8.1","C","NSEC",460,0.267953994164559,0.007496671032414,0.312402269731768,0.00695859912528795,0.65,0.0222388223022557
"d2.0_t0.8_R2.3_s8.1","D","NSEC",470,1.04902883651715,0.0193432521085959,1.12957655670018,0.0223101075280453,0.185106382978723,0.0179148108201517
"d2.0_t1.0_R2.3_s8.1","D","NSEC",456,1.19698876289232,0.0197189301956904,1.26874054603727,0.0215027393629791,0.0701754385964912,0.0119621888229048
"d2.0_t2.0_R2.3_s8.1","D","NSEC",379,1.48902131648937,0.0255113887309128,1.56945805357839,0.0298652696651555,0.0105540897097625,0.00524912378670277
"d4.0_t0.8_R2.3_s8.1","D","NSEC",481,0.448154945631588,0.0138828089084808,0.541622007699983,0.0225989061544804,0.62993762993763,0.0220147471045034
"d4.0_t1.0_R2.3_s8.1","D","NSEC",478,0.515631454693451,0.012799615532111,0.586534553394347,0.0138016474897003,0.562761506276151,0.022688586394333
"d4.0_t2.0_R17.0_s8.1","D","NSEC",493,0.2005252458524,0.00498772541812383,0.229019775147675,0.00543043459803982,0.466531440162272,0.0224683620477393
"d4.0_t2.0_R2.3_s8.1","D","NSEC",450,0.645148664905022,0.013920904842828,0.70938651275343,0.0155812594665812,0.342222222222222,0.0223659549235741
"d4.0_t2.0_R3.3_s8.1","D","NSEC",483,0.45862175645829,0.00976112077984202,0.506219936703803,0.0103972695308571,0.403726708074534,0.0223250712412105
"d4.0_t2.0_R73.0_s8.1","D","NSEC",493,0.123397808233877,0.00302392822320435,0.140449054433549,0.00366148091693088,0.498985801217039,0.0225188211297278
"d8.0_t0.8_R2.3_s8.1","D","NSEC",487,0.188403017744376,0.00831326327706194,0.262837070071306,0.00695414343545355,0.829568788501027,0.0170386933519449
"d8.0_t1.0_R2.3_s8.1","D","NSEC",462,0.244879614436691,0.0100620807138665,0.326558090466983,0.00945713847511526,0.722943722943723,0.0208216554144746
"d8.0_t2.0_R2.3_s8.1","D","NSEC",464,0.28251046882789,0.00745680902358115,0.324895086719253,0.00684155440833043,0.648706896551724,0.0221615472993762
"d2.0_t0.8_R2.3_s8.1","B2","NSEC",492,1.13350068601172,0.0244717910647808,1.25653024918898,0.0309540030756205,0.178861788617886,0.0172776377623489
"d2.0_t1.0_R2.3_s8.1","B2","NSEC",476,1.54427888662633,0.0307214838415192,1.68318353876118,0.0385334775555606,0.0315126050420168,0.00800729194529789
"d2.0_t2.0_R2.3_s8.1","B2","NSEC",210,2.89273662264331,0.0408971781300199,2.95254029886003,0.0420634371669094,0,0
"d4.0_t0.8_R2.3_s8.1","B2","NSEC",493,0.5310002070834,0.0163290503781523,0.642765167039032,0.0237103739293708,0.521298174442191,0.0224984285124152
"d4.0_t1.0_R2.3_s8.1","B2","NSEC",468,0.824584653429227,0.0195401165609893,0.926416750257334,0.0233506492816188,0.243589743589744,0.0198419923140459
"d4.0_t2.0_R17.0_s8.1","B2","NSEC",237,1.71707227981127,0.00660714581520552,1.72006966335396,0.00662823627738073,0,0
"d4.0_t2.0_R2.3_s8.1","B2","NSEC",154,1.61428806804463,0.022095145016173,1.63725986572809,0.022291443699442,0,0
"d4.0_t2.0_R3.3_s8.1","B2","NSEC",202,1.67705169312502,0.0146664484020381,1.68989302261065,0.0148590611275825,0,0
"d4.0_t2.0_R73.0_s8.1","B2","NSEC",263,1.72077082101371,0.00408729836375378,1.72204215759248,0.00409049382638394,0,0
"d8.0_t0.8_R2.3_s8.1","B2","NSEC",486,0.221636645353358,0.00935854026491688,0.302655259941363,0.0115717740674903,0.773662551440329,0.0189817330392998
"d8.0_t1.0_R2.3_s8.1","B2","NSEC",468,0.505127130079823,0.0110034502480403,0.558297296205446,0.00923598854297254,0.282051282051282,0.0208011729382727
"d8.0_t2.0_R2.3_s8.1","B2","NSEC",36,0.866312428716431,0.0256368959069847,0.879489050107877,0.0259642188962049,0.0555555555555556,0.0381769039409043
"d2.0_t0.8_R2.3_s8.1","B3","NSEC",494,1.02607914031875,0.0220920707634096,1.13730021558545,0.029373414519784,0.218623481781377,0.0185958102783729
"d2.0_t1.0_R2.3_s8.1","B3","NSEC",490,1.22703269251209,0.0234182041123004,1.3318343873372,0.0298638691817439,0.0795918367346939,0.0122271841886614
"d2.0_t2.0_R2.3_s8.1","B3","NSEC",475,1.60062803086197,0.0278145488058819,1.71135027932955,0.0332017230939569,0.00631578947368421,0.00363488949430474
"d4.0_t0.8_R2.3_s8.1","B3","NSEC",493,0.501115597308286,0.0155118991169579,0.607866265603925,0.0233651383320839,0.535496957403651,0.0224620466924264
"d4.0_t1.0_R2.3_s8.1","B3","NSEC",482,0.682876946715405,0.0166851805523747,0.774744499584724,0.0203360000581295,0.313278008298755,0.0211267120554059
"d4.0_t2.0_R17.0_s8.1","B3","NSEC",427,0.678855873096446,0.00322638573878845,0.682114192126247,0.00377925622194997,0,0
"d4.0_t2.0_R2.3_s8.1","B3","NSEC",451,0.883943518704394,0.0175985798062912,0.959544500947604,0.0191032079003129,0.0687361419068736,0.0119135359397102
"d4.0_t2.0_R3.3_s8.1","B3","NSEC",403,0.820434060640822,0.01618996590158,0.882316426351174,0.018939827607999,0.00992555831265509,0.0049380885595972
"d4.0_t2.0_R73.0_s8.1","B3","NSEC",483,0.67869072195183,0.00181852897219219,0.679864025388635,0.00180684970757816,0,0
"d8.0_t0.8_R2.3_s8.1","B3","NSEC",488,0.218470993032863,0.00923753316196389,0.298808078890143,0.0113469842424755,0.766393442622951,0.0191539563673814
"d8.0_t1.0_R2.3_s8.1","B3","NSEC",479,0.43027795279662,0.0111279437176892,0.494297883329911,0.00968666265031782,0.350730688935282,0.0218037686489037
"d8.0_t2.0_R2.3_s8.1","B3","NSEC",409,0.474877078971761,0.0102648547493781,0.518167999096134,0.0151033124258518,0.112469437652812,0.0156223824797766
"d2.0_t0.8_R2.3_s8.1","B1","NSEC",467,0.967450771137377,0.0182339445175327,1.04445926296711,0.0219905208203334,0.233404710920771,0.0195739935756202
"d2.0_t1.0_R2.3_s8.1","B1","NSEC",480,1.07863136870426,0.0186306491784588,1.15312924301364,0.0208733912461744,0.13125,0.0154126191195721
"d2.0_t2.0_R2.3_s8.1","B1","NSEC",477,1.52836905517849,0.0265584521404157,1.63452109981862,0.0311137383867447,0.00838574423480084,0.00417525492974542
"d4.0_t0.8_R2.3_s8.1","B1","NSEC",481,0.424358119825298,0.0127810085058126,0.508418940939434,0.0147187758975983,0.654885654885655,0.0216766270894802
"d4.0_t1.0_R2.3_s8.1","B1","NSEC",482,0.469666305404958,0.0131796308495631,0.551486556845076,0.0163319467933814,0.612033195020747,0.0221953119799387
"d4.0_t2.0_R17.0_s8.1","B1","NSEC",484,0.615840150723452,0.00357369316127084,0.62082817336261,0.00391946319116755,0,0
"d4.0_t2.0_R2.3_s8.1","B1","NSEC",475,0.778657823803075,0.0164362958504523,0.856948055519216,0.0184194916177972,0.183157894736842,0.0177474137675508
"d4.0_t2.0_R3.3_s8.1","B1","NSEC",456,0.699068607697399,0.0135991770721959,0.756864277147235,0.016397851569899,0.081140350877193,0.0127867628182428
"d4.0_t2.0_R73.0_s8.1","B1","NSEC",500,0.609476589604026,0.00223215766999348,0.611512873682432,0.00222676968914324,0,0
"d8.0_t0.8_R2.3_s8.1","B1","NSEC",485,0.184555443557223,0.0082978285230031,0.259588188317633,0.00693766369684226,0.837113402061856,0.0167673316487489
"d8.0_t1.0_R2.3_s8.1","B1","NSEC",486,0.232915880995226,0.009754680468432,0.316858637683697,0.00938939687422629,0.722222222222222,0.0203173021174192
"d8.0_t2.0_R2.3_s8.1","B1","NSEC",422,0.407852738902145,0.00841008865837554,0.442855523328717,0.0107159590228888,0.270142180094787,0.0216151924930788
"d2.0_t0.8_R2.3_s8.1","E","NSEC",497,1.22704877105727,0.0291483373386414,1.38818693592698,0.0463448763815825,0.189134808853119,0.0175663635576136
"d2.0_t1.0_R2.3_s8.1","E","NSEC",495,1.49998919009761,0.0285010082699489,1.62826516936804,0.0370178355262825,0.0444444444444444,0.00926262565066634
"d2.0_t2.0_R2.3_s8.1","E","NSEC",499,1.50041412679459,0.0224828161522498,1.58207778219291,0.0261667599905999,0.00801603206412826,0.00399191951710105
"d4.0_t0.8_R2.3_s8.1","E","NSEC",499,0.506782207425761,0.0161352314913082,0.621675447489944,0.0239112491188331,0.629258517034068,0.0216221994850072
"d4.0_t1.0_R2.3_s8.1","E","NSEC",490,0.806034053602061,0.0176688746536896,0.895740688415605,0.0213733153506102,0.310204081632653,0.0208971001489414
"d4.0_t2.0_R17.0_s8.1","E","NSEC",462,0.665828176295024,0.00275781771495566,0.668455924380516,0.00273454128236923,0,0
"d4.0_t2.0_R2.3_s8.1","E","NSEC",499,0.745827203875641,0.0122499357601758,0.794347883016577,0.0136522670489052,0.228456913827655,0.0187945517385785
"d4.0_t2.0_R3.3_s8.1","E","NSEC",493,0.733321300546496,0.00914460314221971,0.760856769054808,0.0103275833161534,0.0628803245436105,0.0109328013191208
"d4.0_t2.0_R73.0_s8.1","E","NSEC",496,0.651514142513007,0.00173876303168883,0.65266163503782,0.00172827081243929,0,0
"d8.0_t0.8_R2.3_s8.1","E","NSEC",494,0.137706570012626,0.00925672762535246,0.247400067795695,0.00955232269152394,0.917004048582996,0.0124122526203798
"d8.0_t1.0_R2.3_s8.1","E","NSEC",480,0.480979104942449,0.0109902407294808,0.537770491771423,0.00947606692416751,0.425,0.0225635676109372
"d8.0_t2.0_R2.3_s8.1","E","NSEC",500,0.366109458108018,0.0061606407755227,0.391120095627798,0.00585597871938908,0.51,0.0223562071917398
"d2.0_t0.8_R2.3_s8.1","F","NSEC",500,1.91031180974855,0.0325332501643399,2.04387841644906,0.0453421614513815,0.014,0.00525433154644813
"d2.0_t1.0_R2.3_s8.1","F","NSEC",498,3.0181730594801,0.0668466379572811,3.3660362001988,0.0943829015754035,0,0
"d2.0_t2.0_R2.3_s8.1","F","NSEC",493,4.61127488679503,0.0769255406675735,4.91683690746701,0.112703054377023,0,0
"d4.0_t0.8_R2.3_s8.1","F","NSEC",495,0.799651378662784,0.0204048725773915,0.919306035495082,0.0276479064673648,0.490909090909091,0.0224696138419391
"d4.0_t1.0_R2.3_s8.1","F","NSEC",496,1.67068660847255,0.0445604368347634,1.94269962848801,0.0550730083983125,0.0705645161290323,0.0114990502055629
"d4.0_t2.0_R17.0_s8.1","F","NSEC",500,1.32164489870466,0.0143766737412325,1.36010401199875,0.0186629207733391,0,0
"d4.0_t2.0_R2.3_s8.1","F","NSEC",500,1.97009825264728,0.0401997070372675,2.16510492391918,0.0657370449003607,0,0
"d4.0_t2.0_R3.3_s8.1","F","NSEC",500,1.71439642675082,0.0258325331462075,1.80890786737805,0.0303380728642418,0,0
"d4.0_t2.0_R73.0_s8.1","F","NSEC",500,1.1350295363102,0.00708863659139206,1.14602189503091,0.00815619087357378,0,0
"d8.0_t0.8_R2.3_s8.1","F","NSEC",495,0.332561786002954,0.0126443625766687,0.435405574797547,0.01506500417847,0.709090909090909,0.0204139480805014
"d8.0_t1.0_R2.3_s8.1","F","NSEC",497,0.977517059925776,0.024692644646041,1.12158996315735,0.0251908468061953,0.321931589537223,0.0209575426506603
"d8.0_t2.0_R2.3_s8.1","F","NSEC",500,0.678345768078487,0.0138982544797013,0.746016459861094,0.0176961113725846,0.212,0.0182787308093314
