"arm","x","est","lo","hi"
"A",0,0.11839387108,0.11115208375,0.12544669125
"A",0.0929558826346784,0.11839387108,0.11115208375,0.12544669125
"A",0.185911765269357,0.11839387108,0.11115208375,0.12544669125
"A",0.278867647904035,0.11839387108,0.11115208375,0.12544669125
"A",0.371823530538714,0.11839387108,0.11115208375,0.12544669125
"A",0.464779413173392,0.11839387108,0.11115208375,0.12544669125
"A",0.557735295808071,0.11839387108,0.11115208375,0.12544669125
"A",0.650691178442749,0.118393821528414,0.11115208375,0.12544669125
"A",0.743647061077427,0.11839342819791,0.11115208375,0.125419553
"A",0.836602943712106,0.118392359255465,0.11115208375,0.125419553
"A",0.929558826346784,0.11838899219485,0.11115208375,0.125419553
"A",1.02251470898146,0.118382500514011,0.11115208375,0.125392072297178
"A",1.11547059161614,0.118367016919244,0.11115208375,0.12537568325
"A",1.20842647425082,0.118336053323675,0.11112630675,0.125353300395658
"A",1.3013823568855,0.118275263153143,0.11109291725,0.12525219025
"A",1.39433823952018,0.118169468862516,0.1110441865,0.12508138625
"A",1.48729412215485,0.117999669041069,0.11080973825,0.124832935916626
"A",1.58025000478953,0.117742083097065,0.110355996128106,0.12464251625
"A",1.67320588742421,0.117363363638181,0.109539668507932,0.124405856624748
"A",1.76616177005889,0.116840946111509,0.108636549914786,0.124097084054461
"A",1.85911765269357,0.116149621730284,0.107255775253768,0.1235596325
"A",1.95207353532825,0.11526746151547,0.10569451573193,0.122976686
"A",2.04502941796293,0.114202749605766,0.104068525209146,0.12246625275
"A",2.1379853005976,0.1129741396674,0.102457264942154,0.121761078020426
"A",2.23094118323228,0.111600284066847,0.100775128876527,0.12115132825
"A",2.32389706586696,0.110117897055194,0.0990700749582949,0.120445770008964
"A",2.41685294850164,0.108546093089039,0.0974121222713423,0.119633182016271
"A",2.50980883113632,0.106900353200371,0.0957061528254722,0.118854400452018
"A",2.602764713771,0.105196571207779,0.0939820627922346,0.11779518525
"A",2.69572059640567,0.103452455050489,0.0923155711487615,0.116491174247379
"A",2.78867647904035,0.101682755006587,0.090663696124189,0.11519859207801
"A",2.88163236167503,0.0998989684252145,0.0890023800998756,0.113412523856013
"A",2.97458824430971,0.098105864281076,0.0873869396844526,0.111677444907972
"A",3.06754412694439,0.0963107105018639,0.0856797725888745,0.109661309969367
"A",3.16050000957907,0.094516755246237,0.0840434444508575,0.107758876702263
"A",3.25345589221374,0.092727109116584,0.0823249111782833,0.105776811762023
"A",3.34641177484842,0.0909432438762207,0.0805944875884372,0.103833352202084
"A",3.4393676574831,0.0891655253301844,0.0789484048910899,0.101883575023693
"A",3.53232354011778,0.0873939944588274,0.0772516564958726,0.0999586936160825
"A",3.62527942275246,0.0856289300310301,0.0756585296018048,0.0979726997425308
"A",3.71823530538714,0.0838703067429174,0.0740540434064859,0.096033695313305
"A",3.81119118802182,0.0821180342414704,0.0722867914798641,0.0940827479114749
"A",3.90414707065649,0.08037193059223,0.070646783573826,0.0922155980174582
"A",3.99710295329117,0.0786321944265284,0.068917093097226,0.0902205702028412
"A",4.09005883592585,0.076898800853508,0.0672836578352416,0.0882997157129123
"A",4.18301471856053,0.0751717250867156,0.0656690196189955,0.0864363497724647
"A",4.27597060119521,0.073450942443632,0.0639847507952759,0.0844750498351411
"A",4.36892648382989,0.0717364283452047,0.0623254622633234,0.0825295253912358
"A",4.46188236646456,0.0700281583153815,0.0606777150122945,0.0806722653102394
"A",4.55483824909924,0.068326107980648,0.059048825484109,0.0788227080946392
"A",4.64779413173392,0.0666302530695658,0.0574132552100238,0.0769872675581398
"A",4.7407500143686,0.064940569412314,0.0557583739163562,0.075187748202147
"A",4.83370589700328,0.0632570329402323,0.054067560581318,0.0734187755474238
"A",4.92666177963796,0.0615796196853668,0.0523840374675776,0.071677740122707
"A",5.01961766227264,0.0599083057800174,0.0507636533016936,0.0699470941723273
"A",5.11257354490731,0.0582430674562878,0.0491246098176029,0.0682109341508632
"A",5.20552942754199,0.0565838810456378,0.0474782526477542,0.0665424593769316
"A",5.29848531017667,0.0549307229784373,0.0458167434352533,0.0648036460157506
"A",5.39144119281135,0.0532835697835224,0.0442495124184156,0.0631512240576894
"A",5.48439707544603,0.0516423980877546,0.0426222379110065,0.0614589944409035
"A",5.57735295808071,0.0500071846155809,0.0410102739021072,0.0597672799223358
"A",5.67030884071538,0.0483779061885965,0.0393679802435028,0.0581031431634792
"A",5.76326472335006,0.0467545397251101,0.037730590463422,0.0563859275472009
"A",5.85622060598474,0.0451370622397104,0.0361106277696754,0.0547390794908261
"A",5.94917648861942,0.0435254508428352,0.0344601598215156,0.0530757592764651
"A",6.0421323712541,0.0419196827403428,0.0328003924230845,0.0514301517759155
"A",6.13508825388878,0.0403197352330846,0.0311934695398004,0.0497930555277058
"A",6.22804413652345,0.038725585716481,0.0295839285196071,0.0481513954658414
"A",6.32100001915813,0.0371372116800978,0.0279525663116219,0.046550458118004
"A",6.41395590179281,0.0355545907072262,0.0263361591885591,0.0449686844067355
"A",6.50691178442749,0.0339777004744637,0.024740729778694,0.0433516470625109
"A",6.59986766706217,0.0324065187512974,0.0231558366905781,0.0417194467443945
"A",6.69282354969685,0.0308410233996894,0.0215850759338976,0.0401748923790844
"A",6.78577943233153,0.029281192373664,0.0200276858722734,0.0385964168874735
"A",6.8787353149662,0.0277270037188969,0.0184638758770445,0.0369856423979708
"A",6.97169119760088,0.0261784355723066,0.0169026465053751,0.0354127649039999
"A",7.06464708023556,0.0246354661616472,0.0153187332755537,0.0338370270574784
"A",7.15760296287024,0.0230980738051041,0.0137755531560535,0.0322883753521855
"A",7.25055884550492,0.0215662369108903,0.0121960023585995,0.030740386382294
"A",7.3435147281396,0.020039933976846,0.010672772823802,0.0292342432669538
"A",7.43647061077427,0.0185191435900392,0.00909306264532393,0.0277146979463779
"A",7.52942649340895,0.0170038444263686,0.00750899857841153,0.0261951020019556
"A",7.62238237604363,0.0154940152501682,0.00595333969671986,0.02470105138651
"A",7.71533825867831,0.013989634913814,0.00443271536497899,0.0231924521558236
"A",7.80829414131299,0.0124906823573322,0.00287403093220742,0.0217325854978256
"A",7.90125002394767,0.0109971366080099,0.00132023412024896,0.0202678348794568
"A",7.99420590658234,0.00950897678000709,-0.000142836837853768,0.0188039199052705
"A",8.08716178921702,0.00802618207397057,-0.00162262775921577,0.0173152733543209
"A",8.1801176718517,0.00654873177665002,-0.00311061015049816,0.0158888309045438
"A",8.27307355448638,0.00507660526051559,-0.00461597746860076,0.014427153279391
"A",8.36602943712106,0.00360978198337751,-0.00611848149546274,0.0130185865687317
"A",8.45898531975574,0.00214824148800731,-0.00756888559799512,0.0115726468316334
"A",8.55194120239041,0.000691963401761015,-0.00900984633555888,0.0101415605366942
"A",8.64489708502509,-0.000759072563795919,-0.0104846595372563,0.00873377414463464
"A",8.73785296765977,-0.00220488661326191,-0.0119869129258068,0.00735668663987249
"A",8.83080885029445,-0.00364549886777079,-0.0134914201606908,0.00592907596909551
"A",8.92376473292913,-0.00508092936536145,-0.0149853081111736,0.00451020571478652
"A",9.01672061556381,-0.00651119806134598,-0.0164679973191689,0.00313540153061416
"A",9.10967649819849,-0.00793632482867583,-0.0179366616823553,0.00172160942017661
"A",9.20263238083316,-0.00935632945830631,-0.0193603620152992,0.000301646107947261
"A",9.29558826346784,-0.0107712316595594,-0.0207852265371981,-0.00109685968780255
"A",9.38854414610252,-0.0121810510604848,-0.0222756100375272,-0.002498879542349
"A",9.4815000287372,-0.0135858072082192,-0.0236796396817155,-0.00384028863012149
"A",9.57445591137188,-0.0149855195693441,-0.0251462657998525,-0.00519565586682067
"A",9.66741179400656,-0.0163802075302415,-0.0265366672624878,-0.00653838809076211
"A",9.76036767664123,-0.0177698903974485,-0.0279655378327045,-0.00788761630542761
"A",9.85332355927591,-0.0191545873980094,-0.0293544208074245,-0.00928602219906246
"A",9.94627944191059,-0.0205343176798271,-0.0307741497774296,-0.0106158855634641
"A",10.0392353245453,-0.0219091003120121,-0.0321844028788719,-0.0119727039327239
"A",10.1321912071799,-0.02327895428523,-0.033580209780411,-0.0132968650498928
"A",10.2251470898146,-0.0246438985120479,-0.034929380654358,-0.0146364983771545
"A",10.3181029724493,-0.0260039518272781,-0.0363400026610914,-0.0159505721713761
"A",10.411058855084,-0.0273591329883212,-0.0377330581680792,-0.0172863696842812
"A",10.5040147377187,-0.0287094606755072,-0.0391221049091645,-0.0186062490528558
"A",10.5969706203533,-0.0300549534924347,-0.0404959954556484,-0.0199212140871244
"A",10.689926502988,-0.0313956299663089,-0.0418811606742951,-0.0212020207475094
"A",10.7828823856227,-0.0327315085482779,-0.043216256467309,-0.0225288749959162
"A",10.8758382682574,-0.0340626076137673,-0.0445841242655794,-0.0238319051390182
"A",10.9687941508921,-0.0353889454628134,-0.0459462723890036,-0.0251233163533014
"A",11.0617500335267,-0.0367105403203947,-0.0473002089122339,-0.0264473018210939
"A",11.1547059161614,-0.0380274103367616,-0.0486356820153337,-0.027680912764536
"A",11.2476617987961,-0.0393395735877653,-0.0499753303681557,-0.0289480202382898
"A",11.3406176814308,-0.0406470480751843,-0.0513402194775,-0.0302437185904701
"A",11.4335735640654,-0.0419498517270497,-0.0526732325681085,-0.0314866717851744
"A",11.5265294467001,-0.0432480023979694,-0.0539726164914657,-0.0326738555090084
"A",11.6194853293348,-0.0445415178694499,-0.0553935855330826,-0.0339012832119295
"A",11.7124412119695,-0.0458304158502172,-0.0566919193643315,-0.0351256461095625
"A",11.8053970946042,-0.0471147139765361,-0.0580124092747497,-0.0363573235163529
"A",11.8983529772388,-0.0483944298125282,-0.0593114991684205,-0.0375785084381493
"A",11.9913088598735,-0.0496695808504876,-0.0606104210368494,-0.038776271024559
"A",12.0842647425082,-0.0509401845111959,-0.0619132785561659,-0.0399885122734533
"A",12.1772206251429,-0.0522062581442359,-0.0631909623655338,-0.0411691322233924
"A",12.2701765077776,-0.0534678190283026,-0.0644894191906064,-0.0423748653953328
"A",12.3631323904122,-0.0547248843715143,-0.0658652136947142,-0.0435712545982408
"A",12.4560882730469,-0.0559774713117212,-0.0670931536999944,-0.0447705446589652
"A",12.5490441556816,-0.0572255969168126,-0.0684110426935134,-0.045979313473208
"A",12.6420000383163,-0.0584692781850235,-0.0697174189585916,-0.0471664449558322
"A",12.7349559209509,-0.0597085320452386,-0.0710145987804459,-0.0483487259238572
"A",12.8279118035856,-0.0609433753572958,-0.0723290716600277,-0.049542947807053
"A",12.9208676862203,-0.0621738249122877,-0.0736360852666031,-0.0507143271566679
"A",13.013823568855,-0.063399897432862,-0.0748732109380041,-0.0518973592970641
"A",13.1067794514897,-0.0646216095735205,-0.0761574217471515,-0.0530436944846572
"A",13.1997353341243,-0.0658389779209165,-0.0773517561229626,-0.0542292660567147
"A",13.292691216759,-0.0670520189941511,-0.0786140591020668,-0.0554179554005545
"A",13.3856470993937,-0.0682607492450675,-0.0798641514311099,-0.0565771840082553
"A",13.4786029820284,-0.0694651850585448,-0.0810805047434662,-0.0577227152453237
"A",13.5715588646631,-0.0706653427527898,-0.0823507257174522,-0.0589032703787687
"A",13.6645147472977,-0.0718612385796276,-0.0835777897196955,-0.0600294827212637
"A",13.7574706299324,-0.0730528887247911,-0.0847923340488648,-0.0611814188810325
"A",13.8504265125671,-0.0742403093082084,-0.0860625556993872,-0.0623329297417217
"A",13.9433823952018,-0.0754235163842899,-0.0873384572394462,-0.0634888462140816
"A",14.0363382778364,-0.0766025259422133,-0.0885797546605485,-0.064623336865611
"A",14.1292941604711,-0.0777773539062074,-0.0897999194736601,-0.0657382384258611
"A",14.2222500431058,-0.078948016135835,-0.0910175087275005,-0.0668906533150228
"A",14.3152059257405,-0.0801145284262738,-0.0922445769409821,-0.0679766926778911
"A",14.4081618083752,-0.0812769065085965,-0.0934202291269793,-0.0690764981548566
"A",14.5011176910098,-0.0824351660500495,-0.0946543220935688,-0.0702243657222127
"A",14.5940735736445,-0.0835893226543303,-0.0958902030587999,-0.0713016500565804
"A",14.6870294562792,-0.0847393918618634,-0.0971528138823961,-0.0723954313660164
"A",14.7799853389139,-0.0858853891500751,-0.0984163642243677,-0.0734734735079891
"A",14.8729412215485,-0.087027329933667,-0.0996088321153087,-0.0745395092006641
"A",14.9658971041832,-0.0881652295648885,-0.100788757762236,-0.0755730293602767
"A",15.0588529868179,-0.0892991033338073,-0.101965912025661,-0.0766423597438799
"A",15.1518088694526,-0.0904289664685794,-0.103210111160898,-0.0777079637240857
"A",15.2447647520873,-0.0915548341357174,-0.104439826552266,-0.0787461467466211
"A",15.3377206347219,-0.0926767214403579,-0.105638739376061,-0.079736840236187
"A",15.4306765173566,-0.0937946434265273,-0.106789561497202,-0.0807405902723633
"A",15.5236323999913,-0.0949086150774064,-0.108007578344521,-0.0817452966019417
"A",15.616588282626,-0.0960186513155945,-0.109138677590978,-0.0827714666027709
"A",15.7095441652607,-0.0971247670033706,-0.110287056751905,-0.0837770225518048
"A",15.8025000478953,-0.0982269769429556,-0.111482329889451,-0.0848165058089526
"A",15.89545593053,-0.0993252958767715,-0.11266503416914,-0.0858426481143256
"A",15.9884118131647,-0.1004197384877,-0.1138506971676,-0.086855908458894
"A",16.0813676957994,-0.101510319399341,-0.115018382785226,-0.0878827339834221
"A",16.174323578434,-0.102597053176266,-0.116152779560761,-0.0888687239309073
"A",16.2672794610687,-0.103679954324278,-0.117311211359175,-0.0898999027760334
"A",16.3602353437034,-0.10475903729066,-0.118449140281137,-0.090936825659622
"A",16.4531912263381,-0.105834316464432,-0.119599619495388,-0.091969380016414
"A",16.5461471089728,-0.106905806176599,-0.120747169970994,-0.0929413267696009
"A",16.6391029916074,-0.107973520700406,-0.121941002919694,-0.0938797534420558
"A",16.7320588742421,-0.109037474251582,-0.123136011522755,-0.0948405218695296
"A",16.8250147568768,-0.110097680988592,-0.124273282361085,-0.095837344916324
"A",16.9179706395115,-0.111154155012881,-0.125417246781884,-0.0968361051844619
"A",17.0109265221462,-0.112206910369122,-0.126527506252615,-0.0977831684241435
"A",17.1038824047808,-0.11325596104546,-0.127675682192398,-0.098689008655877
"A",17.1968382874155,-0.114301320973756,-0.128809596551661,-0.0996079276246487
"A",17.2897941700502,-0.115343004029827,-0.129896946540908,-0.10052906410064
"A",17.3827500526849,-0.116381024033692,-0.131055547663033,-0.10143912212988
"A",17.4757059353195,-0.117415394749806,-0.132214872594731,-0.10238149609261
"A",17.5686618179542,-0.118446129887305,-0.133268403232588,-0.103316807564001
"A",17.6616177005889,-0.11947324310024,-0.134379227376421,-0.104187747721093
"A",17.7545735832236,-0.120496747987815,-0.135555583834401,-0.105054350482224
"A",17.8475294658583,-0.121516658094625,-0.136690314094449,-0.105888092001156
"A",17.9404853484929,-0.122532986910885,-0.137797245742472,-0.106693781014627
"A",18.0334412311276,-0.123545747872671,-0.138863978091925,-0.107571173703803
"A",18.1263971137623,-0.124554954362147,-0.139897732248356,-0.108464750974064
"A",18.219352996397,-0.125560619707798,-0.140968301774587,-0.109374407255571
"A",18.3123088790317,-0.126562757184662,-0.142069684768515,-0.110241558150545
"A",18.4052647616663,-0.127561380014558,-0.14321608891,-0.111121235983792
"A",18.498220644301,-0.128556501366313,-0.144356718166919,-0.111994930015328
"B1",0,0.11850540594,0.114636886,0.12244624875
"B1",0.0929558826346784,0.11850540594,0.114636886,0.12244624875
"B1",0.185911765269357,0.11850540594,0.114636886,0.12244624875
"B1",0.278867647904035,0.11850540594,0.114636886,0.12244624875
"B1",0.371823530538714,0.11850540594,0.114636886,0.12244624875
"B1",0.464779413173392,0.11850540594,0.114636886,0.12244624875
"B1",0.557735295808071,0.11850540594,0.114636886,0.12244624875
"B1",0.650691178442749,0.11850540594,0.114636886,0.12244624875
"B1",0.743647061077427,0.11850540594,0.114636886,0.12244624875
"B1",0.836602943712106,0.11850540594,0.114636886,0.12244624875
"B1",0.929558826346784,0.11850540594,0.114636886,0.12244624875
"B1",1.02251470898146,0.11850540594,0.114636886,0.12244624875
"B1",1.11547059161614,0.11850540594,0.114636886,0.12244624875
"B1",1.20842647425082,0.11850540594,0.114636886,0.12244624875
"B1",1.3013823568855,0.118505188760237,0.114636886,0.12244624875
"B1",1.39433823952018,0.118504338853834,0.114636886,0.12244624875
"B1",1.48729412215485,0.118501691108158,0.11463585375,0.122438404
"B1",1.58025000478953,0.118491019550693,0.114631356,0.122415502
"B1",1.67320588742421,0.118460814774978,0.1145376375,0.1223666935
"B1",1.76616177005889,0.118378398133073,0.114314082,0.12228369275
"B1",1.85911765269357,0.118195921810762,0.113840107217981,0.122102011
"B1",1.95207353532825,0.11781659940257,0.112092408633039,0.121943454
"B1",2.04502941796293,0.117075644092805,0.109528852746344,0.12159145175
"B1",2.1379853005976,0.115865637103697,0.106961983900145,0.121170377481091
"B1",2.23094118323228,0.114199040184473,0.104394628842939,0.12078065675
"B1",2.32389706586696,0.112195109347739,0.101906059836322,0.12036929175
"B1",2.41685294850164,0.109956868053149,0.0994254336349986,0.11994470275
"B1",2.50980883113632,0.107498559940578,0.0969838430093449,0.1194602435
"B1",2.602764713771,0.104865576384077,0.094574536641093,0.1187063015
"B1",2.69572059640567,0.102123274987908,0.0921299333099934,0.117667192429359
"B1",2.78867647904035,0.0993187205381972,0.0896205043592914,0.11570707375
"B1",2.88163236167503,0.0965147813997395,0.0872257489520245,0.112121186698121
"B1",2.97458824430971,0.0937596588899347,0.0848663401867999,0.107881577785769
"B1",3.06754412694439,0.0910675011198548,0.0825571855448995,0.104014953473761
"B1",3.16050000957907,0.0884497787876939,0.0803537358257667,0.100440216938537
"B1",3.25345589221374,0.0859070182603986,0.0780902253668955,0.0970586906683656
"B1",3.34641177484842,0.0834376284733018,0.0758407219635833,0.0938085758441374
"B1",3.4393676574831,0.0810394107900786,0.0735704096044724,0.0907047225533901
"B1",3.53232354011778,0.078710235251741,0.0713809148601177,0.0877920153611834
"B1",3.62527942275246,0.0764480383299038,0.069243954121722,0.0849287842482392
"B1",3.71823530538714,0.0742508207574788,0.0671277772671099,0.0822745177939005
"B1",3.81119118802182,0.0721166454339638,0.0650820314599675,0.0797228768156265
"B1",3.90414707065649,0.0700436354026108,0.0630414795550018,0.0773866401179534
"B1",3.99710295329117,0.0680299718968575,0.0610875622315128,0.0752120146625765
"B1",4.09005883592585,0.0660738924535111,0.0590762422639135,0.0731662503516392
"B1",4.18301471856053,0.0641736890902691,0.0571498354937941,0.0712051382446189
"B1",4.27597060119521,0.0623277065452557,0.0552808526316343,0.0693253113998247
"B1",4.36892648382989,0.0605343405763405,0.0534633181926341,0.0674998818053833
"B1",4.46188236646456,0.058792036318094,0.0516292348338448,0.0657631528220046
"B1",4.55483824909924,0.0570992866943131,0.0498713592378555,0.0641343701898972
"B1",4.64779413173392,0.0554546308841321,0.0480959589956503,0.0624688450735734
"B1",4.7407500143686,0.0538566528398082,0.0463650977721885,0.0609149421714993
"B1",4.83370589700328,0.052303979854343,0.0447500950769998,0.0594477090871909
"B1",4.92666177963796,0.0507952811771711,0.0431302160689533,0.0580386182242397
"B1",5.01961766227264,0.0493292666762149,0.0415701292461781,0.0566095069045874
"B1",5.11257354490731,0.0479046855446666,0.0400458665267334,0.0552415640021172
"B1",5.20552942754199,0.0465203250509212,0.0386012870639832,0.053901543905623
"B1",5.29848531017667,0.0451750093301427,0.0371902560252888,0.0525798690369388
"B1",5.39144119281135,0.0438675982160036,0.0359076253552833,0.051325069491488
"B1",5.48439707544603,0.042596986111189,0.0346111415039324,0.0500608452100118
"B1",5.57735295808071,0.0413621008953129,0.0333823358857682,0.048881543557958
"B1",5.67030884071538,0.0401619028689419,0.0321714193434639,0.04771314877476
"B1",5.76326472335006,0.0389953837324691,0.0310069289514967,0.0465873909873089
"B1",5.85622060598474,0.0378615655986298,0.0298690488943753,0.0454652288230494
"B1",5.94917648861942,0.036759500037493,0.028759129263616,0.0443679790179849
"B1",6.0421323712541,0.0356882671528055,0.0276912212852457,0.0432902512439941
"B1",6.13508825388878,0.0346469746886082,0.0266353066153218,0.0422801056308241
"B1",6.22804413652345,0.0336347571650805,0.0256532568836376,0.0412586274214746
"B1",6.32100001915813,0.0326507750426111,0.0247294098339726,0.0402483831686567
"B1",6.41395590179281,0.0316942139131246,0.0238099794266847,0.0392960109018423
"B1",6.50691178442749,0.0307642837177327,0.0229393383856577,0.0383369359515277
"B1",6.59986766706217,0.0298602179898116,0.0220600368632149,0.0373651883585791
"B1",6.69282354969685,0.028981273122636,0.021201732178138,0.0364642047422185
"B1",6.78577943233153,0.0281267276607377,0.020420513090698,0.0355730319465193
"B1",6.8787353149662,0.027295881614181,0.0196517856023662,0.0347059187396472
"B1",6.97169119760088,0.0264880557949784,0.0188839205991989,0.0338649776040534
"B1",7.06464708023556,0.0257025911748981,0.0181930102827462,0.0330644724161679
"B1",7.15760296287024,0.0249388482639417,0.0174671595021742,0.0322506309050703
"B1",7.25055884550492,0.0241962065087931,0.0167550060073433,0.0314531324334308
"B1",7.3435147281396,0.0234740637105697,0.016095768308717,0.0306766041034863
"B1",7.43647061077427,0.0227718354612251,0.0154083438135758,0.0299052996463006
"B1",7.52942649340895,0.0220889545979801,0.0147455115421744,0.0291887624247804
"B1",7.62238237604363,0.0214248706751777,0.0141264337459609,0.0284820843903866
"B1",7.71533825867831,0.0207790494529802,0.0135927164363636,0.0277751257861961
"B1",7.80829414131299,0.0201509724023476,0.0130374848891254,0.0270888763691386
"B1",7.90125002394767,0.0195401362257542,0.0125035775167882,0.0264122300189601
"B1",7.99420590658234,0.0189460523931218,0.0119681363658019,0.0257427743101502
"B1",8.08716178921702,0.0183682466924636,0.0114592239724412,0.0251293011551337
"B1",8.1801176718517,0.0178062587947532,0.0109503622724337,0.0245005083173142
"B1",8.27307355448638,0.0172596418325464,0.010485965627571,0.0239199535772828
"B1",8.36602943712106,0.0167279619919038,0.0100329645854609,0.0233361423528532
"B1",8.45898531975574,0.0162107981171756,0.00959299305896224,0.0227788974656923
"B1",8.55194120239041,0.0157077413282244,0.00912021701235753,0.0222315431914908
"B1",8.64489708502509,0.0152183946496791,0.00866551332035993,0.0216920105525306
"B1",8.73785296765977,0.0147423726518249,0.00821033237217645,0.0211494004862731
"B1",8.83080885029445,0.0142793011027479,0.00778148145207931,0.0206551470651169
"B1",8.92376473292913,0.0138288166313676,0.00737099239583146,0.0201722916485759
"B1",9.01672061556381,0.0133905664010014,0.00695478771394699,0.0196891459087507
"B1",9.10967649819849,0.0129642077931183,0.00657288084702889,0.0192145666830816
"B1",9.20263238083316,0.0125494081009498,0.00623157996562751,0.018766009758502
"B1",9.29558826346784,0.0121458442326392,0.00586924843399636,0.0183275470408248
"B1",9.38854414610252,0.0117532024236185,0.00551897254576158,0.0179573435532946
"B1",9.4815000287372,0.0113711779579154,0.00513678082565455,0.0175357614836448
"B1",9.57445591137188,0.0109994748981013,0.00480477917746573,0.0171396759363851
"B1",9.66741179400656,0.0106378058236005,0.00442163146941082,0.0167553597268633
"B1",9.76036767664123,0.0102858915770933,0.00406586314550715,0.0163781697793747
"B1",9.85332355927591,0.00994346101875024,0.00372202067098422,0.015961760365484
"B1",9.94627944191059,0.00961025078804721,0.00337978634107858,0.0156135032983801
"B1",10.0392353245453,0.00928600507291812,0.00306279732739038,0.0152649982657602
"B1",10.1321912071799,0.00897047538600934,0.00276935029752319,0.014930321872
"B1",10.2251470898146,0.00866342034780943,0.00247730513288264,0.0146165405128098
"B1",10.3181029724493,0.00836460547643425,0.00213547090928507,0.0143129918132855
"B1",10.411058855084,0.00807380298385512,0.00186456089797216,0.0140160586138035
"B1",10.5040147377187,0.00779079157836483,0.00163509649180303,0.0137264717619355
"B1",10.5969706203533,0.00751535627308318,0.00136496155317679,0.0134391887956912
"B1",10.689926502988,0.00724728820031001,0.00111517675292765,0.0131711704072966
"B1",10.7828823856227,0.0069863844315404,0.000832494115781506,0.0129220433080064
"B1",10.8758382682574,0.00673244780296261,0.000586587995776235,0.0126746194540659
"B1",10.9687941508921,0.00648528674626534,0.000313948977840876,0.0124473028142487
"B1",11.0617500335267,0.00624471512458659,7.03513089525304e-05,0.0122211559385154
"B1",11.1547059161614,0.00601055207344192,-0.000168662535624056,0.0120124922695594
"B1",11.2476617987961,0.00578262184647521,-0.000433023902184752,0.0117823624114559
"B1",11.3406176814308,0.0055607536658802,-0.000679300951966914,0.0115858402721257
"B1",11.4335735640654,0.00534478157734616,-0.000946771907638522,0.0114176879871145
"B1",11.5265294467001,0.00513454430938551,-0.00117422481455354,0.0112662390093805
"B1",11.6194853293348,0.00492988513690625,-0.00140228156625402,0.0110518994048134
"B1",11.7124412119695,0.00473065174889637,-0.00162053778889975,0.0108692910879185
"B1",11.8053970946042,0.00453669612009147,-0.00182204165138111,0.0107158723889624
"B1",11.8983529772388,0.00434787438650159,-0.00206256801372198,0.0105487812064012
"B1",11.9913088598735,0.0041640467246767,-0.00228135318543717,0.0103873342849652
"B1",12.0842647425082,0.00398507723459448,-0.00248884796476745,0.0102345644163194
"B1",12.1772206251429,0.00381083382605789,-0.00269443297779302,0.0100968847747875
"B1",12.2701765077776,0.00364118810849329,-0.00287774621040402,0.00996734993592316
"B1",12.3631323904122,0.0034760152840439,-0.00306447149825282,0.00984306453734086
"B1",12.4560882730469,0.00331519404385626,-0.00322620433495971,0.00972358097137989
"B1",12.5490441556816,0.00315860646746107,-0.00343523821727627,0.00961859385784567
"B1",12.6420000383163,0.00300613792515277,-0.00361293595095308,0.00950634109461784
"B1",12.7349559209509,0.00285767698327514,-0.00379822396114595,0.00939949018531727
"B1",12.8279118035856,0.00271311531232359,-0.00397653952356582,0.00930762059297756
"B1",12.9208676862203,0.0025723475977772,-0.00414335204203283,0.00921996901453645
"B1",13.013823568855,0.00243527145357669,-0.00429599387649996,0.00913140406746436
"B1",13.1067794514897,0.00230178733816696,-0.00448624127512431,0.00904129879987459
"B1",13.1997353341243,0.00217179847302563,-0.00467847373755173,0.00893574225090159
"B1",13.292691216759,0.0020452107636013,-0.00484728915415598,0.00886796556264821
"B1",13.3856470993937,0.0019219327225878,-0.00503487843900511,0.00879223155366748
"B1",13.4786029820284,0.0018018753954631,-0.00516722246223744,0.00873355273766747
"B1",13.5715588646631,0.00168495228822358,-0.00534491202083793,0.00867632999411539
"B1",13.6645147472977,0.00157107929724689,-0.00549453381103921,0.00861119725797671
"B1",13.7574706299324,0.00146017464121835,-0.0056830619800416,0.00854634992377894
"B1",13.8504265125671,0.00135215879505826,-0.00581844014156793,0.00847843091391754
"B1",13.9433823952018,0.0012469544257893,-0.00597728588888715,0.00841712095339505
"B1",14.0363382778364,0.00114448633028493,-0.00609945789250957,0.00835436907673421
"B1",14.1292941604711,0.00104468137484202,-0.00624747959268541,0.00828249964386242
"B1",14.2222500431058,0.000947468436522256,-0.00639373377797668,0.00822982004580623
"B1",14.3152059257405,0.000852778346208905,-0.0065077624072395,0.00818220444288567
"B1",14.4081618083752,0.000760543833327021,-0.00665139403165854,0.00811543111358901
"B1",14.5011176910098,0.000670699472176957,-0.00681325441759342,0.00807268487685365
"B1",14.5940735736445,0.000583181629832475,-0.00696331170064595,0.00803015941187659
"B1",14.6870294562792,0.000497928415556338,-0.00709115551079057,0.0079798255561649
"B1",14.7799853389139,0.00041487963168774,-0.00720684547421637,0.00794734225189079
"B1",14.8729412215485,0.000333976725957313,-0.00732756554592939,0.007890010676009
"B1",14.9658971041832,0.000255162745186872,-0.00744315744669516,0.00784053525351861
"B1",15.0588529868179,0.000178382290332348,-0.00756060360902094,0.00778934121895854
"B1",15.1518088694526,0.000103581472829688,-0.00767398596391571,0.00775059354916991
"B1",15.2447647520873,3.07078722047063e-05,-0.0078026873132521,0.00772078176629815
"B1",15.3377206347219,-4.02895050908784e-05,-0.00792396313641077,0.0076769459116029
"B1",15.4306765173566,-0.000109460265653845,-0.00804461717010368,0.00763628789516036
"B1",15.5236323999913,-0.000176852667949803,-0.00815871893619312,0.0076011821362252
"B1",15.616588282626,-0.00024251366001384,-0.00826807725223464,0.00757267751732334
"B1",15.7095441652607,-0.000306488916064816,-0.0083670285248958,0.00752787319909285
"B1",15.8025000478953,-0.00036882287206562,-0.00846297368696764,0.00749920881092044
"B1",15.89545593053,-0.00042955876026069,-0.00855430898416959,0.00745802648768964
"B1",15.9884118131647,-0.000488738642721146,-0.00865251609879652,0.00743671093009131
"B1",16.0813676957994,-0.000546403443926968,-0.00875999018731866,0.00741676913697006
"B1",16.174323578434,-0.000602592982414722,-0.0088624376506864,0.00737655547708801
"B1",16.2672794610687,-0.000657346001518505,-0.00892181824039322,0.00734931762272314
"B1",16.3602353437034,-0.000710700199230859,-0.00900666136943418,0.00731535748768873
"B1",16.4531912263381,-0.00076269225720971,-0.00908416771673516,0.00731028792441866
"B1",16.5461471089728,-0.000813357868956435,-0.00917555828679324,0.00729231356049937
"B1",16.6391029916074,-0.000862731767189562,-0.00926099227358724,0.00726976084202379
"B1",16.7320588742421,-0.000910847750437724,-0.00937404384523938,0.00725651366173384
"B1",16.8250147568768,-0.000957738708874837,-0.00944299477365976,0.00723643427511558
"B1",16.9179706395115,-0.00100343664941979,-0.00957246977228557,0.00721553420143136
"B1",17.0109265221462,-0.00104797272012221,-0.00965260091344356,0.00719819809796041
"B1",17.1038824047808,-0.00109137723385519,-0.00973582214303488,0.00717990023097872
"B1",17.1968382874155,-0.00113367969133544,-0.00981520658330808,0.00716580931288983
"B1",17.2897941700502,-0.00117490880349029,-0.0099004083387426,0.00714672415260607
"B1",17.3827500526849,-0.00121509251319086,-0.00998048394732865,0.00713112299781374
"B1",17.4757059353195,-0.00125425801636983,-0.010051911499893,0.00711994073420753
"B1",17.5686618179542,-0.00129243178254173,-0.0101356453305616,0.00710703541541868
"B1",17.6616177005889,-0.0013296395747432,-0.0101862835757513,0.0070847893922867
"B1",17.7545735832236,-0.00136590646891011,-0.0102475938594176,0.00707697212810405
"B1",17.8475294658583,-0.00140125687270795,-0.0103092968219684,0.00706935312204753
"B1",17.9404853484929,-0.00143571454383134,-0.0103732794124264,0.00706152630974993
"B1",18.0334412311276,-0.00146930260778803,-0.0104359230661917,0.00704878770389562
"B1",18.1263971137623,-0.00150204357518252,-0.0104974336888358,0.0070319588987238
"B1",18.219352996397,-0.00153395935851359,-0.010557470232086,0.00702816245377399
"B1",18.3123088790317,-0.00156507128849993,-0.0106173264931673,0.00700768710152178
"B1",18.4052647616663,-0.00159540012994756,-0.0106728749638741,0.00700214168430998
"B1",18.498220644301,-0.00162496609717217,-0.0107282951986993,0.00699384286800461
"B2",0,0.117092817187375,0.10311806,0.1312597555
"B2",0.0929558826346784,0.117092817187375,0.10311806,0.1312597555
"B2",0.185911765269357,0.117092817187375,0.10311806,0.1312597555
"B2",0.278867647904035,0.117092817187375,0.10311806,0.1312597555
"B2",0.371823530538714,0.117092817187375,0.10311806,0.1312597555
"B2",0.464779413173392,0.117092817187375,0.10311806,0.1312597555
"B2",0.557735295808071,0.117092817187375,0.10311806,0.1312597555
"B2",0.650691178442749,0.117092817187375,0.10311806,0.1312597555
"B2",0.743647061077427,0.117092537479216,0.10311806,0.1312597555
"B2",0.836602943712106,0.117091424590063,0.10311806,0.1312597555
"B2",0.929558826346784,0.117087905286939,0.10311806,0.13117673275
"B2",1.02251470898146,0.117081285731982,0.10311806,0.13111165525
"B2",1.11547059161614,0.117068882779518,0.103095417,0.13111165525
"B2",1.20842647425082,0.117047697159623,0.1030903135,0.13109923625
"B2",1.3013823568855,0.11701750210453,0.103087068,0.131027992
"B2",1.39433823952018,0.116969612851533,0.10301552025,0.13098718775
"B2",1.48729412215485,0.116898861637332,0.1028791685,0.130959464
"B2",1.58025000478953,0.116803289559589,0.102687459,0.13085544225
"B2",1.67320588742421,0.116671044379257,0.10247840175,0.1307512605
"B2",1.76616177005889,0.116474981528228,0.102043872641518,0.130636389941815
"B2",1.85911765269357,0.116213388769996,0.1015317855,0.13051072875
"B2",1.95207353532825,0.115864347809807,0.100293616915662,0.13036362375
"B2",2.04502941796293,0.11541614857281,0.0987437061456356,0.1301454285
"B2",2.1379853005976,0.114840446251613,0.0964023519514966,0.1299515345
"B2",2.23094118323228,0.11412523678488,0.0935062286316041,0.129613015
"B2",2.32389706586696,0.113269408645959,0.0905861367889101,0.1291347975
"B2",2.41685294850164,0.112260480925001,0.0877170445485737,0.128910826
"B2",2.50980883113632,0.111083797867825,0.084392472745369,0.12863654775
"B2",2.602764713771,0.109733205757968,0.081565460223845,0.1282158285
"B2",2.69572059640567,0.10819191204207,0.0784859660619651,0.127829468
"B2",2.78867647904035,0.106468375256633,0.0751726614149402,0.1273511935
"B2",2.88163236167503,0.104532014391573,0.0722570926272103,0.12672277575
"B2",2.97458824430971,0.102399359799834,0.0691923424524853,0.12616860425
"B2",3.06754412694439,0.100058918817793,0.0659148785929269,0.125539606
"B2",3.16050000957907,0.097514221690586,0.0625940983744133,0.12462077925
"B2",3.25345589221374,0.0947855875281278,0.0594048855352479,0.123807103068497
"B2",3.34641177484842,0.0918959079159389,0.0561540988986486,0.12269898825
"B2",3.4393676574831,0.0888997286087605,0.0531279900973795,0.12231937075
"B2",3.53232354011778,0.0855506783955191,0.0483841697852788,0.12195604825
"B2",3.62527942275246,0.0822449988453702,0.0422938114215012,0.12182740775
"B2",3.71823530538714,0.0790743863912992,0.0344217048564586,0.12143073075
"B2",3.81119118802182,0.0759440985674466,0.0260249238186868,0.12109217625
"B2",3.90414707065649,0.073009221923475,0.0189313361179712,0.12043385425
"B2",3.99710295329117,0.0702262454743655,0.0109636095333107,0.11983088225
"B2",4.09005883592585,0.0672694420895481,0.00381980816336908,0.1193278665
"B2",4.18301471856053,0.0643527247910289,0.000493535082544682,0.1188428895
"B2",4.27597060119521,0.0616352015339508,6.32333921891387e-05,0.118416293
"B2",4.36892648382989,0.0589462440180199,3.04071560688729e-06,0.117875314
"B2",4.46188236646456,0.0562581580185626,6.53847992716664e-08,0.11644239819258
"B2",4.55483824909924,0.0537170150325264,5.75159007349422e-10,0.11561112725
"B2",4.64779413173392,0.0510819471801314,2.11078917695099e-12,0.11399603725
"B2",4.7407500143686,0.0486432984525806,2.2900898500162e-15,0.1131786245
"B2",4.83370589700328,0.0462789647511144,1.51153572081168e-19,0.11186557975
"B2",4.92666177963796,0.0438608322588713,9.87111383221522e-23,0.10842750125
"B2",5.01961766227264,0.0415209794723898,1.46832747842103e-26,0.0988378203739612
"B2",5.11257354490731,0.0391283299025259,2.9015902008154e-30,0.0837227409767358
"B2",5.20552942754199,0.036794439570202,1.13006120685513e-36,0.072635803216747
"B2",5.29848531017667,0.0344725918744181,4.04974277719986e-43,0.0660757241152059
"B2",5.39144119281135,0.0326532683881866,8.03089944560036e-46,0.062804578173358
"B2",5.48439707544603,0.0310475609076893,4.3598384662536e-50,0.0600271602496192
"B2",5.57735295808071,0.0295450062936044,2.94168629776644e-54,0.0578360490244818
"B2",5.67030884071538,0.0281968196842611,1.36616369623911e-60,0.0558504098241663
"B2",5.76326472335006,0.0269568345826111,2.24244444156392e-67,0.0542353248087529
"B2",5.85622060598474,0.0257959856684589,1.13416899141352e-72,0.052629905417628
"B2",5.94917648861942,0.0247049279917218,5.84069434356064e-80,0.0512246617416221
"B2",6.0421323712541,0.0236630776054792,6.24102348066769e-90,0.049735122410832
"B2",6.13508825388878,0.0226840919756613,5.63228664677766e-97,0.0484508029844195
"B2",6.22804413652345,0.0217546552733229,3.46825505764501e-103,0.0470496033564004
"B2",6.32100001915813,0.0208753009989921,1.42137679181645e-107,0.045757950727342
"B2",6.41395590179281,0.0200290635695992,5.86465641261573e-112,0.0444555418454642
"B2",6.50691178442749,0.0192378052662485,1.74432535349655e-117,0.0432988694180374
"B2",6.59986766706217,0.0184648440208256,8.21962037313438e-126,0.0421057198946938
"B2",6.69282354969685,0.0177244683579694,6.50046561355265e-132,0.0410354586271616
"B2",6.78577943233153,0.0170326103975256,1.10064989333087e-137,0.0400128162377184
"B2",6.8787353149662,0.016378433318547,2.45207900117165e-142,0.0391029242916123
"B2",6.97169119760088,0.0157556833965605,1.83313459642772e-146,0.0382277546673952
"B2",7.06464708023556,0.0151473984170752,1.37085437630459e-150,0.0372415377247219
"B2",7.15760296287024,0.0145730232124407,1.02515916486721e-154,0.0363841482337088
"B2",7.25055884550492,0.0140101693490323,7.66639762366851e-159,0.0355237839378215
"B2",7.3435147281396,0.0134862602814565,5.73312464016551e-163,0.0346424578504839
"B2",7.43647061077427,0.0129866460019353,3.80316331276808e-167,0.0338409958540231
"B2",7.52942649340895,0.0125090142906669,1.95152773431341e-171,0.0330843349654637
"B2",7.62238237604363,0.0120510434388525,1.00139283660382e-175,0.0322888190163446
"B2",7.71533825867831,0.0115966718290376,5.13847482448604e-180,0.0315664430088313
"B2",7.80829414131299,0.0111747070707399,2.63671983229458e-184,0.0307973397315602
"B2",7.90125002394767,0.0107611572137776,1.35298735743343e-188,0.0299912216803537
"B2",7.99420590658234,0.0103713719049197,6.9426215366308e-193,0.0292519030299102
"B2",8.08716178921702,0.0100005369571774,3.56248663641071e-197,0.0285133544575989
"B2",8.1801176718517,0.00964498288014729,1.82802864417169e-201,0.0277984559831833
"B2",8.27307355448638,0.00930383102187627,9.38021406103761e-206,0.0271716483420309
"B2",8.36602943712106,0.00897635608423932,4.81329524629888e-210,0.0264624691151434
"B2",8.45898531975574,0.00866189128864313,6.33858809334852e-226,0.0259000982143482
"B2",8.55194120239041,0.00835981750410315,3.06541145485815e-233,0.0252976053501598
"B2",8.64489708502509,0.00806955689678954,5.32386460884133e-238,0.024732232370543
"B2",8.73785296765977,0.00779056803631815,9.24624900972989e-243,0.0241661933677745
"B2",8.83080885029445,0.00752234199950293,1.60584845070884e-247,0.0236528751516481
"B2",8.92376473292913,0.00726439920465525,2.78897071263895e-252,0.0230665434893575
"B2",9.01672061556381,0.00701628679003508,4.84377335825299e-257,0.0225914550956705
"B2",9.10967649819849,0.00677757640385819,8.41248264013747e-262,0.0220513059994711
"B2",9.20263238083316,0.00654786231057727,3.42472823937596e-268,0.0214690682373506
"B2",9.29558826346784,0.00632675974428064,1.94355539945618e-273,0.0210283985904817
"B2",9.38854414610252,0.00611390345848469,3.68550523037109e-278,0.020507328763036
"B2",9.4815000287372,0.00590894643469702,6.98877337638876e-283,0.0200646029986131
"B2",9.57445591137188,0.00571155872150662,1.32527162638358e-287,0.0195874943018295
"B2",9.66741179400656,0.00552142638272237,2.51309468441565e-292,0.0191548330800511
"B2",9.76036767664123,0.00533825053799957,4.76554756759468e-297,0.0187230935462095
"B2",9.85332355927591,0.00516174648299917,9.03684367206753e-302,0.0183049628405757
"B2",9.94627944191059,0.00499164287879194,1.71364450306461e-306,0.0178904666938029
"B2",10.0392353245453,0.00482768100221245,3.24956101663688e-311,0.0174883132604944
"B2",10.1321912071799,0.00466961405037332,6.16209883842707e-316,0.0170772216098851
"B2",10.2251470898146,0.00451720649370046,1.16846525241455e-320,0.0166991067660118
"B2",10.3181029724493,0.00437023347274047,0,0.0163534144221652
"B2",10.411058855084,0.00422848023468923,0,0.0159959823654044
"B2",10.5040147377187,0.00409174160614613,0,0.0156063870400709
"B2",10.5969706203533,0.00395982149904511,0,0.0152506418152172
"B2",10.689926502988,0.00383253244707969,0,0.0148916770744352
"B2",10.7828823856227,0.00370969517024131,0,0.0145577842173437
"B2",10.8758382682574,0.00359113816534429,0,0.0142142436906972
"B2",10.9687941508921,0.00347669732062584,0,0.0138848301549775
"B2",11.0617500335267,0.00336621555269408,0,0.0135724106038719
"B2",11.1547059161614,0.00325954246425709,0,0.013244450101037
"B2",11.2476617987961,0.00315653402120531,0,0.0129417108818594
"B2",11.3406176814308,0.0030570522477428,0,0.0126649179449224
"B2",11.4335735640654,0.00296096493837164,0,0.0123674757065001
"B2",11.5265294467001,0.00286814538563072,0,0.0120597107851056
"B2",11.6194853293348,0.00277847212257735,0,0.0117673490619032
"B2",11.7124412119695,0.00269182867907823,0,0.011504288572359
"B2",11.8053970946042,0.00260810335104701,0,0.0112424064132171
"B2",11.8983529772388,0.00252718898182994,0,0.010992265947079
"B2",11.9913088598735,0.00244898275499905,0,0.0107218156661049
"B2",12.0842647425082,0.00237338599786579,0,0.0104512904549976
"B2",12.1772206251429,0.00230030399507633,0,0.0102028327621633
"B2",12.2701765077776,0.00222964581169424,0,0.00996434960059923
"B2",12.3631323904122,0.00216132412521705,0,0.00972405556332099
"B2",12.4560882730469,0.0020952550660107,0,0.00949841517854576
"B2",12.5490441556816,0.00203135806568027,0,0.00929122581814634
"B2",12.6420000383163,0.00196955571292726,0,0.00908689334810705
"B2",12.7349559209509,0.00190977361647295,0,0.00887997853698232
"B2",12.8279118035856,0.00185194027465468,0,0.00867459529524839
"B2",12.9208676862203,0.00179598695132663,0,0.00847998050976174
"B2",13.013823568855,0.0017418475577203,0,0.00829003596716286
"B2",13.1067794514897,0.0016894585399412,0,0.00809834731970817
"B2",13.1997353341243,0.00163875877179839,0,0.00791402062782477
"B2",13.292691216759,0.00158968945268192,0,0.0077336099750697
"B2",13.3856470993937,0.00154219401022081,0,0.00755568212295466
"B2",13.4786029820284,0.00149621800746995,0,0.00738518024109415
"B2",13.5715588646631,0.00145170905438948,0,0.00720646470559272
"B2",13.6645147472977,0.0014086167233942,0,0.00704632153499873
"B2",13.7574706299324,0.00136689246876341,0,0.00687903320160806
"B2",13.8504265125671,0.00132648954971395,0,0.00672811069428459
"B2",13.9433823952018,0.00128736295695041,0,0.00658173005593464
"B2",14.0363382778364,0.00124946934251715,0,0.00643163594800316
"B2",14.1292941604711,0.00121276695278683,0,0.00628530197670078
"B2",14.2222500431058,0.00117721556442921,0,0.00614244713468622
"B2",14.3152059257405,0.00114277642321283,0,0.00600261052390687
"B2",14.4081618083752,0.00110941218550048,0,0.00586733560285956
"B2",14.5011176910098,0.00107708686230668,0,0.00573762185303544
"B2",14.5940735736445,0.00104576576579289,0,0.00560714464539317
"B2",14.6870294562792,0.00101541545808278,0,0.00548354939149915
"B2",14.7799853389139,0.000986003702286189,0,0.00535971094578213
"B2",14.8729412215485,0.00095749941562646,0,0.00523566879782938
"B2",14.9658971041832,0.000929872624571282,0,0.00511183913835756
"B2",15.0588529868179,0.00090309442187263,0,0.00499180791344691
"B2",15.1518088694526,0.000877136925426156,0,0.00487806501021689
"B2",15.2447647520873,0.000851973238865164,0,0.00476691385806117
"B2",15.3377206347219,0.000827577413808652,0,0.00465756277993768
"B2",15.4306765173566,0.000803924413687057,0,0.00454987680838526
"B2",15.5236323999913,0.000780990079073229,0,0.00444862428430146
"B2",15.616588282626,0.000758751094449859,0,0.00434748133794608
"B2",15.7095441652607,0.000737184956348039,0,0.00424863825133007
"B2",15.8025000478953,0.000716269942794926,0,0.00415204272235632
"B2",15.89545593053,0.000695985084011572,0,0.00405764363848467
"B2",15.9884118131647,0.000676310134304915,0,0.00396539104967387
"B2",16.0813676957994,0.000657225545100666,0,0.00387523614193907
"B2",16.174323578434,0.000638712439066478,0,0.0037871312115108
"B2",16.2672794610687,0.000620752585277213,0,0.00370102963958189
"B2",16.3602353437034,0.000603328375376513,0,0.00361684128122551
"B2",16.4531912263381,0.000586422800691019,0,0.00353444498041948
"B2",16.5461471089728,0.000570019430255772,0,0.00345376626251303
"B2",16.6391029916074,0.000554102389711218,0,0.00337480388548416
"B2",16.7320588742421,0.000538656341034198,0,0.00329764777416236
"B2",16.8250147568768,0.000523666463067034,0,0.00322225658481888
"B2",16.9179706395115,0.000509118432810527,0,0.0031473344709066
"B2",17.0109265221462,0.000494998407448305,0,0.00307521396026793
"B2",17.1038824047808,0.00048129300707143,0,0.00300642888949388
"B2",17.1968382874155,0.000467989298073665,0,0.0029383584530079
"B2",17.2897941700502,0.000455074777189143,0,0.00287146204435251
"B2",17.3827500526849,0.000442537356145464,0,0.00280608865159259
"B2",17.4757059353195,0.000430365346906538,0,0.00274220360027587
"B2",17.5686618179542,0.000418547447480571,0,0.00267977300538848
"B2",17.6616177005889,0.000407072728269809,0,0.00261876375338157
"B2",17.7545735832236,0.000395930618939621,0,0.00255914348460713
"B2",17.8475294658583,0.000385110895785562,0,0.00250107968676482
"B2",17.9404853484929,0.000374603669578006,0,0.00244494339502623
"B2",18.0334412311276,0.000364399373864823,0,0.00239015357987703
"B2",18.1263971137623,0.000354488753713474,0,0.00233743379670319
"B2",18.219352996397,0.000344862854874693,0,0.00228450781101927
"B2",18.3123088790317,0.000335513013350724,0,0.00223103498223714
"B2",18.4052647616663,0.000326430845351825,0,0.0021806721791736
"B2",18.498220644301,0.000317608237625464,0,0.0021314462680155
"B3",0,0.1184086652825,0.11463539075,0.12215703925
"B3",0.0929558826346784,0.1184086652825,0.11463539075,0.12215703925
"B3",0.185911765269357,0.1184086652825,0.11463539075,0.12215703925
"B3",0.278867647904035,0.1184086652825,0.11463539075,0.12215703925
"B3",0.371823530538714,0.1184086652825,0.11463539075,0.12215703925
"B3",0.464779413173392,0.1184086652825,0.11463539075,0.12215703925
"B3",0.557735295808071,0.1184086652825,0.11463539075,0.12215703925
"B3",0.650691178442749,0.1184086652825,0.11463539075,0.12215703925
"B3",0.743647061077427,0.1184086652825,0.11463539075,0.12215703925
"B3",0.836602943712106,0.1184086652825,0.11463539075,0.12215703925
"B3",0.929558826346784,0.1184086652825,0.11463539075,0.12215703925
"B3",1.02251470898146,0.1184086652825,0.11463539075,0.12215703925
"B3",1.11547059161614,0.1184086652825,0.11463539075,0.12215703925
"B3",1.20842647425082,0.1184086652825,0.11463539075,0.12215703925
"B3",1.3013823568855,0.1184086652825,0.11463539075,0.12215703925
"B3",1.39433823952018,0.11840852469959,0.11463539075,0.12215703925
"B3",1.48729412215485,0.118407144921447,0.11463539075,0.122148621
"B3",1.58025000478953,0.118400813909737,0.11463422675,0.1221262075
"B3",1.67320588742421,0.118381784220467,0.11459893975,0.1221262075
"B3",1.76616177005889,0.118334115915301,0.11445966875,0.12210176175
"B3",1.85911765269357,0.118208691852532,0.11411597159753,0.1219610945
"B3",1.95207353532825,0.117929653525111,0.112941306158389,0.1217895095
"B3",2.04502941796293,0.117368974123848,0.110457183777093,0.12146281775
"B3",2.1379853005976,0.1163691412889,0.107649821916396,0.12109018
"B3",2.23094118323228,0.114886279963323,0.104934563950281,0.1206517315
"B3",2.32389706586696,0.113019374839969,0.10216383042697,0.120413329439147
"B3",2.41685294850164,0.110876873986501,0.0995227138190674,0.12004317975
"B3",2.50980883113632,0.10847213979876,0.0969264301069672,0.119577638
"B3",2.602764713771,0.105819430104532,0.0943894518845114,0.11886926675
"B3",2.69572059640567,0.102998308891987,0.0918633150381797,0.11813033675
"B3",2.78867647904035,0.100091176282455,0.0894198146459044,0.116423299955101
"B3",2.88163236167503,0.097169146544986,0.0870202865545209,0.113315390089712
"B3",2.97458824430971,0.0942858267747612,0.0846543240950773,0.109182895703846
"B3",3.06754412694439,0.0914708917683879,0.0823397045547591,0.105173089433766
"B3",3.16050000957907,0.0887377742685077,0.0800499942002537,0.101521709894905
"B3",3.25345589221374,0.0860870039337883,0.0776443030786834,0.0979883858080396
"B3",3.34641177484842,0.0835165938910458,0.0754161084286289,0.0945410311598368
"B3",3.4393676574831,0.0810243365105605,0.0732689724479815,0.0913443359068195
"B3",3.53232354011778,0.0786078097944583,0.0711324795612962,0.0883138573328494
"B3",3.62527942275246,0.0762646683267077,0.0689279838302531,0.085383877271345
"B3",3.71823530538714,0.0739926408000078,0.0667570360520696,0.0826731706300943
"B3",3.81119118802182,0.0717895276243276,0.0646191749710806,0.0800046020158893
"B3",3.90414707065649,0.0696531986143396,0.0625881462298325,0.0774882658009575
"B3",3.99710295329117,0.0675815907530822,0.0605878070747705,0.0751158707003089
"B3",4.09005883592585,0.0655727060292811,0.0585590065021056,0.0728509707950566
"B3",4.18301471856053,0.0636246093458478,0.0566555404957637,0.0707914390742443
"B3",4.27597060119521,0.0617354264971569,0.0547449730446397,0.068789763751232
"B3",4.36892648382989,0.0599033422127894,0.0529087835775051,0.0668557596633005
"B3",4.46188236646456,0.0581265982655073,0.0511189099180182,0.0650173540709928
"B3",4.55483824909924,0.0564034916413028,0.0493678388650672,0.0632549985863846
"B3",4.64779413173392,0.0547323727694367,0.0476308218275075,0.0615867283183133
"B3",4.7407500143686,0.0531116438104573,0.0459296319412847,0.0600053672326311
"B3",4.83370589700328,0.0515397570002549,0.0442769642381684,0.0584359620377845
"B3",4.92666177963796,0.0500152130482772,0.0427127430468909,0.0569434151169779
"B3",5.01961766227264,0.0485365595880932,0.0411664250417292,0.0555187190136999
"B3",5.11257354490731,0.0471023896785566,0.0396364883600943,0.0541405890134553
"B3",5.20552942754199,0.0457113403538782,0.0382474905946841,0.0527988504555311
"B3",5.29848531017667,0.044362091220976,0.0368446302759923,0.0514813304200587
"B3",5.39144119281135,0.0430533631025262,0.035551886573235,0.0501485590751441
"B3",5.48439707544603,0.041783916724193,0.0342375134376731,0.0488680223485116
"B3",5.57735295808071,0.0405525514445658,0.0329264526069585,0.0476638090646799
"B3",5.67030884071538,0.0393581040263845,0.0316756041695984,0.046515672718293
"B3",5.76326472335006,0.0381994474476797,0.0304618625156576,0.0453499358769305
"B3",5.85622060598474,0.0370754897515031,0.0293128276381383,0.0442593693108379
"B3",5.94917648861942,0.0359851729329669,0.0282348128252634,0.0432121296096086
"B3",6.0421323712541,0.0349274718623555,0.0271848495208314,0.0421841799200495
"B3",6.13508825388878,0.0339013932431153,0.0261950136998641,0.0411701828021449
"B3",6.22804413652345,0.0329059746035664,0.0251708978743409,0.0401744385002406
"B3",6.32100001915813,0.0319402833212224,0.0241822575003804,0.039237870482406
"B3",6.41395590179281,0.0310034156786393,0.023260065115303,0.0382596771600169
"B3",6.50691178442749,0.0300944959497538,0.0223794939053441,0.0373295540850547
"B3",6.59986766706217,0.0292126755157029,0.02154836893379,0.0364520835314705
"B3",6.69282354969685,0.0283571320091542,0.0207119394785191,0.0355972996736737
"B3",6.78577943233153,0.027527068486208,0.0199136605295454,0.0347512072485088
"B3",6.8787353149662,0.0267217126249609,0.019147488389884,0.0339082208688904
"B3",6.97169119760088,0.0259403159498571,0.0184340063983277,0.0331139529973444
"B3",7.06464708023556,0.0251821530809774,0.0177244820660445,0.032318689835355
"B3",7.15760296287024,0.0244465210074477,0.017041911323977,0.0315452498535078
"B3",7.25055884550492,0.0237327383841751,0.0163853372270202,0.0307997338567345
"B3",7.3435147281396,0.0230401448511474,0.0157549559696341,0.0300682045126259
"B3",7.43647061077427,0.0223681003745547,0.0151488234290631,0.0293605433060075
"B3",7.52942649340895,0.0217159846090209,0.0145652084283561,0.0286664230984578
"B3",7.62238237604363,0.0210831962802525,0.0140256030061334,0.0279907705723698
"B3",7.71533825867831,0.0204691525874373,0.0135142124292956,0.0273279802705528
"B3",7.80829414131299,0.0198732886247497,0.0129796380314863,0.0266836281970436
"B3",7.90125002394767,0.0192950568213357,0.012472874352785,0.0260590544026304
"B3",7.99420590658234,0.0187339263991773,0.0119744513533083,0.0254407215820264
"B3",8.08716178921702,0.0181893828482522,0.0115081092635628,0.0248395722860145
"B3",8.1801176718517,0.0176609274184257,0.0110644463640663,0.0242523299730894
"B3",8.27307355448638,0.0171480766275305,0.010625441849962,0.0236946026982921
"B3",8.36602943712106,0.0166503617851069,0.0102135465815032,0.023121344989437
"B3",8.45898531975574,0.0161673285312958,0.00981378431296411,0.022581042298122
"B3",8.55194120239041,0.0156985363903909,0.00943554993652403,0.0220566519984543
"B3",8.64489708502509,0.0152435583385753,0.00906669522995113,0.0215370335469122
"B3",8.73785296765977,0.0148019803853828,0.00872090102954011,0.0210316656491965
"B3",8.83080885029445,0.0143734011684372,0.00838809568624241,0.0205402303837894
"B3",8.92376473292913,0.0139574315610423,0.00806050456922343,0.0200480855230424
"B3",9.01672061556381,0.0135536942922045,0.00774455134616517,0.019572035526223
"B3",9.10967649819849,0.0131618235786875,0.00744483469873276,0.0191121222271432
"B3",9.20263238083316,0.0127814647687087,0.00715706981852238,0.0186628311413154
"B3",9.29558826346784,0.0124122739969033,0.00688210258204581,0.0182315362382187
"B3",9.38854414610252,0.012053917850191,0.00661032941694362,0.0177992998120521
"B3",9.4815000287372,0.0117060730441944,0.00635625821993411,0.0173769379704525
"B3",9.57445591137188,0.011368426109869,0.0061152616422627,0.0169646160710036
"B3",9.66741179400656,0.0110406730900158,0.00588290410018991,0.0165698398303939
"B3",9.76036767664123,0.010722519245359,0.00565947872042054,0.0161812194651141
"B3",9.85332355927591,0.0104136787698807,0.00544453880320895,0.015801042107125
"B3",9.94627944191059,0.0101138745151157,0.00523776207783421,0.0154296810826222
"B3",10.0392353245453,0.00982283772311789,0.00503883851321203,0.0150671532491578
"B3",10.1321912071799,0.00954030776782089,0.00484695766199888,0.0147131431943472
"B3",10.2251470898146,0.00926603190452351,0.00465207004388663,0.0143674253449833
"B3",10.3181029724493,0.00899976502723929,0.00446746231527345,0.014027658454278
"B3",10.411058855084,0.00874126943365882,0.00429534584534502,0.0136937080727083
"B3",10.5040147377187,0.00849031459748097,0.00413156291659734,0.0133717137882993
"B3",10.5969706203533,0.00824667694787757,0.00397688215348443,0.0130519225249653
"B3",10.689926502988,0.00801013965586351,0.00382521504072114,0.0127401700419231
"B3",10.7828823856227,0.00778049242735171,0.00367706320282685,0.0124355181015525
"B3",10.8758382682574,0.00755753130267984,0.00353101804942173,0.0121381510757923
"B3",10.9687941508921,0.00734105846240222,0.00339149902471578,0.011847894903803
"B3",11.0617500335267,0.00713088203914737,0.00326252598421629,0.0115723349452357
"B3",11.1547059161614,0.00692681593534801,0.00313683869850432,0.0112928894178002
"B3",11.2476617987961,0.00672867964665656,0.00301444732479897,0.0110255376458162
"B3",11.3406176814308,0.00653629809086559,0.00289571264916407,0.0107600380340893
"B3",11.4335735640654,0.00634950144215788,0.00278205614264962,0.0105020237397655
"B3",11.5265294467001,0.00616812497051714,0.00267095327867835,0.0102501542891396
"B3",11.6194853293348,0.00599200888613551,0.00256475136641615,0.0100114912087505
"B3",11.7124412119695,0.00582099818865931,0.00246867619069202,0.00977208953665323
"B3",11.8053970946042,0.00565494252111966,0.00237081858886996,0.00953831742222817
"B3",11.8983529772388,0.00549369602839976,0.00227613357780168,0.0093117165598393
"B3",11.9913088598735,0.00533711722009499,0.00218539276621704,0.00909300102854158
"B3",12.0842647425082,0.00518506883762705,0.00210091913577197,0.00888511165764426
"B3",12.1772206251429,0.00503741772547757,0.00201971082538431,0.00868197529985845
"B3",12.2701765077776,0.00489403470641107,0.00194172685545833,0.00847865594472922
"B3",12.3631323904122,0.00475479446056128,0.00186675902234464,0.00827864865810179
"B3",12.4560882730469,0.00461957540825909,0.00179468562014738,0.00808329421214228
"B3",12.5490441556816,0.00448825959648388,0.00172539489750767,0.0078925496282055
"B3",12.6420000383163,0.00436073258882431,0.00165877941769923,0.00770629019434634
"B3",12.7349559209509,0.00423688335883795,0.00159473589204319,0.00753141103066311
"B3",12.8279118035856,0.00411660418670275,0.00153281478448316,0.00735261602975989
"B3",12.9208676862203,0.00399979055905696,0.00147238144179801,0.0071761022613187
"B3",13.013823568855,0.0038863410719271,0.00141433076733969,0.00700425588300503
"B3",13.1067794514897,0.00377615733664717,0.00135864041794456,0.0068404619502672
"B3",13.1997353341243,0.00366914388867509,0.00130514580387714,0.00668052780891963
"B3",13.292691216759,0.00356520809921555,0.0012537574674054,0.00652569973290006
"B3",13.3856470993937,0.00346426008956124,0.00120439247671271,0.00637694923264346
"B3",13.4786029820284,0.0033662126480673,0.00115709964730273,0.00623158949713173
"B3",13.5715588646631,0.00327098114967663,0.00111295538144438,0.00608951913134519
"B3",13.6645147472977,0.00317848347791608,0.00107049589844422,0.00594544207149696
"B3",13.7574706299324,0.00308863994928644,0.00102967686063327,0.00580336512212086
"B3",13.8504265125671,0.00300137323997124,0.000990414297502621,0.00566468335529395
"B3",13.9433823952018,0.00291660831479211,0.000952648858752587,0.00552931563705664
"B3",14.0363382778364,0.0028342723583404,0.000915729557613195,0.00539901544833865
"B3",14.1292941604711,0.00275429470821734,0.000879606739152092,0.00527278412807248
"B3",14.2222500431058,0.00267660679031692,0.000844908876450586,0.00514950777668086
"B3",14.3152059257405,0.00260114205608784,0.000811579757853283,0.00502762118020428
"B3",14.4081618083752,0.00252783592171297,0.000779568082324214,0.00490803940908914
"B3",14.5011176910098,0.00245662570914656,0.000749305856049157,0.0047946215949099
"B3",14.5940735736445,0.00238745058895158,0.000720376039332306,0.00468384557118636
"B3",14.6870294562792,0.00232025152488101,0.000692567320061115,0.00457502746882695
"B3",14.7799853389139,0.00225497122014922,0.000665832596950703,0.00446806248217156
"B3",14.8729412215485,0.00219155406534062,0.000640129910173681,0.00436255013918799
"B3",14.9658971041832,0.00212994608790513,0.000615285805040475,0.00425946635167411
"B3",15.0588529868179,0.00207009490319105,0.000591253300681451,0.00416029020130134
"B3",15.1518088694526,0.0020119496669677,0.000568160370260427,0.00406342323999503
"B3",15.2447647520873,0.00195546102939189,0.000545865887283679,0.00396959033070891
"B3",15.3377206347219,0.00190058109037326,0.000524633490862493,0.00387679907758906
"B3",15.4306765173566,0.00184726335629546,0.000504119724161201,0.00378611386332994
"B3",15.5236323999913,0.00179546269805108,0.000484416864399034,0.00369762144276789
"B3",15.616588282626,0.00174513531034989,0.000465489252559676,0.00361118572152312
"B3",15.7095441652607,0.00169623867226099,0.000447301202211291,0.00352676690497679
"B3",15.8025000478953,0.00164873150895075,0.00042993968966048,0.00344431944508556
"B3",15.89545593053,0.0016025737545798,0.000413354698775159,0.0033637994124359
"B3",15.9884118131647,0.00155772651632329,0.000397409479388316,0.00328516174830326
"B3",16.0813676957994,0.00151415203947966,0.000382079351990789,0.00320836244733074
"B3",16.174323578434,0.00147181367363473,0.000367340589102359,0.00313335853290385
"B3",16.2672794610687,0.00143067583984835,0.00035317037854641,0.00306009911491181
"B3",16.3602353437034,0.00139070399883225,0.000339546788141305,0.00298854450756051
"B3",16.4531912263381,0.00135186462008881,0.000326448731753834,0.0029186991048496
"B3",16.5461471089728,0.00131412515198087,0.000313855936662189,0.00285094156453407
"B3",16.6391029916074,0.00127745399270439,0.000301748912177932,0.00278459784281465
"B3",16.7320588742421,0.00124182046213596,0.000290108919478412,0.00271918051224005
"B3",16.8250147568768,0.00120719477452855,0.000278917942602933,0.00265530000799319
"B3",16.9179706395115,0.00117354801202932,0.000267875465853689,0.00259307777273589
"B3",17.0109265221462,0.0011408520989945,0.000257217641348305,0.00253246253052605
"B3",17.1038824047808,0.00110907977707676,0.000246983857619913,0.00247322776444341
"B3",17.1968382874155,0.00107820458106162,0.000237157243310125,0.00241536586788705
"B3",17.2897941700502,0.00104820081542977,0.000227721598328322,0.00235762097968454
"B3",17.3827500526849,0.00101904353162342,0.000218661367143443,0.00230222426793182
"B3",17.4757059353195,0.000990708505994871,0.000209961613138441,0.0022481292062932
"B3",17.5686618179542,0.000963172218416661,0.000201607993985122,0.00219530521002758
"B3",17.6616177005889,0.000936411831533112,0.000193630877031484,0.00214372241304084
"B3",17.7545735832236,0.000910405170633613,0.000186059131621274,0.00209337968492658
"B3",17.8475294658583,0.000885130704128773,0.000178783474318649,0.00204512986703571
"B3",17.9404853484929,0.000860567524611079,0.000171792326696695,0.00199799215379244
"B3",18.0334412311276,0.000836695330482222,0.000165074563102883,0.00195194091228344
"B3",18.1263971137623,0.00081349440812991,0.000158619492953174,0.00190651747314857
"B3",18.219352996397,0.000790945614637408,0.000152416843718522,0.00186195909642012
"B3",18.3123088790317,0.000769030361009656,0.000146456744576706,0.00181894055311281
"B3",18.4052647616663,0.000747730595900242,0.000140729710703466,0.00177729702760722
"B3",18.498220644301,0.000727028789824055,0.000135200811148482,0.00173618780363839
"C",0,0.11864633495125,0.11442184575,0.1229656555
"C",0.0929558826346784,0.11864633495125,0.11442184575,0.1229656555
"C",0.185911765269357,0.11864633495125,0.11442184575,0.1229656555
"C",0.278867647904035,0.11864633495125,0.11442184575,0.1229656555
"C",0.371823530538714,0.11864633495125,0.11442184575,0.1229656555
"C",0.464779413173392,0.11864633495125,0.11442184575,0.1229656555
"C",0.557735295808071,0.11864633495125,0.11442184575,0.1229656555
"C",0.650691178442749,0.11864633495125,0.11442184575,0.1229656555
"C",0.743647061077427,0.11864633495125,0.11442184575,0.1229656555
"C",0.836602943712106,0.11864620186091,0.11442184575,0.1229656555
"C",0.929558826346784,0.118645872192469,0.11442184575,0.1229656555
"C",1.02251470898146,0.118645373665407,0.11442184575,0.1229656555
"C",1.11547059161614,0.118643017024438,0.11442184575,0.1229590875
"C",1.20842647425082,0.118636093301288,0.1144196905,0.122947064
"C",1.3013823568855,0.118620538497883,0.114314747,0.12293834975
"C",1.39433823952018,0.118587482430089,0.11421846625,0.1229255745
"C",1.48729412215485,0.118523865023873,0.114052015585201,0.12288738375
"C",1.58025000478953,0.118401507819176,0.113708505,0.122794186
"C",1.67320588742421,0.118179929569741,0.112688646328067,0.122659438
"C",1.76616177005889,0.117786241797504,0.111052473976758,0.12242525075
"C",1.85911765269357,0.117155909967551,0.109220095728684,0.12221211875
"C",1.95207353532825,0.116220463073074,0.107189774686456,0.12181494825
"C",2.04502941796293,0.1149226743229,0.105203180182098,0.12121934825
"C",2.1379853005976,0.113263457855798,0.103215654837903,0.120611109416212
"C",2.23094118323228,0.111314661116203,0.101192634299147,0.11985519325
"C",2.32389706586696,0.109187171753985,0.099301884927463,0.119018571627584
"C",2.41685294850164,0.106962025917065,0.0973168413682218,0.11825185675
"C",2.50980883113632,0.104666696218305,0.095217256494558,0.11722819825
"C",2.602764713771,0.10233809548358,0.0932571793338323,0.115888889339102
"C",2.69572059640567,0.100001722723105,0.0913318007485806,0.113400294921516
"C",2.78867647904035,0.0976814109042894,0.0893157670425735,0.110227165687902
"C",2.88163236167503,0.09538994380614,0.0873532635434749,0.107131606793606
"C",2.97458824430971,0.093131781067306,0.0853740811858391,0.104224135700533
"C",3.06754412694439,0.0909142086235354,0.0833573827049056,0.101444342721257
"C",3.16050000957907,0.0887372480824949,0.0812536259463636,0.0986245739604305
"C",3.25345589221374,0.0866005524041703,0.0792560979386177,0.0959473761064965
"C",3.34641177484842,0.0845033269769543,0.0772332713126531,0.0933273061807152
"C",3.4393676574831,0.0824447938361442,0.0752204781725961,0.0909853489404172
"C",3.53232354011778,0.0804241912945925,0.0731986596371571,0.0885752735839016
"C",3.62527942275246,0.0784407735820319,0.0711139783219033,0.0862998717626975
"C",3.71823530538714,0.0764938104928613,0.0690521389478091,0.0841965363278084
"C",3.81119118802182,0.0745825870421789,0.0671524889937631,0.0822409513813171
"C",3.90414707065649,0.0727064031298622,0.0652422876069228,0.0803611330384069
"C",3.99710295329117,0.0708645732124915,0.0633097219884683,0.0785347082169319
"C",4.09005883592585,0.0690564259829258,0.0614231930889628,0.07678229953191
"C",4.18301471856053,0.0672813040573401,0.0595774008783936,0.075039802632576
"C",4.27597060119521,0.0655385636695424,0.0577212398142208,0.0732805463761884
"C",4.36892648382989,0.0638275743723879,0.0559518958537139,0.0716364606412051
"C",4.46188236646456,0.0621477187461201,0.0541720198907214,0.0700633235635963
"C",4.55483824909924,0.0604983921134644,0.0524843504837339,0.0684647421767818
"C",4.64779413173392,0.0588790022613125,0.0507939087541497,0.0669304044732785
"C",4.7407500143686,0.0572889691688337,0.0491616538874977,0.0653848230874815
"C",4.83370589700328,0.0557277247418575,0.0475369999519167,0.0638932127435481
"C",4.92666177963796,0.0541947125533735,0.0459385662718748,0.0624412797014861
"C",5.01961766227264,0.052689387590001,0.0443277940983701,0.0610540136060931
"C",5.11257354490731,0.0512112160042808,0.0427391629120376,0.0596172023415892
"C",5.20552942754199,0.0497596748726507,0.0412457727252437,0.0582463480070909
"C",5.29848531017667,0.0483342519589639,0.0397584694778219,0.0568689626183712
"C",5.39144119281135,0.0469344454834181,0.0383078475052391,0.0554844597300951
"C",5.48439707544603,0.0455597638967639,0.0369073294505639,0.0542139054330996
"C",5.57735295808071,0.0442097256596644,0.0355181304337498,0.0528585283857036
"C",5.67030884071538,0.0428838590270825,0.0341457117265559,0.0515472361088526
"C",5.76326472335006,0.0415817018375747,0.0327899577114818,0.0502616494729566
"C",5.85622060598474,0.0403028013073731,0.0315386032065929,0.0490144069704824
"C",5.94917648861942,0.0390467138291408,0.030286902404761,0.0477892529801032
"C",6.0421323712541,0.0378130047752892,0.0290704492604665,0.046608240118399
"C",6.13508825388878,0.0366012483057464,0.0278263327448438,0.0454116573876783
"C",6.22804413652345,0.0354110271800727,0.026640304037158,0.044243248439016
"C",6.32100001915813,0.0342419325738168,0.0254608826300764,0.0430783778909255
"C",6.41395590179281,0.0330935638990135,0.0243387884804198,0.041913817347876
"C",6.50691178442749,0.0319655286287237,0.0231973842622035,0.0407626493718429
"C",6.59986766706217,0.0308574421255199,0.0220850955994967,0.0396173708246317
"C",6.69282354969685,0.0297689274738248,0.0210458758438636,0.0385055134008627
"C",6.78577943233153,0.0286996153160107,0.0200029024406284,0.037374090874099
"C",6.8787353149662,0.0276491436921711,0.0190005878371869,0.0363291702721264
"C",6.97169119760088,0.0266171578834767,0.0180475672516081,0.0352850424575212
"C",7.06464708023556,0.0256033102590336,0.017028494633482,0.034245565580763
"C",7.15760296287024,0.0246072601261577,0.0160355792131151,0.033163603815097
"C",7.25055884550492,0.0236286735839876,0.0150930679241281,0.0321607477955017
"C",7.3435147281396,0.0226672233803567,0.0141919273274008,0.0312016265505855
"C",7.43647061077427,0.0217225887718469,0.0133231063034094,0.0301988003023211
"C",7.52942649340895,0.0207944553869513,0.0124056298189262,0.0292757574961689
"C",7.62238237604363,0.0198825150922706,0.0114730275613957,0.0283032675083364
"C",7.71533825867831,0.0189864658616749,0.010597128213762,0.0273811548030058
"C",7.80829414131299,0.0181060116483592,0.00978748028773274,0.0264451757428904
"C",7.90125002394767,0.0172408622597271,0.00899483448052307,0.0255945627722799
"C",7.99420590658234,0.0163907332350351,0.00815814832985364,0.0247242981690995
"C",8.08716178921702,0.0155553457257347,0.00737864140573996,0.023842110799163
"C",8.1801176718517,0.0147344263784487,0.00655410901526193,0.0229799150496731
"C",8.27307355448638,0.0139277072205204,0.00577392673176985,0.0221413673752597
"C",8.36602943712106,0.0131349255480778,0.00499286531924691,0.0212833884915505
"C",8.45898531975574,0.0123558238165516,0.00426259569270758,0.0204650321278759
"C",8.55194120239041,0.0115901495335934,0.00349862343839371,0.0196726082114529
"C",8.64489708502509,0.0108376551543362,0.00274252675313529,0.0189120643290499
"C",8.73785296765977,0.0100980979789453,0.0020445573627367,0.0181464876953756
"C",8.83080885029445,0.00937124005240468,0.00129888997765607,0.0174306689178096
"C",8.92376473292913,0.00865684806648935,0.000598384639938878,0.0167031958027065
"C",9.01672061556381,0.00795469326387243,-0.000152136678195073,0.0160185773190982
"C",9.10967649819849,0.0072645513443182,-0.000882285797308211,0.0152827278215803
"C",9.20263238083316,0.00658620237291339,-0.0015652220311018,0.0145848192882986
"C",9.29558826346784,0.00591943069029009,-0.00229913312692166,0.0139001545829887
"C",9.38854414610252,0.00526402482479461,-0.00303081955822234,0.0132770823019744
"C",9.4815000287372,0.00461977740655813,-0.00374690712407337,0.0126656742154906
"C",9.57445591137188,0.00398648508342543,-0.00440413908158472,0.0120463554319835
"C",9.66741179400656,0.00336394843869974,-0.0051280336392459,0.011477228047616
"C",9.76036767664123,0.00275197191066225,-0.00580885616377837,0.0108776813911846
"C",9.85332355927591,0.00215036371382594,-0.00643887135719458,0.0103255761388889
"C",9.94627944191059,0.00155893576188441,-0.00716925042876704,0.00979365513888334
"C",10.0392353245453,0.000977503592317478,-0.00781464251477051,0.00928776365045784
"C",10.1321912071799,0.000405886292615662,-0.00843422048222798,0.00874793537490122
"C",10.2251470898146,-0.000156093571912568,-0.00908781004619856,0.00823699234534091
"C",10.3181029724493,-0.000708610028786848,-0.0097847035174344,0.00776802577762851
"C",10.411058855084,-0.00125183376748902,-0.0103905072453851,0.00725741079886094
"C",10.5040147377187,-0.00178593220711937,-0.0110527527360778,0.00678467893880101
"C",10.5969706203533,-0.00231106956260809,-0.0116770346796299,0.00638232922563364
"C",10.689926502988,-0.0028274069095148,-0.0123614578759026,0.00594757949786838
"C",10.7828823856227,-0.00333510224744732,-0.0129747029411191,0.00553632224709523
"C",10.8758382682574,-0.00383431056213099,-0.0136502202705482,0.00513686280627453
"C",10.9687941508921,-0.00432518388615864,-0.014260417044373,0.00476231619422159
"C",11.0617500335267,-0.0048078713584507,-0.0148727619337295,0.00437760041111774
"C",11.1547059161614,-0.0052825192824542,-0.0155350986207602,0.00400984139334917
"C",11.2476617987961,-0.00574927118310897,-0.0161557043400589,0.00360562395705005
"C",11.3406176814308,-0.00620826786260827,-0.0168524657171429,0.00324654371254743
"C",11.4335735640654,-0.00665964745498085,-0.0174629435581906,0.00289626170156145
"C",11.5265294467001,-0.0071035454795206,-0.0180478606637462,0.00253778329129089
"C",11.6194853293348,-0.00754009489308933,-0.0187241886800763,0.00219857391081131
"C",11.7124412119695,-0.00796942614131764,-0.0193038544615,0.0018917384091043
"C",11.8053970946042,-0.00839166720872851,-0.0198983023943865,0.00155638931981543
"C",11.8983529772388,-0.00880694366780708,-0.020515145351131,0.00120539778057568
"C",11.9913088598735,-0.00921537872704026,-0.0210894092034448,0.000914913681092372
"C",12.0842647425082,-0.00961709327794868,-0.0216933585733177,0.000621424484113377
"C",12.1772206251429,-0.0100122059411332,-0.0222621726689435,0.000335397823802757
"C",12.2701765077776,-0.0104008331113582,-0.0228229449414207,8.20121524963569e-05
"C",12.3631323904122,-0.0107830890016913,-0.0233827217694495,-0.000119372061531925
"C",12.4560882730469,-0.0111590856867229,-0.0238745692389713,-0.000347451461129412
"C",12.5490441556816,-0.011528933144883,-0.024443073291512,-0.000557175646557462
"C",12.6420000383163,-0.0118927392998763,-0.0250038841742935,-0.000764424295182617
"C",12.7349559209509,-0.0122506100612559,-0.0254952885679469,-0.000953995715998199
"C",12.8279118035856,-0.0126026493641518,-0.0260334055518361,-0.00118899359007055
"C",12.9208676862203,-0.0129489592081757,-0.0266401620081975,-0.00141146327464693
"C",13.013823568855,-0.0132896396955181,-0.0271631358583529,-0.00162178089077994
"C",13.1067794514897,-0.0136247890682554,-0.0277812288943807,-0.00181818735564822
"C",13.1997353341243,-0.0139545037448852,-0.0283151735967844,-0.00203001582467088
"C",13.292691216759,-0.0142788783561061,-0.0288340721456583,-0.0022394607160845
"C",13.3856470993937,-0.0145980057798579,-0.0293754793657774,-0.00247270336315173
"C",13.4786029820284,-0.0149119771756389,-0.0299661237801076,-0.00265022403096894
"C",13.5715588646631,-0.0152208820181163,-0.0305157362127952,-0.00284244899030118
"C",13.6645147472977,-0.0155248081300432,-0.0310259003616077,-0.00302942423553743
"C",13.7574706299324,-0.0158238417145,-0.0315642166150984,-0.00321029286860786
"C",13.8504265125671,-0.0161180673864722,-0.032042396135785,-0.00335807712668356
"C",13.9433823952018,-0.0164075682037807,-0.032553214657766,-0.00352579319980652
"C",14.0363382778364,-0.016692425697377,-0.0330660967233916,-0.00368804808600065
"C",14.1292941604711,-0.0169727199010189,-0.0335452832649447,-0.00380974212808674
"C",14.2222500431058,-0.0172485293803383,-0.0340926317976357,-0.003973947652324
"C",14.3152059257405,-0.0175199312613148,-0.0346043153953522,-0.0041178302392622
"C",14.4081618083752,-0.0177870012581685,-0.0350644740830601,-0.00429455132516026
"C",14.5011176910098,-0.0180498137006831,-0.035528707807991,-0.00439614317374157
"C",14.5940735736445,-0.0183084415609727,-0.0360043914580778,-0.00453098260881091
"C",14.6870294562792,-0.0185629564797038,-0.0364724484873925,-0.00462955629599625
"C",14.7799853389139,-0.0188134287917838,-0.0369946965134502,-0.00473779353992547
"C",14.8729412215485,-0.0190599275515279,-0.0375569938779643,-0.00482013594322962
"C",14.9658971041832,-0.0193025205573151,-0.038040367699842,-0.00491656468767568
"C",15.0588529868179,-0.0195412743757451,-0.0385198656632139,-0.00503561661578831
"C",15.1518088694526,-0.019776254365305,-0.0390269254546323,-0.00513394592156933
"C",15.2447647520873,-0.0200075246995577,-0.0394881212956526,-0.00523545179154893
"C",15.3377206347219,-0.0202351483898625,-0.0399459764714738,-0.00531999498120501
"C",15.4306765173566,-0.0204591873076355,-0.0404347254529929,-0.00539809620209525
"C",15.5236323999913,-0.0206797022061622,-0.0409568868615299,-0.00551705469510786
"C",15.616588282626,-0.0208967527419708,-0.0413889638107087,-0.00563371848920314
"C",15.7095441652607,-0.021110397495774,-0.0418511883959837,-0.00572172064652689
"C",15.8025000478953,-0.0213206939929918,-0.0423316058924653,-0.0058183502926764
"C",15.89545593053,-0.0215276987238602,-0.0427896227785846,-0.0058890358298685
"C",15.9884118131647,-0.0217314671631378,-0.0432665371644655,-0.00595691447192255
"C",16.0813676957994,-0.0219320537894166,-0.0436464054485623,-0.0060192925092582
"C",16.174323578434,-0.0221295121040468,-0.0440587737610426,-0.00609957890128804
"C",16.2672794610687,-0.0223238946496826,-0.0445318437052256,-0.00616622209317829
"C",16.3602353437034,-0.0225152530284575,-0.0448611499982002,-0.00623089791181213
"C",16.4531912263381,-0.0227036379197968,-0.0453163863248908,-0.00629450374361888
"C",16.5461471089728,-0.0228890990978753,-0.0457251144172024,-0.00635614136215805
"C",16.6391029916074,-0.0230716854487265,-0.0461458833433914,-0.00643862131303338
"C",16.7320588742421,-0.0232514449870122,-0.0465558600930449,-0.00649918569347851
"C",16.8250147568768,-0.0234284248724574,-0.0469501581787726,-0.00658869637900773
"C",16.9179706395115,-0.0236026714259605,-0.0473896258541622,-0.00667853375447761
"C",17.0109265221462,-0.0237742301453823,-0.0478257165337149,-0.00673053916700869
"C",17.1038824047808,-0.0239431457210231,-0.0480972297843695,-0.00678368775193373
"C",17.1968382874155,-0.0241094620507927,-0.0484687501543954,-0.00684753807694761
"C",17.2897941700502,-0.0242732222550807,-0.0489151693004381,-0.00691009026938724
"C",17.3827500526849,-0.0244344686913327,-0.049293538032051,-0.00697158713373445
"C",17.4757059353195,-0.0245932429683388,-0.0496109750994296,-0.00703167008359468
"C",17.5686618179542,-0.0247495859602409,-0.050002589359217,-0.00708969173631245
"C",17.6616177005889,-0.0249035378202624,-0.0503991162634133,-0.00714731489745093
"C",17.7545735832236,-0.0250551379941699,-0.050806151424557,-0.00721289309256453
"C",17.8475294658583,-0.0252044252334683,-0.0511209003115726,-0.00725784162191191
"C",17.9404853484929,-0.0253514376083378,-0.0515025866670407,-0.00731085846035988
"C",18.0334412311276,-0.0254962125203162,-0.0518889586736289,-0.00736305750712131
"C",18.1263971137623,-0.0256387867147339,-0.0521928939072157,-0.00741413049473129
"C",18.219352996397,-0.0257791962929036,-0.0525800338277117,-0.00745936636973298
"C",18.3123088790317,-0.025917476724073,-0.0529415079498525,-0.00750764532696898
"C",18.4052647616663,-0.0260536628571429,-0.0532073395444323,-0.00755975167833541
"C",18.498220644301,-0.0261877889321572,-0.053538624333597,-0.00760653875338466
"D",0,0.118601844565,0.11446563575,0.12289282475
"D",0.0929558826346784,0.118601844565,0.11446563575,0.12289282475
"D",0.185911765269357,0.118601844565,0.11446563575,0.12289282475
"D",0.278867647904035,0.118601844565,0.11446563575,0.12289282475
"D",0.371823530538714,0.118601844565,0.11446563575,0.12289282475
"D",0.464779413173392,0.118601844565,0.11446563575,0.12289282475
"D",0.557735295808071,0.118601844565,0.11446563575,0.12289282475
"D",0.650691178442749,0.118601844565,0.11446563575,0.12289282475
"D",0.743647061077427,0.118601844565,0.11446563575,0.12289282475
"D",0.836602943712106,0.118601755675235,0.11446563575,0.12289282475
"D",0.929558826346784,0.118601105805078,0.11446563575,0.12289248525
"D",1.02251470898146,0.118599749690758,0.11446563575,0.12288025425
"D",1.11547059161614,0.118596390242767,0.114463806,0.12288025425
"D",1.20842647425082,0.118588413226844,0.1144522255,0.1228746785
"D",1.3013823568855,0.118569891267732,0.11441781225,0.12286397225
"D",1.39433823952018,0.118527044151841,0.11434951675,0.12279151375
"D",1.48729412215485,0.118435148546963,0.114099130056717,0.1227249645
"D",1.58025000478953,0.118263985058599,0.113588101688813,0.12266698825
"D",1.67320588742421,0.117966031367417,0.112645478753345,0.1224201595
"D",1.76616177005889,0.117500009024563,0.110953228645935,0.122208397
"D",1.85911765269357,0.116819872173185,0.109086636045437,0.121954652627831
"D",1.95207353532825,0.115864773797079,0.107271591778946,0.12165259075
"D",2.04502941796293,0.114594260121037,0.105400979200337,0.12114448925
"D",2.1379853005976,0.113025614563319,0.103535464178368,0.120466495215785
"D",2.23094118323228,0.11121458927062,0.101636762207804,0.1198108535
"D",2.32389706586696,0.109250428656952,0.099724660070787,0.119258576
"D",2.41685294850164,0.107187626169826,0.0977995406753711,0.11888651375
"D",2.50980883113632,0.105050735963977,0.0959107244904058,0.11841079675
"D",2.602764713771,0.102864417061733,0.0938563509138104,0.117750226
"D",2.69572059640567,0.100641883088827,0.0919220169408093,0.116504342444605
"D",2.78867647904035,0.0983950785158493,0.0899229652161588,0.113866736507314
"D",2.88163236167503,0.0961437110030921,0.0878462276170505,0.110149947695432
"D",2.97458824430971,0.0939075602769284,0.0856321990082283,0.106411826520117
"D",3.06754412694439,0.0916988505026351,0.0834583510134744,0.102953410479372
"D",3.16050000957907,0.0895253373709384,0.0813847447042269,0.0996995272115975
"D",3.25345589221374,0.0873879681121513,0.0792879831004998,0.0968439950666563
"D",3.34641177484842,0.0852892965000132,0.0771033804690469,0.0940884986895722
"D",3.4393676574831,0.0832292672927675,0.0750330481262711,0.0915064013812865
"D",3.53232354011778,0.0812068281429546,0.0729739364476143,0.0892051405929351
"D",3.62527942275246,0.0792209697715486,0.0708484313801802,0.0871218451412599
"D",3.71823530538714,0.0772707231852217,0.0686934506228061,0.0850928414761345
"D",3.81119118802182,0.0753551571665925,0.066587473845829,0.0832434788550503
"D",3.90414707065649,0.0734733760026133,0.0645819385214484,0.0813234176369176
"D",3.99710295329117,0.0716245174212963,0.0624662134883946,0.0795061685952573
"D",4.09005883592585,0.0698077507112485,0.0604399316160267,0.0777425804307943
"D",4.18301471856053,0.0680222750021119,0.0585281126180832,0.0760438697210174
"D",4.27597060119521,0.0662673176870768,0.0566344765909729,0.0743180049739479
"D",4.36892648382989,0.0645421329712466,0.0547395066642955,0.0726468568224257
"D",4.46188236646456,0.062846000531854,0.0528157509260088,0.0709669494501669
"D",4.55483824909924,0.0611782242782156,0.0510577923869172,0.0693866860815163
"D",4.64779413173392,0.0595381312009235,0.0493648325645822,0.0677843899787717
"D",4.7407500143686,0.0579250703011435,0.047688126369814,0.0662057726370664
"D",4.83370589700328,0.0563384115920669,0.0461187971480031,0.0646654749576112
"D",4.92666177963796,0.0547775451655622,0.0445486670501064,0.0631096770567197
"D",5.01961766227264,0.0532418803179379,0.0430507370050959,0.0615923905960149
"D",5.11257354490731,0.0517308447294623,0.0415922514125044,0.0601374447246687
"D",5.20552942754199,0.0502438836929251,0.0402055294903976,0.0585997383644243
"D",5.29848531017667,0.04878045938707,0.0389383991882593,0.0571189175839871
"D",5.39144119281135,0.047340050191201,0.0375954457418179,0.055663666426927
"D",5.48439707544603,0.0459221500376743,0.0362742862925634,0.0542412173734277
"D",5.57735295808071,0.0445262677993407,0.0349352447929625,0.0528021313213497
"D",5.67030884071538,0.043151926709314,0.0336677595355568,0.0514205570473424
"D",5.76326472335006,0.0417986638107051,0.0325069848576961,0.0500376842706661
"D",5.85622060598474,0.0404660294342005,0.0313246878099188,0.0487255297092229
"D",5.94917648861942,0.0391535867015661,0.0301126439028245,0.0473954096050243
"D",6.0421323712541,0.0378609110533377,0.028915112625372,0.0460890377298571
"D",6.13508825388878,0.0365875897991194,0.0277205740727648,0.0448260349305133
"D",6.22804413652345,0.0353332216890515,0.0265248328900245,0.0435426155056752
"D",6.32100001915813,0.0340974165051307,0.0253657807087064,0.0422535134476091
"D",6.41395590179281,0.0328797946711794,0.024272157065187,0.0410363225370452
"D",6.50691178442749,0.0316799868803574,0.0231287537566114,0.0399269354399042
"D",6.59986766706217,0.0304976337391955,0.0218925773604698,0.0387808263651134
"D",6.69282354969685,0.0293323854272122,0.0207724079157452,0.0376272264939534
"D",6.78577943233153,0.0281839013712423,0.0196122985031374,0.0365050385290164
"D",6.8787353149662,0.0270518499336727,0.0183746661268382,0.0354337109034213
"D",6.97169119760088,0.0259359081138357,0.0171585525713199,0.0344337329876574
"D",7.06464708023556,0.0248357612618632,0.0159692417812567,0.0335466033680423
"D",7.15760296287024,0.023751102804354,0.0148057124115531,0.0326310856647886
"D",7.25055884550492,0.0226816339812461,0.0135661224791471,0.0316350052373013
"D",7.3435147281396,0.0216270635933304,0.0123795820560079,0.0307629277064281
"D",7.43647061077427,0.0205871077598716,0.0111581316068939,0.0300078566363715
"D",7.52942649340895,0.0195614896858428,0.00990128027131755,0.02924406400978
"D",7.62238237604363,0.0185499394383041,0.00868827656926053,0.0284778369577213
"D",7.71533825867831,0.0175521937314881,0.00740385800706319,0.0279071854881684
"D",7.80829414131299,0.0165679957201782,0.00620092143549795,0.0272670971237356
"D",7.90125002394767,0.0155970948009918,0.00489381797030206,0.026644741972459
"D",7.99420590658234,0.0146392464212019,0.00363148233813625,0.0260445302883043
"D",8.08716178921702,0.0136942118947497,0.00236619088626645,0.025485865335146
"D",8.1801176718517,0.0127617582251233,0.00113189582645871,0.0249532522469047
"D",8.27307355448638,0.0118416579347926,-0.000127820284388464,0.0245322056205061
"D",8.36602943712106,0.0109336889009079,-0.00132449865647756,0.0240519489588671
"D",8.45898531975574,0.0100376341969867,-0.00257849044020297,0.0236233708429178
"D",8.55194120239041,0.00915328194032602,-0.00379471511433511,0.023186658957589
"D",8.64489708502509,0.00828042514489184,-0.00497001563816435,0.0227921478548637
"D",8.73785296765977,0.0074188615794503,-0.00621576419383008,0.022408521591383
"D",8.83080885029445,0.00656839363071711,-0.00750545788437744,0.0220374367419741
"D",8.92376473292913,0.00572882817131285,-0.00874870131052365,0.0216511010616371
"D",9.01672061556381,0.00489997643232232,-0.00988304921579365,0.0213277810798124
"D",9.10967649819849,0.0040816538802666,-0.0111505320841938,0.0210399118883275
"D",9.20263238083316,0.00327368009830516,-0.0124406129776646,0.0207625520437248
"D",9.29558826346784,0.00247587867149469,-0.013686723159625,0.0204952677211807
"D",9.38854414610252,0.00168807707593964,-0.0149631597799111,0.0202411864785757
"D",9.4815000287372,0.000910106571677084,-0.0161274869158166,0.0201098025849218
"D",9.57445591137188,0.000141802099146101,-0.0173557921978763,0.0198711402547075
"D",9.66741179400656,-0.000616997820900861,-0.0186350689868747,0.0196706587093696
"D",9.76036767664123,-0.00136645118418102,-0.0198874970824383,0.0194903919755822
"D",9.85332355927591,-0.00210671259648835,-0.0210756405228337,0.0192594829252245
"D",9.94627944191059,-0.00283793336424869,-0.0222857555234975,0.0190648202930729
"D",10.0392353245453,-0.00356026158214099,-0.0234542970314517,0.0188488095780037
"D",10.1321912071799,-0.00427384221789774,-0.0246401515101257,0.0186386950434543
"D",10.2251470898146,-0.00497881719439229,-0.0258277420274984,0.018439078195916
"D",10.3181029724493,-0.00567532546911607,-0.0269349902574261,0.0182395731048124
"D",10.411058855084,-0.00636350311114431,-0.0281449508967248,0.0180684993482525
"D",10.5040147377187,-0.00704348337568425,-0.0293070369458523,0.0178811382792247
"D",10.5969706203533,-0.00771539677629593,-0.0305376919502262,0.0177054486618422
"D",10.689926502988,-0.00837937115487176,-0.0316913129059134,0.0175511874031522
"D",10.7828823856227,-0.00903553174945716,-0.0329119840815421,0.0174127753017122
"D",10.8758382682574,-0.00968400125999125,-0.0341396382143691,0.0173299252768182
"D",10.9687941508921,-0.0103248999120432,-0.0353230866934281,0.0172118540323004
"D",11.0617500335267,-0.0109583455186162,-0.0365166342294436,0.0171061572405913
"D",11.1547059161614,-0.0115844535400892,-0.0376641081872505,0.017025305108016
"D",11.2476617987961,-0.012203337142362,-0.0388696526980621,0.0168695014706318
"D",11.3406176814308,-0.0128151072532673,-0.0399872709216233,0.0167557957920744
"D",11.4335735640654,-0.013419872617312,-0.0411093637677864,0.016643456110684
"D",11.5265294467001,-0.014017739848805,-0.0422780721986182,0.0165575619154651
"D",11.6194853293348,-0.0146088134834277,-0.0434984533753143,0.016449288608593
"D",11.7124412119695,-0.0151931960283024,-0.0446168449893685,0.0163175086645747
"D",11.8053970946042,-0.0157709880106087,-0.045779511741277,0.0162143541118169
"D",11.8983529772388,-0.0163422880247987,-0.0468970178183703,0.0160828862649413
"D",11.9913088598735,-0.0169071927784583,-0.0479993953322963,0.0160315323902045
"D",12.0842647425082,-0.01746579713686,-0.0490565654758235,0.0159914566098669
"D",12.1772206251429,-0.0180181941662522,-0.0500935167174504,0.0159224619539967
"D",12.2701765077776,-0.0185644751759264,-0.0511699213155151,0.0158831352675452
"D",12.3631323904122,-0.0191047297591034,-0.0522132455281008,0.0158413146639377
"D",12.4560882730469,-0.019639045832677,-0.0532096964413604,0.0157754100964852
"D",12.5490441556816,-0.0201675096758539,-0.0542186284167032,0.015685433722091
"D",12.6420000383163,-0.020690205967725,-0.0553019329328763,0.0156381890066503
"D",12.7349559209509,-0.0212072178238029,-0.0563740964926422,0.0156071137570629
"D",12.8279118035856,-0.0217186268315596,-0.0574202004037895,0.0155382576822205
"D",12.9208676862203,-0.0222245130849962,-0.0585006213698631,0.015485154945078
"D",13.013823568855,-0.0227249552182761,-0.0596115893346555,0.015471712034516
"D",13.1067794514897,-0.0232200304384503,-0.0606930406011627,0.0154605403363038
"D",13.1997353341243,-0.0237098145573055,-0.0618264186733098,0.0154378970498738
"D",13.292691216759,-0.0241943820223606,-0.0628578376980074,0.0153854926626768
"D",13.3856470993937,-0.0246738059470407,-0.0639053399897888,0.0153348088269111
"D",13.4786029820284,-0.0251481581400511,-0.0649832686402956,0.0152859771102656
"D",13.5715588646631,-0.0256175091339797,-0.0660256340557782,0.0152360530140271
"D",13.6645147472977,-0.0260819282131488,-0.0670669735013511,0.0151940429015983
"D",13.7574706299324,-0.0265414834407408,-0.0681114047486047,0.0151715013673416
"D",13.8504265125671,-0.02699624168522,-0.0691488096459213,0.0151095564014661
"D",13.9433823952018,-0.027446268646071,-0.0701737474460359,0.0150689264628849
"D",14.0363382778364,-0.0278916288788756,-0.0711642163815146,0.0150291246219004
"D",14.1292941604711,-0.028332385819747,-0.0721881920388471,0.0149918443312336
"D",14.2222500431058,-0.0287686018091421,-0.0731919577608657,0.0149564026509781
"D",14.3152059257405,-0.0292003381150682,-0.0742209056551999,0.0149222520657783
"D",14.4081618083752,-0.0296276549557044,-0.0752210006799548,0.014889345488873
"D",14.5011176910098,-0.0300506115214538,-0.0762204376252509,0.0148690881051115
"D",14.5940735736445,-0.0304692659964432,-0.0772201110043065,0.0148590097709153
"D",14.6870294562792,-0.0308836755794869,-0.0781971236659574,0.0148494224044724
"D",14.7799853389139,-0.0312938965045302,-0.0792397145043984,0.0148403020819424
"D",14.8729412215485,-0.0316999840605876,-0.0802670884701894,0.0148316260455962
"D",14.9658971041832,-0.0321019926111897,-0.0812933630454114,0.0148233726469567
"D",15.0588529868179,-0.0324999756133546,-0.0823092064891336,0.0148155212927132
"D",15.1518088694526,-0.032893985636095,-0.0832632260704986,0.014808052393274
"D",15.2447647520873,-0.0332840743784768,-0.0842582590139431,0.0148009473138288
"D",15.3377206347219,-0.0336702926872398,-0.085260689380156,0.014794188327797
"D",15.4306765173566,-0.0340526905739944,-0.086200067435934,0.0147874832570069
"D",15.5236323999913,-0.0344313172320046,-0.0871857355187843,0.0147802107032102
"D",15.616588282626,-0.0348062210525711,-0.0882604087251907,0.0147732668643348
"D",15.7095441652607,-0.0351774496410236,-0.0892635361457361,0.0147666364556831
"D",15.8025000478953,-0.0355450498323341,-0.0902235011642715,0.0147603049161812
"D",15.89545593053,-0.0359090677063615,-0.09112650640614,0.0147247914177069
"D",15.9884118131647,-0.0362695486027378,-0.0920905395231234,0.0146835353143254
"D",16.0813676957994,-0.0366265371354056,-0.0930097612488861,0.0146434410511843
"D",16.174323578434,-0.0369800772068164,-0.0939615893498933,0.0146411916450268
"D",16.2672794610687,-0.0373302120217986,-0.094810898266017,0.0146389706675494
"D",16.3602353437034,-0.0376769841011048,-0.0957352980549116,0.0146367371194593
"D",16.4531912263381,-0.0380204352946469,-0.0966652261361207,0.0146346092070566
"D",16.5461471089728,-0.0383606067944266,-0.0975898774022074,0.0146318789447207
"D",16.6391029916074,-0.0386975391471705,-0.0984722533835927,0.0146060430048953
"D",16.7320588742421,-0.0390312722666769,-0.0993716966252605,0.0145809826143118
"D",16.8250147568768,-0.0393618454458823,-0.10030288182837,0.0145566744709837
"D",16.9179706395115,-0.0396892973686555,-0.101161521733477,0.0145330959742381
"D",17.0109265221462,-0.0400136661213245,-0.102136323163006,0.0145102252035425
"D",17.1038824047808,-0.0403349892039463,-0.10301254034549,0.0144880408979747
"D",17.1968382874155,-0.0406533035413232,-0.103913035355694,0.0144807766383704
"D",17.2897941700502,-0.0409686454937745,-0.104829155273419,0.0144803018917731
"D",17.3827500526849,-0.0412810508676685,-0.105731114733065,0.0144795295870463
"D",17.4757059353195,-0.0415905549257218,-0.106615655654133,0.0144787936940819
"D",17.5686618179542,-0.0418971923970714,-0.107495251610344,0.0144780923654357
"D",17.6616177005889,-0.0422009974871259,-0.108304209173373,0.0144774238528533
"D",17.7545735832236,-0.0425020038872002,-0.109203853732735,0.014476786501733
"D",17.8475294658583,-0.042800244783942,-0.110122858699672,0.0144761787459058
"D",17.9404853484929,-0.043095752868551,-0.110982373884398,0.0144755991027134
"D",18.0334412311276,-0.0433885603458008,-0.111855669891722,0.0144750461683678
"D",18.1263971137623,-0.0436786989428649,-0.112824192902029,0.0144745186135753
"D",18.219352996397,-0.0439661999179532,-0.113715010148665,0.0144740151794103
"D",18.3123088790317,-0.0442510940687634,-0.114581194726226,0.0144735346734237
"D",18.4052647616663,-0.0445334117407528,-0.115401083768429,0.0144730759659729
"D",18.498220644301,-0.0448131828352328,-0.116199502132145,0.0144698406099629
